当前秒,当前帧,抬头,用户名,score,状态
00:19:41.60,29540,落云宗太上长老,雁过也,0.734,low_conf
00:19:41.60,29540,落云宗太上长老,大武当无力叶,0.7,low_conf
00:19:41.60,29540,落云宗太上长老,居居,0.657,low_conf
00:19:41.60,29540,落云宗太上长老,腻腻菲,0.739,low_conf
00:19:41.60,29540,落云宗太上长老,夜月魂磅,0.651,low_conf
00:19:41.60,29540,落云宗太上长老,二沉眠,0.674,low_conf
00:19:41.60,29540,落云宗太上长老,Iris | 小寒,0.713,low_conf
00:19:41.60,29540,落云宗太上长老,xTi安,0.701,low_conf
00:19:41.60,29540,落云宗太上长老,但丁地狱,0.663,low_conf
00:19:41.60,29540,落云宗太上长老,E,0.147,pending
00:19:41.60,29540,落云宗太上长老,汪明泽,0.745,low_conf
00:19:41.60,29540,落云宗太上长老,二春冬,0.678,low_conf
00:19:41.60,29540,落云宗太上长老,看尖,0.458,pending
00:19:41.60,29540,落云宗太上长老,鹏鹏_77,0.742,low_conf
00:19:41.60,29540,落云宗太上长老,—塊-,0.39,pending
00:19:41.60,29540,落云宗太上长老,刀哒哒,0.642,low_conf
00:19:41.60,29540,落云宗太上长老,可恶,0.659,low_conf
00:19:41.60,29540,落云宗太上长老,缥缈濠龍,0.614,low_conf
00:19:41.60,29540,落云宗太上长老,二慢就是快,0.721,low_conf
00:19:41.60,29540,落云宗太上长老,口金,0.407,pending
00:19:41.60,29540,落云宗太上长老,破孔龍,0.566,pending
00:19:41.60,29540,落云宗太上长老,胤英,0.666,low_conf
00:19:41.60,29540,落云宗太上长老,電波卡酱,0.738,low_conf
00:19:41.60,29540,落云宗太上长老,快点,0.666,low_conf
00:19:41.60,29540,落云宗太上长老,元元熠,0.591,pending
00:19:41.60,29540,落云宗太上长老,我小弟硬椰椰,0.727,low_conf
00:19:41.60,29540,落云宗太上长老,影沉OvO,0.703,low_conf
00:19:41.60,29540,落云宗太上长老,JJjJinGuo,0.716,low_conf
00:19:41.60,29540,落云宗太上长老,快乐,0.588,pending
00:19:41.60,29540,落云宗太上长老,奇小猜,0.538,pending
00:19:41.60,29540,落云宗太上长老,罐,0.075,pending
00:19:41.60,29540,落云宗太上长老,影寞天启,0.626,low_conf
00:19:41.60,29540,落云宗太上长老,东焱子,0.63,low_conf
00:19:41.60,29540,落云宗太上长老,辣辣,0.666,low_conf
00:19:41.60,29540,落云宗太上长老,384喉,0.708,low_conf
00:19:41.60,29540,落云宗太上长老,kel899,0.732,low_conf
00:19:41.60,29540,落云宗太上长老,冬馬和紗ka,0.624,low_conf
00:19:41.60,29540,落云宗太上长老,啦啦,0.658,low_conf
00:19:41.60,29540,落云宗太上长老,瑜哥哥啊,0.745,low_conf
00:19:41.60,29540,落云宗太上长老,4,0.116,pending
00:19:41.60,29540,落云宗太上长老,冬日里一条会,0.687,low_conf
00:19:41.60,29540,落云宗太上长老,雷霆,0.36,pending
00:19:41.60,29540,落云宗太上长老,契凰,0.547,pending
00:19:41.60,29540,落云宗太上长老,芜湖仙人堂知,0.677,low_conf
00:19:41.60,29540,落云宗太上长老,独孤孤独嘟,0.746,low_conf
00:19:41.60,29540,落云宗太上长老,恩到,0.168,pending
00:19:41.60,29540,落云宗太上长老,手杯酒千秋醉,0.66,low_conf
00:19:41.60,29540,落云宗太上长老,五十个天策,0.715,low_conf
00:19:41.60,29540,落云宗太上长老,酱潇张,0.336,pending
00:19:41.60,29540,落云宗太上长老,kliace,0.739,low_conf
00:19:41.60,29540,落云宗太上长老,阿涂昂,0.639,low_conf
00:19:41.60,29540,落云宗太上长老,独自寒冷的在,0.701,low_conf
00:19:41.60,29540,落云宗太上长老,林克,0.642,low_conf
00:19:41.60,29540,落云宗太上长老,干煌、,0.465,pending
00:19:41.60,29540,落云宗太上长老,Amaha,0.712,low_conf
00:19:41.60,29540,落云宗太上长老,三狗家的生是,0.533,pending
00:19:41.60,29540,落云宗太上长老,冷然,0.208,pending
00:19:41.60,29540,落云宗太上长老,勿忘黎明,0.617,low_conf
00:19:41.60,29540,落云宗太上长老,会若荒的站,0.511,pending
00:19:41.60,29540,落云宗太上长老,阿瞬不灰-,0.557,pending
00:19:41.60,29540,落云宗太上长老,三谷,0.401,pending
00:19:41.60,29540,落云宗太上长老,零度,0.584,pending
00:19:41.60,29540,落云宗太上长老,理家能猫,0.493,pending
00:19:41.60,29540,落云宗太上长老,悟静杀明,0.529,pending
00:19:41.60,29540,落云宗太上长老,会影御风烟,0.617,low_conf
00:19:41.60,29540,落云宗太上长老,龙,0.479,pending
00:19:41.60,29540,落云宗太上长老,秋光萧瑟天衰凉,0.67,low_conf
00:19:41.60,29540,落云宗太上长老,侠魔醉洛,0.61,low_conf
00:19:41.60,29540,落云宗太上长老,在乡下種细,0.413,pending
00:19:45.28,29632,落云宗太上长老,kxkizzy,0.719,low_conf
00:19:45.28,29632,落云宗太上长老,哎哟七柒,0.691,low_conf
00:19:45.28,29632,落云宗太上长老,枫狂默,0.749,low_conf
00:19:45.28,29632,落云宗太上长老,撸铁,0.666,low_conf
00:19:45.28,29632,落云宗太上长老,鹿荷,0.666,low_conf
00:19:45.28,29632,落云宗太上长老,闲书虫,0.699,low_conf
00:19:45.28,29632,落云宗太上长老,绿猪,0.666,low_conf
00:19:45.28,29632,落云宗太上长老,鬼,0.354,pending
00:19:45.28,29632,落云宗太上长老,俺是小乞巧,0.709,low_conf
00:19:45.28,29632,落云宗太上长老,-绿猪,0.747,low_conf
00:19:45.28,29632,落云宗太上长老,日八本,0.744,low_conf
00:19:45.28,29632,落云宗太上长老,落不,0.532,pending
00:19:45.28,29632,落云宗太上长老,落魄,0.65,low_conf
00:19:45.28,29632,落云宗太上长老,「乱步「,0.586,pending
00:19:45.28,29632,落云宗太上长老,落云,0.653,low_conf
00:19:45.28,29632,落云宗太上长老,麻辣,0.666,low_conf
00:19:45.28,29632,落云宗太上长老,真拉几Ov,0.745,low_conf
00:19:45.28,29632,落云宗太上长老,杰骑士、,0.621,low_conf
00:19:45.28,29632,落云宗太上长老,海中琴烟,0.715,low_conf
00:19:45.28,29632,落云宗太上长老,蛮狂,0.629,low_conf
00:19:45.28,29632,落云宗太上长老,“壹當仟,0.661,low_conf
00:19:45.28,29632,落云宗太上长老,慢慢,0.666,low_conf
00:19:45.28,29632,落云宗太上长老,小小黑木儿,0.727,low_conf
00:19:45.28,29632,落云宗太上长老,okfep,0.714,low_conf
00:19:45.28,29632,落云宗太上长老,梦蝶,0.664,low_conf
00:19:45.28,29632,落云宗太上长老,哺喃喃,0.615,low_conf
00:19:45.28,29632,落云宗太上长老,喵喵,0.663,low_conf
00:19:45.28,29632,落云宗太上长老,喵呜,0.542,pending
00:19:45.28,29632,落云宗太上长老,季忆红树林,0.743,low_conf
00:19:45.28,29632,落云宗太上长老,明又,0.621,low_conf
00:19:45.28,29632,落云宗太上长老,FD、坑参,0.679,low_conf
00:19:45.28,29632,落云宗太上长老,菜就多！,0.741,low_conf
00:19:45.28,29632,落云宗太上长老,迦尴0,0.565,pending
00:19:45.28,29632,落云宗太上长老,冥鸣,0.423,pending
00:19:45.28,29632,落云宗太上长老,蓉牧云,0.528,pending
00:19:45.28,29632,落云宗太上长老,陌宵！,0.646,low_conf
00:19:45.28,29632,落云宗太上长老,谈花,0.557,pending
00:19:45.28,29632,落云宗太上长老,旋生,0.659,low_conf
00:19:45.28,29632,落云宗太上长老,剑心磅痕,0.642,low_conf
00:19:45.28,29632,落云宗太上长老,墨雪,0.613,low_conf
00:19:45.28,29632,落云宗太上长老,自青川,0.737,low_conf
00:19:45.28,29632,落云宗太上长老,母惠,0.545,pending
00:19:45.28,29632,落云宗太上长老,盐酱醋茶,0.742,low_conf
00:19:45.28,29632,落云宗太上长老,字书青,0.554,pending
00:19:45.28,29632,落云宗太上长老,脚滑的小子,0.677,low_conf
00:19:45.28,29632,落云宗太上长老,未兰,0.546,pending
00:19:45.28,29632,落云宗太上长老,阳光快樂大男孩,0.717,low_conf
00:19:45.28,29632,落云宗太上长老,尘人喧器,0.725,low_conf
00:19:45.28,29632,落云宗太上长老,杰小抽,0.748,low_conf
00:19:45.28,29632,落云宗太上长老,木纸,0.587,pending
00:19:45.28,29632,落云宗太上长老,瑶在雨中,0.735,low_conf
00:19:45.28,29632,落云宗太上长老,沐月,0.484,pending
00:19:45.28,29632,落云宗太上长老,金栗落,0.722,low_conf
00:19:45.28,29632,落云宗太上长老,慕世,0.653,low_conf
00:19:45.28,29632,落云宗太上长老,天天a啵,0.624,low_conf
00:19:45.28,29632,落云宗太上长老,次莞与三,0.604,low_conf
00:19:45.28,29632,落云宗太上长老,敬希居士,0.559,pending
00:19:45.28,29632,落云宗太上长老,套夜,0.398,pending
00:19:45.28,29632,落云宗太上长老,靓存阿柒,0.647,low_conf
00:19:45.28,29632,落云宗太上长老,南宫,0.6,low_conf
00:19:45.28,29632,落云宗太上长老,听唔清你讲也,0.745,low_conf
00:19:45.28,29632,落云宗太上长老,叶子ames,0.714,low_conf
00:19:45.28,29632,落云宗太上长老,镜k3N9,0.747,low_conf
00:19:45.28,29632,落云宗太上长老,你可,0.628,low_conf
00:19:45.28,29632,落云宗太上长老,九二大魔王,0.658,low_conf
00:19:45.28,29632,落云宗太上长老,拟自,0.594,pending
00:19:45.28,29632,落云宗太上长老,晚之茶,0.581,pending
00:19:45.28,29632,落云宗太上长老,夜色涛漆,0.542,pending
00:19:45.28,29632,落云宗太上长老,晚之乐,0.424,pending
00:19:48.96,29724,青竹小轩股车,伯言,0.585,pending
00:19:48.96,29724,青竹小轩股车,Jelf ,0.645,low_conf
00:19:48.96,29724,青竹小轩股车,侬批,0.598,pending
00:19:48.96,29724,青竹小轩股车,JOJO,0.727,low_conf
00:19:48.96,29724,青竹小轩股车,凡人永不凡,0.725,low_conf
00:19:48.96,29724,青竹小轩股车,搬搬群友,0.61,low_conf
00:19:48.96,29724,青竹小轩股车,浓情寡言,0.722,low_conf
00:19:48.96,29724,青竹小轩股车,jgcex,0.739,low_conf
00:19:48.96,29724,青竹小轩股车,决不恋,0.716,low_conf
00:19:48.96,29724,青竹小轩股车,繁星未员,0.694,low_conf
00:19:48.96,29724,青竹小轩股车,诀夏,0.571,pending
00:19:48.96,29724,青竹小轩股车,童话潼灭,0.602,low_conf
00:19:48.96,29724,青竹小轩股车,啊a哲,0.667,low_conf
00:19:48.96,29724,青竹小轩股车,饭面表里,0.631,low_conf
00:19:48.96,29724,青竹小轩股车,大虎,0.651,low_conf
00:19:48.96,29724,青竹小轩股车,阿瑞778,0.748,low_conf
00:19:48.96,29724,青竹小轩股车,饭超人,0.749,low_conf
00:19:48.96,29724,青竹小轩股车,淡茶,0.665,low_conf
00:19:48.96,29724,青竹小轩股车,阿萨法奥了,0.721,low_conf
00:19:48.96,29724,青竹小轩股车,-君莫问,0.601,low_conf
00:19:48.96,29724,青竹小轩股车,饭特嘻,0.741,low_conf
00:19:48.96,29724,青竹小轩股车,诺绫泷,0.688,low_conf
00:19:48.96,29724,青竹小轩股车,阿五的事,0.74,low_conf
00:19:48.96,29724,青竹小轩股车,海山疗,0.594,pending
00:19:48.96,29724,青竹小轩股车,k军,0.454,pending
00:19:48.96,29724,青竹小轩股车,方华慢,0.719,low_conf
00:19:48.96,29724,青竹小轩股车,均粮丸,0.744,low_conf
00:19:48.96,29724,青竹小轩股车,莫望,0.661,low_conf
00:19:48.96,29724,青竹小轩股车,阿尧ss,0.702,low_conf
00:19:48.96,29724,青竹小轩股车,方糖g,0.574,pending
00:19:48.96,29724,青竹小轩股车,俊朗,0.663,low_conf
00:19:48.96,29724,青竹小轩股车,头铁菜菜,0.726,low_conf
00:19:48.96,29724,青竹小轩股车,蓬,0.47,pending
00:19:48.96,29724,青竹小轩股车,欧尼欧吼-,0.744,low_conf
00:19:48.96,29724,青竹小轩股车,死肥宅,0.638,low_conf
00:19:48.96,29724,青竹小轩股车,阿影,0.666,low_conf
00:19:48.96,29724,青竹小轩股车,放飞的薯条,0.724,low_conf
00:19:48.96,29724,青竹小轩股车,頭铁の汤圆,0.714,low_conf
00:19:48.96,29724,青竹小轩股车,堂a,0.624,low_conf
00:19:48.96,29724,青竹小轩股车,欧欧息,0.749,low_conf
00:19:48.96,29724,青竹小轩股车,阳光猴子,0.649,low_conf
00:19:48.96,29724,青竹小轩股车,啊色拉色拉低嘎嘎,0.739,low_conf
00:19:48.96,29724,青竹小轩股车,卡黑,0.663,low_conf
00:19:48.96,29724,青竹小轩股车,玄元,0.5,pending
00:19:48.96,29724,青竹小轩股车,jproc,0.627,low_conf
00:19:48.96,29724,青竹小轩股车,鸥鹭君,0.727,low_conf
00:19:48.96,29724,青竹小轩股车,飞邢00,0.496,pending
00:19:48.96,29724,青竹小轩股车,幼痧,0.413,pending
00:19:48.96,29724,青竹小轩股车,飞龙嘉鞠,0.684,low_conf
00:19:48.96,29724,青竹小轩股车,并大对不准,0.737,low_conf
00:19:48.96,29724,青竹小轩股车,哎呦烈嘿,0.503,pending
00:19:52.64,29816,青竹小轩股车,飞习习,0.732,low_conf
00:19:52.64,29816,青竹小轩股车,兔兔爱当当,0.687,low_conf
00:19:52.64,29816,青竹小轩股车,_梓墨-,0.638,low_conf
00:19:52.64,29816,青竹小轩股车,艾比我在这,0.667,low_conf
00:19:52.64,29816,青竹小轩股车,飞雨化仙,0.746,low_conf
00:19:52.64,29816,青竹小轩股车,兔子进了眼睛,0.712,low_conf
00:19:52.64,29816,青竹小轩股车,一名字～名字,0.734,low_conf
00:19:52.64,29816,青竹小轩股车,開始发癫,0.64,low_conf
00:19:52.64,29816,青竹小轩股车,樂-不会再想,0.637,low_conf
00:19:52.64,29816,青竹小轩股车,兔走走,0.678,low_conf
00:19:52.64,29816,青竹小轩股车,飛羽醉玥,0.735,low_conf
00:19:52.64,29816,青竹小轩股车,胖考拉。,0.698,low_conf
00:19:52.64,29816,青竹小轩股车,团团泥,0.73,low_conf
00:19:52.64,29816,青竹小轩股车,幻灵Q,0.557,pending
00:19:52.64,29816,青竹小轩股车,颜废小青蛙,0.712,low_conf
00:19:52.64,29816,青竹小轩股车,预废の男人,0.709,low_conf
00:19:52.64,29816,青竹小轩股车,艾希寒冰奶,0.743,low_conf
00:19:52.64,29816,青竹小轩股车,肥仔哥哥FlY,0.673,low_conf
00:19:52.64,29816,青竹小轩股车,拖泥吴,0.72,low_conf
00:19:52.64,29816,青竹小轩股车,焚星X,0.494,pending
00:19:52.64,29816,青竹小轩股车,喷喷火龙,0.7,low_conf
00:19:52.64,29816,青竹小轩股车,嗪儿波霸,0.662,low_conf
00:19:52.64,29816,青竹小轩股车,窈清仙女,0.688,low_conf
00:19:52.64,29816,青竹小轩股车,愤青鑫动,0.632,low_conf
00:19:52.64,29816,青竹小轩股车,皮卡乔乔乔,0.623,low_conf
00:19:52.64,29816,青竹小轩股车,风暴绫,0.583,pending
00:19:52.64,29816,青竹小轩股车,kdxCXs,0.621,low_conf
00:19:52.64,29816,青竹小轩股车,哇草-莓,0.712,low_conf
00:19:52.64,29816,青竹小轩股车,科寒雨,0.685,low_conf
00:19:52.64,29816,青竹小轩股车,琵琶笙箫,0.718,low_conf
00:19:52.64,29816,青竹小轩股车,16117890159 blli,0.746,low_conf
00:19:52.64,29816,青竹小轩股车,风广陌11,0.71,low_conf
00:19:52.64,29816,青竹小轩股车,貔貅桃,0.497,pending
00:19:52.64,29816,青竹小轩股车,貔貅无枝,0.641,low_conf
00:19:52.64,29816,青竹小轩股车,哇月见,0.742,low_conf
00:19:52.64,29816,青竹小轩股车,1凌风翔1,0.743,low_conf
00:19:52.64,29816,青竹小轩股车,可乐猪儿,0.633,low_conf
00:19:52.64,29816,青竹小轩股车,可乐?泡面,0.622,low_conf
00:19:52.64,29816,青竹小轩股车,缥缈濛龍,0.468,pending
00:19:52.64,29816,青竹小轩股车,Kiing,0.692,low_conf
00:19:52.64,29816,青竹小轩股车,可是仍但,0.681,low_conf
00:19:52.64,29816,青竹小轩股车,风世修,0.746,low_conf
00:19:52.64,29816,青竹小轩股车,飘逸颜,0.747,low_conf
00:19:52.64,29816,青竹小轩股车,撒羊,0.584,pending
00:19:52.64,29816,青竹小轩股车,223bi,0.686,low_conf
00:19:52.64,29816,青竹小轩股车,一不染中,0.633,low_conf
00:19:52.64,29816,青竹小轩股车,killiace,0.696,low_conf
00:19:52.64,29816,青竹小轩股车,八凡磅,0.316,pending
00:19:52.64,29816,青竹小轩股车,晚安喵,0.727,low_conf
00:19:52.64,29816,青竹小轩股车,空木莲华Z,0.708,low_conf
00:19:52.64,29816,青竹小轩股车,枫染子,0.734,low_conf
00:19:52.64,29816,青竹小轩股车,苹果郡,0.748,low_conf
00:19:52.64,29816,青竹小轩股车,万磁王罗叼,0.735,low_conf
00:19:52.64,29816,青竹小轩股车,2F1Y,0.713,low_conf
00:19:52.64,29816,青竹小轩股车,枫杨IT,0.527,pending
00:19:52.64,29816,青竹小轩股车,万世云,0.742,low_conf
00:19:56.32,29908,青竹小轩股车,安娜改乐,0.433,pending
00:19:56.32,29908,青竹小轩股车,万象沐春,0.685,low_conf
00:19:56.32,29908,青竹小轩股车,安卿尘,0.694,low_conf
00:19:56.32,29908,青竹小轩股车,枫奔,0.566,pending
00:19:56.32,29908,青竹小轩股车,拉脚未穿pan,0.669,low_conf
00:19:56.32,29908,青竹小轩股车,噗姐儿,0.639,low_conf
00:19:56.32,29908,青竹小轩股车,安自宽,0.724,low_conf
00:19:56.32,29908,青竹小轩股车,封-笑,0.518,pending
00:19:56.32,29908,青竹小轩股车,你噪子眼,0.655,low_conf
00:19:56.32,29908,青竹小轩股车,注明泽,0.717,low_conf
00:19:56.32,29908,青竹小轩股车,413豆啊,0.714,low_conf
00:19:56.32,29908,青竹小轩股车,俺是小艺巧,0.67,low_conf
00:19:56.32,29908,青竹小轩股车,kuail,0.586,pending
00:19:56.32,29908,青竹小轩股车,暗示你该出手了,0.748,low_conf
00:19:56.32,29908,青竹小轩股车,品命妖,0.635,low_conf
00:19:56.32,29908,青竹小轩股车,全D文,0.522,pending
00:19:56.32,29908,青竹小轩股车,kuzzz27,0.673,low_conf
00:19:56.32,29908,青竹小轩股车,暗夜无屋！,0.626,low_conf
00:19:56.32,29908,青竹小轩股车,锋利為天下冠子。,0.747,low_conf
00:19:56.32,29908,青竹小轩股车,哭虫,0.594,pending
00:19:56.32,29908,青竹小轩股车,昂扬非集菜,0.521,pending
00:19:56.32,29908,青竹小轩股车,鸿酸,0.398,pending
00:19:56.32,29908,青竹小轩股车,敲敏小宝,0.628,low_conf
00:19:56.32,29908,青竹小轩股车,七外婆,0.648,low_conf
00:19:56.32,29908,青竹小轩股车,kxkizzy,0.614,low_conf
00:19:56.32,29908,青竹小轩股车,朝翔小卅砸,0.553,pending
00:19:56.32,29908,青竹小轩股车,苦等韩天尊,0.747,low_conf
00:19:56.32,29908,青竹小轩股车,七星天堂,0.689,low_conf
00:19:56.32,29908,青竹小轩股车,主不傲,0.677,low_conf
00:19:56.32,29908,青竹小轩股车,傲世的牛,0.742,low_conf
00:19:56.32,29908,青竹小轩股车,柒秒夏日,0.692,low_conf
00:19:56.32,29908,青竹小轩股车,至二博、,0.58,pending
00:19:56.32,29908,青竹小轩股车,奥奥奥le.,0.621,low_conf
00:19:56.32,29908,青竹小轩股车,凤凰院真丛,0.668,low_conf
00:19:56.32,29908,青竹小轩股车,柔先生,0.603,low_conf
00:19:56.32,29908,青竹小轩股车,主冷盐,0.703,low_conf
00:19:56.32,29908,青竹小轩股车,一八三小骨,0.74,low_conf
00:19:56.32,29908,青竹小轩股车,凤碗影,0.285,pending
00:19:56.32,29908,青竹小轩股车,苦乐,0.624,low_conf
00:19:56.32,29908,青竹小轩股车,把菜分闻江湖,0.719,low_conf
00:19:56.32,29908,青竹小轩股车,clie猫,0.557,pending
00:19:56.32,29908,青竹小轩股车,奥利奥还傲,0.696,low_conf
00:19:56.32,29908,青竹小轩股车,主权黎影,0.726,low_conf
00:19:56.32,29908,青竹小轩股车,无极达,0.132,pending
00:19:56.32,29908,青竹小轩股车,原-Z0e,0.544,pending
00:19:56.32,29908,青竹小轩股车,主铁豆,0.729,low_conf
00:19:56.32,29908,青竹小轩股车,方天爷本爷,0.534,pending
00:19:56.32,29908,青竹小轩股车,6N-,0.601,low_conf
00:19:56.32,29908,青竹小轩股车,Leez],0.519,pending
00:19:56.32,29908,青竹小轩股车,文和,0.644,low_conf
00:19:56.32,29908,青竹小轩股车,快染快,0.493,pending
00:19:56.32,29908,青竹小轩股车,奇幻忧郁,0.737,low_conf
00:19:56.32,29908,青竹小轩股车,王谢堂前丶燕,0.689,low_conf
00:19:56.32,29908,青竹小轩股车,风月,0.624,low_conf
00:19:56.32,29908,青竹小轩股车,Lei泪,0.51,pending
00:19:56.32,29908,青竹小轩股车,八至量8km,0.703,low_conf
00:19:56.32,29908,青竹小轩股车,佛系太空人,0.626,low_conf
00:19:56.32,29908,青竹小轩股车,快睡觉看似简,0.714,low_conf
00:19:56.32,29908,青竹小轩股车,主之瞭望,0.657,low_conf
00:19:56.32,29908,青竹小轩股车,个JKA,0.611,low_conf
00:19:56.32,29908,青竹小轩股车,奇怡方唐,0.716,low_conf
00:19:56.32,29908,青竹小轩股车,主中主和,0.707,low_conf
00:19:56.32,29908,青竹小轩股车,个旅人-T,0.697,low_conf
00:19:56.32,29908,青竹小轩股车,7stn,0.694,low_conf
00:19:56.32,29908,青竹小轩股车,色纳德口维兹曼,0.669,low_conf
00:19:56.32,29908,青竹小轩股车,美亲天下第,0.538,pending
00:19:56.32,29908,青竹小轩股车,骑个马、,0.707,low_conf
00:19:56.32,29908,青竹小轩股车,個演员,0.652,low_conf
00:19:56.32,29908,青竹小轩股车,巴素罗那の夏天,0.553,pending
00:19:56.32,29908,青竹小轩股车,美充充,0.518,pending
00:19:56.32,29908,青竹小轩股车,狂属筱学生,0.611,low_conf
00:19:56.32,29908,青竹小轩股车,花\裳玖,0.682,low_conf
00:19:56.32,29908,青竹小轩股车,骑魔王的兔子,0.746,low_conf
00:19:56.32,29908,青竹小轩股车,级弓箭手,0.691,low_conf
00:19:56.32,29908,青竹小轩股车,拔灌王,0.59,pending
00:19:56.32,29908,青竹小轩股车,浮尘房粒,0.553,pending
00:19:56.32,29908,青竹小轩股车,浮若歌,0.746,low_conf
00:19:56.32,29908,青竹小轩股车,狂小江,0.69,low_conf
00:19:56.32,29908,青竹小轩股车,介凡人韩,0.506,pending
00:19:56.32,29908,青竹小轩股车,85度冷冻,0.745,low_conf
00:19:56.32,29908,青竹小轩股车,lgykuugd,0.68,low_conf
00:19:56.32,29908,青竹小轩股车,刀真君,0.46,pending
00:19:56.32,29908,青竹小轩股车,琪宝的老王,0.748,low_conf
00:19:56.32,29908,青竹小轩股车,望你疯,0.744,low_conf
00:19:56.32,29908,青竹小轩股车,LIAM李姆,0.714,low_conf
00:19:56.32,29908,青竹小轩股车,福如冬,0.694,low_conf
00:19:56.32,29908,青竹小轩股车,坤子同学,0.534,pending
00:19:56.32,29908,青竹小轩股车,旗翼夜,0.726,low_conf
00:19:56.32,29908,青竹小轩股车,口泡饼,0.725,low_conf
00:19:56.32,29908,青竹小轩股车,libiduooo,0.709,low_conf
00:19:56.32,29908,青竹小轩股车,福晞妹妹,0.709,low_conf
00:19:56.32,29908,青竹小轩股车,自自的云朵,0.692,low_conf
00:19:56.32,29908,青竹小轩股车,拉了勾就一定,0.725,low_conf
00:19:56.32,29908,青竹小轩股车,微芒,0.445,pending
00:19:56.32,29908,青竹小轩股车,二塊一,0.274,pending
00:19:56.32,29908,青竹小轩股车,菜涨价味,0.657,low_conf
00:19:56.32,29908,青竹小轩股车,起飞资本,0.726,low_conf
00:19:56.32,29908,青竹小轩股车,李发财,0.702,low_conf
00:19:56.32,29908,青竹小轩股车,自脚免动漫推荐,0.735,low_conf
00:19:56.32,29908,青竹小轩股车,覆余里厅,0.464,pending
00:19:56.32,29908,青竹小轩股车,起风了,0.618,low_conf
00:19:56.32,29908,青竹小轩股车,俩≤三四1,0.596,pending
00:19:56.32,29908,青竹小轩股车,白兰恐龙,0.692,low_conf
00:19:56.32,29908,青竹小轩股车,香克毛饭,0.651,low_conf
00:19:56.32,29908,青竹小轩股车,气运如鸿,0.741,low_conf
00:19:56.32,29908,青竹小轩股车,微の温柔,0.722,low_conf
00:19:56.32,29908,青竹小轩股车,白楼吹,0.643,low_conf
00:19:56.32,29908,青竹小轩股车,嘎味嘎腰腰嘎嘎味,0.149,pending
00:19:56.32,29908,青竹小轩股车,契凰,0.515,pending
00:19:56.32,29908,青竹小轩股车,自图幻想家shaw,0.716,low_conf
00:19:56.32,29908,青竹小轩股车,掐死尼尔,0.735,low_conf
00:20:00.00,30000,青竹小轩股车,！来打我呀…,0.724,low_conf
00:20:00.00,30000,青竹小轩股车,AC_GO,0.736,low_conf
00:20:00.00,30000,青竹小轩股车,恰与克,0.749,low_conf
00:20:00.00,30000,青竹小轩股车,盖世喽喽雄Z,0.725,low_conf
00:20:00.00,30000,青竹小轩股车,白瑜奈,0.688,low_conf
00:20:00.00,30000,青竹小轩股车,甘九真,0.693,low_conf
00:20:00.00,30000,青竹小轩股车,米韶华,0.743,low_conf
00:20:00.00,30000,青竹小轩股车,白羽小季,0.558,pending
00:20:00.00,30000,青竹小轩股车,甘乐酱,0.691,low_conf
00:20:00.00,30000,青竹小轩股车,赖拍好队啦,0.736,low_conf
00:20:00.00,30000,青竹小轩股车,千钧四两,0.688,low_conf
00:20:00.00,30000,青竹小轩股车,Ilk是李凯,0.674,low_conf
00:20:00.00,30000,青竹小轩股车,白云宁雨,0.662,low_conf
00:20:00.00,30000,青竹小轩股车,甘氏业,0.73,low_conf
00:20:00.00,30000,青竹小轩股车,濑阁菌,0.612,low_conf
00:20:00.00,30000,青竹小轩股车,千畸摊高牙,0.624,low_conf
00:20:00.00,30000,青竹小轩股车,晖止水,0.653,low_conf
00:20:00.00,30000,青竹小轩股车,Iingdx,0.73,low_conf
00:20:00.00,30000,青竹小轩股车,百醉干筋,0.687,low_conf
00:20:00.00,30000,青竹小轩股车,肝了,0.666,low_conf
00:20:00.00,30000,青竹小轩股车,軒小,0.424,pending
00:20:00.00,30000,青竹小轩股车,一片科儿,0.727,low_conf
00:20:00.00,30000,青竹小轩股车,摆风人c,0.681,low_conf
00:20:00.00,30000,青竹小轩股车,凰冰,0.581,pending
00:20:00.00,30000,青竹小轩股车,千玺家的,0.744,low_conf
00:20:00.00,30000,青竹小轩股车,般若一目连,0.747,low_conf
00:20:00.00,30000,青竹小轩股车,于与干寻ZI,0.62,low_conf
00:20:00.00,30000,青竹小轩股车,Alzz,0.703,low_conf
00:20:00.00,30000,青竹小轩股车,位-点,0.699,low_conf
00:20:00.00,30000,青竹小轩股车,千了这口鲜奶,0.704,low_conf
00:20:00.00,30000,青竹小轩股车,魏鱼ci,0.653,low_conf
00:20:00.00,30000,青竹小轩股车,水何岸,0.749,low_conf
00:20:00.00,30000,青竹小轩股车,半糖小子丶,0.686,low_conf
00:20:00.00,30000,青竹小轩股车,一瞬C,0.617,low_conf
00:20:00.00,30000,青竹小轩股车,团林空,0.738,low_conf
00:20:00.00,30000,青竹小轩股车,懒术,0.666,low_conf
00:20:00.00,30000,青竹小轩股车,温时言年,0.727,low_conf
00:20:00.00,30000,青竹小轩股车,一弯虹,0.611,low_conf
00:20:00.00,30000,青竹小轩股车,懒先生丶T,0.722,low_conf
00:20:00.00,30000,青竹小轩股车,高浓度怡實,0.715,low_conf
00:20:00.00,30000,青竹小轩股车,浅染初,0.737,low_conf
00:20:00.00,30000,青竹小轩股车,温召云,0.723,low_conf
00:20:00.00,30000,青竹小轩股车,小龍猫,0.597,pending
00:20:00.00,30000,青竹小轩股车,高雨松,0.749,low_conf
00:20:00.00,30000,青竹小轩股车,文泪,0.406,pending
00:20:00.00,30000,青竹小轩股车,笑奈何Zzq,0.624,low_conf
00:20:00.00,30000,青竹小轩股车,疙瘩队长,0.719,low_conf
00:20:00.00,30000,青竹小轩股车,狼狼侠,0.728,low_conf
00:20:00.00,30000,青竹小轩股车,浅、梦、,0.724,low_conf
00:20:00.00,30000,青竹小轩股车,文夜下,0.746,low_conf
00:20:00.00,30000,青竹小轩股车,星天的海,0.739,low_conf
00:20:00.00,30000,青竹小轩股车,暴力猫猫\,0.7,low_conf
00:20:00.00,30000,青竹小轩股车,浪海一心,0.672,low_conf
00:20:00.00,30000,青竹小轩股车,浪浪金,0.747,low_conf
00:20:00.00,30000,青竹小轩股车,乔治五世,0.691,low_conf
00:20:00.00,30000,青竹小轩股车,爆炸蜗牛,0.746,low_conf
00:20:00.00,30000,青竹小轩股车,格致天问,0.707,low_conf
00:20:00.00,30000,青竹小轩股车,老参精,0.655,low_conf
00:20:00.00,30000,青竹小轩股车,Ixxxxx-,0.697,low_conf
00:20:00.00,30000,青竹小轩股车,格子帝,0.739,low_conf
00:20:00.00,30000,青竹小轩股车,老丁铛,0.716,low_conf
00:20:00.00,30000,青竹小轩股车,翘豚豚,0.665,low_conf
00:20:00.00,30000,青竹小轩股车,我爱tgl,0.734,low_conf
00:20:00.00,30000,青竹小轩股车,LY-a,0.527,pending
00:20:00.00,30000,青竹小轩股车,工藤新一机哇,0.707,low_conf
00:20:00.00,30000,青竹小轩股车,老讷倒也,0.632,low_conf
00:20:00.00,30000,青竹小轩股车,惬意翱翔,0.687,low_conf
00:20:00.00,30000,青竹小轩股车,北风不,0.747,low_conf
00:20:00.00,30000,青竹小轩股车,宫肠热热,0.672,low_conf
00:20:00.00,30000,青竹小轩股车,秦枝安,0.748,low_conf
00:20:00.00,30000,青竹小轩股车,我爱千千呀,0.746,low_conf
00:20:00.00,30000,青竹小轩股车,[良|,0.375,pending
00:20:00.00,30000,青竹小轩股车,北陆嘉平,0.704,low_conf
00:20:03.68,30092,青竹小轩股车,北蒙看条鱼摆摆,0.7,low_conf
00:20:03.68,30092,青竹小轩股车,其振振,0.506,pending
00:20:03.68,30092,青竹小轩股车,老师我想逐帜,0.746,low_conf
00:20:03.68,30092,青竹小轩股车,琴酒余生,0.739,low_conf
00:20:03.68,30092,青竹小轩股车,MC25,0.618,low_conf
00:20:03.68,30092,青竹小轩股车,北桥小王,0.675,low_conf
00:20:03.68,30092,青竹小轩股车,老试菜员了,0.734,low_conf
00:20:03.68,30092,青竹小轩股车,青絲华年,0.545,pending
00:20:03.68,30092,青竹小轩股车,枸枸枸杞子,0.689,low_conf
00:20:03.68,30092,青竹小轩股车,纸灰机,0.748,low_conf
00:20:03.68,30092,青竹小轩股车,maoyeanxin,0.735,low_conf
00:20:03.68,30092,青竹小轩股车,贝壳里有小小蔡,0.673,low_conf
00:20:03.68,30092,青竹小轩股车,呱唧是只喵,0.719,low_conf
00:20:03.68,30092,青竹小轩股车,备用A,0.585,pending
00:20:03.68,30092,青竹小轩股车,老头们的快乐,0.7,low_conf
00:20:03.68,30092,青竹小轩股车,青风回响,0.656,low_conf
00:20:03.68,30092,青竹小轩股车,咕噜咕噜绮,0.74,low_conf
00:20:03.68,30092,青竹小轩股车,青风初翊,0.574,pending
00:20:03.68,30092,青竹小轩股车,我車上有空調,0.69,low_conf
00:20:03.68,30092,青竹小轩股车,被华果砸中的,0.684,low_conf
00:20:03.68,30092,青竹小轩股车,本间依籽,0.652,low_conf
00:20:03.68,30092,青竹小轩股车,孤独的人偶君,0.748,low_conf
00:20:03.68,30092,青竹小轩股车,乐布熊,0.73,low_conf
00:20:03.68,30092,青竹小轩股车,本妹学不销,0.445,pending
00:20:03.68,30092,青竹小轩股车,乐忆忧-,0.666,low_conf
00:20:03.68,30092,青竹小轩股车,青养先生,0.712,low_conf
00:20:03.68,30092,青竹小轩股车,笨蛋的小宝,0.615,low_conf
00:20:03.68,30092,青竹小轩股车,孤山隐鹤,0.702,low_conf
00:20:03.68,30092,青竹小轩股车,青山-不见我,0.678,low_conf
00:20:03.68,30092,青竹小轩股车,瑞踏几关,0.318,pending
00:20:03.68,30092,青竹小轩股车,青山木丹,0.631,low_conf
00:20:03.68,30092,青竹小轩股车,Matrie xzx,0.688,low_conf
00:20:03.68,30092,青竹小轩股车,aweng,0.721,low_conf
00:20:03.68,30092,青竹小轩股车,古凡乡,0.478,pending
00:20:03.68,30092,青竹小轩股车,泪落羽筋,0.726,low_conf
00:20:03.68,30092,青竹小轩股车,比利魔全,0.599,pending
00:20:03.68,30092,青竹小轩股车,泪影世空,0.613,low_conf
00:20:03.68,30092,青竹小轩股车,棱会、,0.463,pending
00:20:03.68,30092,青竹小轩股车,青衣语,0.721,low_conf
00:20:03.68,30092,青竹小轩股车,MCCo0999,0.584,pending
00:20:03.68,30092,青竹小轩股车,彼岸的画碗,0.648,low_conf
00:20:03.68,30092,青竹小轩股车,古胡,0.436,pending
00:20:03.68,30092,青竹小轩股车,青玉,0.643,low_conf
00:20:03.68,30092,青竹小轩股车,merc.,0.587,pending
00:20:03.68,30092,青竹小轩股车,彼岸的喵星,0.546,pending
00:20:03.68,30092,青竹小轩股车,彼岸烟花,0.658,low_conf
00:20:03.68,30092,青竹小轩股车,骨全冰心渡忘川ay,0.698,low_conf
00:20:03.68,30092,青竹小轩股车,彼克大鹿王C,0.606,low_conf
00:20:03.68,30092,青竹小轩股车,故,0.219,pending
00:20:03.68,30092,青竹小轩股车,都人因帅判无期,0.738,low_conf
00:20:03.68,30092,青竹小轩股车,顾白s,0.568,pending
00:20:03.68,30092,青竹小轩股车,离屿lory,0.656,low_conf
00:20:03.68,30092,青竹小轩股车,轻描淡×,0.676,low_conf
00:20:03.68,30092,青竹小轩股车,mgtelxl,0.618,low_conf
00:20:03.68,30092,青竹小轩股车,顾青吉,0.525,pending
00:20:03.68,30092,青竹小轩股车,哔哩吧啦飞吧,0.641,low_conf
00:20:03.68,30092,青竹小轩股车,顾青遇泽,0.745,low_conf
00:20:03.68,30092,青竹小轩股车,黎纶,0.582,pending
00:20:03.68,30092,青竹小轩股车,哗哩吧啦呦呦,0.684,low_conf
00:20:03.68,30092,青竹小轩股车,颜小圆满,0.669,low_conf
00:20:03.68,30092,青竹小轩股车,鲫鲫呆呆面,0.598,pending
00:20:03.68,30092,青竹小轩股车,能性整础,0.369,pending
00:20:03.68,30092,青竹小轩股车,颜晓雨,0.489,pending
00:20:03.68,30092,青竹小轩股车,清,0.499,pending
00:20:03.68,30092,青竹小轩股车,代心向熙,0.724,low_conf
00:20:03.68,30092,青竹小轩股车,啤喱喱哩啤哩,0.323,pending
00:20:03.68,30092,青竹小轩股车,瓜籽狸,0.736,low_conf
00:20:03.68,30092,青竹小轩股车,黎炸Vo,0.366,pending
00:20:03.68,30092,青竹小轩股车,碧影芊芋,0.632,low_conf
00:20:03.68,30092,青竹小轩股车,营主,0.156,pending
00:20:03.68,30092,青竹小轩股车,清风拂海港,0.737,low_conf
00:20:03.68,30092,青竹小轩股车,迈境韩立,0.686,low_conf
00:20:03.68,30092,青竹小轩股车,怪盗丰罗下,0.522,pending
00:20:03.68,30092,青竹小轩股车,李得清,0.609,low_conf
00:20:03.68,30092,青竹小轩股车,关美二号,0.518,pending
00:20:03.68,30092,青竹小轩股车,李疯子,0.535,pending
00:20:03.68,30092,青竹小轩股车,变身,0.663,low_conf
00:20:03.68,30092,青竹小轩股车,吴山南越,0.681,low_conf
00:20:03.68,30092,青竹小轩股车,我世凡空,0.694,low_conf
00:20:03.68,30092,青竹小轩股车,南門吖,0.336,pending
00:20:03.68,30092,青竹小轩股车,李念大长老,0.746,low_conf
00:20:03.68,30092,青竹小轩股车,清夏文欢,0.684,low_conf
00:20:07.36,30184,青竹小轩股车,C,0.093,pending
00:20:07.36,30184,青竹小轩股车,開門吖,0.381,pending
00:20:07.36,30184,青竹小轩股车,“骑士,0.513,pending
00:20:07.36,30184,青竹小轩股车,李思空,0.73,low_conf
00:20:07.36,30184,青竹小轩股车,李太白的小破,0.714,low_conf
00:20:07.36,30184,青竹小轩股车,光母耀斑,0.723,low_conf
00:20:07.36,30184,青竹小轩股车,李小撞,0.744,low_conf
00:20:07.36,30184,青竹小轩股车,我是飛揚啊,0.696,low_conf
00:20:07.36,30184,青竹小轩股车,别明渡,0.742,low_conf
00:20:07.36,30184,青竹小轩股车,光之锯人文斯尼桑,0.737,low_conf
00:20:07.36,30184,青竹小轩股车,李有弥,0.738,low_conf
00:20:07.36,30184,青竹小轩股车,里慕里慕禹,0.723,low_conf
00:20:07.36,30184,青竹小轩股车,广雨风,0.744,low_conf
00:20:07.36,30184,青竹小轩股车,黑予里予里予,0.649,low_conf
00:20:07.36,30184,青竹小轩股车,鲤小鱼,0.735,low_conf
00:20:07.36,30184,青竹小轩股车,请晴天,0.541,pending
00:20:07.36,30184,青竹小轩股车,醴梧-,0.581,pending
00:20:07.36,30184,青竹小轩股车,窖涯,0.486,pending
00:20:07.36,30184,青竹小轩股车,我是三个小时的,0.745,low_conf
00:20:07.36,30184,青竹小轩股车,艳七壶,0.305,pending
00:20:07.36,30184,青竹小轩股车,厉飞雨,0.603,low_conf
00:20:07.36,30184,青竹小轩股车,荒然若依,0.601,low_conf
00:20:07.36,30184,青竹小轩股车,妒蔡,0.291,pending
00:20:07.36,30184,青竹小轩股车,瑷踊,0.571,pending
00:20:07.36,30184,青竹小轩股车,冰倾诉,0.747,low_conf
00:20:07.36,30184,青竹小轩股车,人熊猫,0.658,low_conf
00:20:07.36,30184,青竹小轩股车,-微笑_！,0.723,low_conf
00:20:07.36,30184,青竹小轩股车,邱阀福建,0.747,low_conf
00:20:07.36,30184,青竹小轩股车,我想-回家,0.609,low_conf
00:20:07.36,30184,青竹小轩股车,邱啦啦i,0.677,low_conf
00:20:07.36,30184,青竹小轩股车,饼饼602,0.685,low_conf
00:20:07.36,30184,青竹小轩股车,冰柠檬,0.74,low_conf
00:20:07.36,30184,青竹小轩股车,栗栗子的掌天,0.743,low_conf
00:20:07.36,30184,青竹小轩股车,秋1230,0.746,low_conf
00:20:07.36,30184,青竹小轩股车,饼藏09,0.643,low_conf
00:20:07.36,30184,青竹小轩股车,莉啵子,0.746,low_conf
00:20:07.36,30184,青竹小轩股车,炼染心,0.743,low_conf
00:20:07.36,30184,青竹小轩股车,二江秋！,0.67,low_conf
00:20:07.36,30184,青竹小轩股车,秋穆,0.665,low_conf
00:20:07.36,30184,青竹小轩股车,我也是一,0.655,low_conf
00:20:07.36,30184,青竹小轩股车,啵澡缇,0.737,low_conf
00:20:07.36,30184,青竹小轩股车,凉一疯,0.737,low_conf
00:20:07.36,30184,青竹小轩股车,秋秋楸树,0.713,low_conf
00:20:07.36,30184,青竹小轩股车,果啤鱼,0.747,low_conf
00:20:07.36,30184,青竹小轩股车,果然、,0.672,low_conf
00:20:07.36,30184,青竹小轩股车,秋雨sai,0.724,low_conf
00:20:07.36,30184,青竹小轩股车,Mtime ),0.731,low_conf
00:20:07.36,30184,青竹小轩股车,猎暮,0.503,pending
00:20:07.36,30184,青竹小轩股车,秋月冷,0.743,low_conf
00:20:07.36,30184,青竹小轩股车,邻居家的小哥,0.735,low_conf
00:20:07.36,30184,青竹小轩股车,求解药,0.733,low_conf
00:20:07.36,30184,青竹小轩股车,区区区区区,0.724,low_conf
00:20:07.36,30184,青竹小轩股车,曲面！,0.577,pending
00:20:07.36,30184,青竹小轩股车,哈密瓜哗哩,0.744,low_conf
00:20:07.36,30184,青竹小轩股车,博星,0.204,pending
00:20:07.36,30184,青竹小轩股车,硬币扑克殷子,0.739,low_conf
00:20:07.36,30184,青竹小轩股车,-林小喵,0.575,pending
00:20:07.36,30184,青竹小轩股车,屈阿伯,0.736,low_conf
00:20:07.36,30184,青竹小轩股车,不倒蛙,0.712,low_conf
00:20:11.04,30276,青竹小轩股车,-哈皮,0.64,low_conf
00:20:11.04,30276,青竹小轩股车,哈欠y,0.655,low_conf
00:20:11.04,30276,青竹小轩股车,乌雉,0.661,low_conf
00:20:11.04,30276,青竹小轩股车,去去去发现,0.713,low_conf
00:20:11.04,30276,青竹小轩股车,临煌,0.666,low_conf
00:20:11.04,30276,青竹小轩股车,临江仙Kylin,0.722,low_conf
00:20:11.04,30276,青竹小轩股车,却之不恭HLM,0.742,low_conf
00:20:11.04,30276,青竹小轩股车,临募年华,0.717,low_conf
00:20:11.04,30276,青竹小轩股车,群青嗯,0.693,low_conf
00:20:11.04,30276,青竹小轩股车,nelliz,0.696,low_conf
00:20:11.04,30276,青竹小轩股车,不加糖田不田,0.697,low_conf
00:20:11.04,30276,青竹小轩股车,霖哒哟,0.738,low_conf
00:20:11.04,30276,青竹小轩股车,瀛夏大魔王,0.703,low_conf
00:20:11.04,30276,青竹小轩股车,灵风wi,0.739,low_conf
00:20:11.04,30276,青竹小轩股车,冉冉倾寒,0.744,low_conf
00:20:11.04,30276,青竹小轩股车,遥有这种操作,0.474,pending
00:20:11.04,30276,青竹小轩股车,Nic4aaaaa,0.747,low_conf
00:20:11.04,30276,青竹小轩股车,幽幽芋泥丸,0.7,low_conf
00:20:11.04,30276,青竹小轩股车,热磅风,0.569,pending
00:20:11.04,30276,青竹小轩股车,无梦之夜,0.702,low_conf
00:20:11.04,30276,青竹小轩股车,海客eric1,0.742,low_conf
00:20:11.04,30276,青竹小轩股车,凌患,0.555,pending
00:20:11.04,30276,青竹小轩股车,不停园,0.584,pending
00:20:11.04,30276,青竹小轩股车,陵巡驿,0.717,low_conf
00:20:11.04,30276,青竹小轩股车,人心多塞,0.622,low_conf
00:20:11.04,30276,青竹小轩股车,绫琳柒,0.621,low_conf
00:20:11.04,30276,青竹小轩股车,任碧磊,0.743,low_conf
00:20:11.04,30276,青竹小轩股车,零五克,0.749,low_conf
00:20:11.04,30276,青竹小轩股车,任知一,0.708,low_conf
00:20:11.04,30276,青竹小轩股车,靈伍贰伍,0.686,low_conf
00:20:11.04,30276,青竹小轩股车,令先贤,0.734,low_conf
00:20:11.04,30276,青竹小轩股车,海r,0.397,pending
00:20:11.04,30276,青竹小轩股车,溜溜瓜,0.747,low_conf
00:20:11.04,30276,青竹小轩股车,日子啊在,0.682,low_conf
00:20:11.04,30276,青竹小轩股车,溜溜面包,0.745,low_conf
00:20:11.04,30276,青竹小轩股车,吴道玄,0.664,low_conf
00:20:11.04,30276,青竹小轩股车,刘小旖和淘小,0.728,low_conf
00:20:11.04,30276,青竹小轩股车,-肉球熠小仔-,0.748,low_conf
00:20:11.04,30276,青竹小轩股车,肉肉壳,0.747,low_conf
00:20:11.04,30276,青竹小轩股车,吴正廉,0.728,low_conf
00:20:11.04,30276,青竹小轩股车,寒冰-羽雪,0.745,low_conf
00:20:11.04,30276,青竹小轩股车,肉馅馒頭,0.696,low_conf
00:20:11.04,30276,青竹小轩股车,寒老韩,0.746,low_conf
00:20:11.04,30276,青竹小轩股车,okfep,0.737,low_conf
00:20:11.04,30276,青竹小轩股车,吾王黄泉,0.694,low_conf
00:20:11.04,30276,青竹小轩股车,蔡蔡小菜蔡,0.676,low_conf
00:20:11.04,30276,青竹小轩股车,芜湖仙人掌、,0.738,low_conf
00:20:14.72,30368,青竹小轩股车,又炫又的注酱,0.623,low_conf
00:20:14.72,30368,青竹小轩股车,柚子吃槽,0.66,low_conf
00:20:14.72,30368,青竹小轩股车,菜茶小蔡蔡,0.604,low_conf
00:20:14.72,30368,青竹小轩股车,如贝风花鸟,0.582,pending
00:20:14.72,30368,青竹小轩股车,老湖仙人掌,0.495,pending
00:20:14.72,30368,青竹小轩股车,手是借行,0.66,low_conf
00:20:14.72,30368,青竹小轩股车,如眼前飞马,0.694,low_conf
00:20:14.72,30368,青竹小轩股车,桔桐言话,0.419,pending
00:20:14.72,30368,青竹小轩股车,流忆录,0.72,low_conf
00:20:14.72,30368,青竹小轩股车,汝只属于善,0.666,low_conf
00:20:14.72,30368,青竹小轩股车,無生龙,0.163,pending
00:20:14.72,30368,青竹小轩股车,沧海飞尘CC,0.736,low_conf
00:20:14.72,30368,青竹小轩股车,鑫金RY,0.52,pending
00:20:14.72,30368,青竹小轩股车,软吃胖+不透,0.744,low_conf
00:20:14.72,30368,青竹小轩股车,無派之风9123,0.604,low_conf
00:20:14.72,30368,青竹小轩股车,韩立悄悄退后,0.725,low_conf
00:20:14.72,30368,青竹小轩股车,柳悦,0.42,pending
00:20:14.72,30368,青竹小轩股车,软饭居土不,0.404,pending
00:20:14.72,30368,青竹小轩股车,天软的豚子,0.324,pending
00:20:14.72,30368,青竹小轩股车,bl63821977145,0.746,low_conf
00:20:14.72,30368,青竹小轩股车,沧澜君C,0.738,low_conf
00:20:14.72,30368,青竹小轩股车,OOOOOD,0.637,low_conf
00:20:14.72,30368,青竹小轩股车,六个决净,0.513,pending
00:20:14.72,30368,青竹小轩股车,软软,0.661,low_conf
00:20:14.72,30368,青竹小轩股车,五皇泰修分,0.588,pending
00:20:14.72,30368,青竹小轩股车,00冰泉00,0.671,low_conf
00:20:14.72,30368,青竹小轩股车,韩立-修仙中,0.728,low_conf
00:20:14.72,30368,青竹小轩股车,六粮清净五,0.632,low_conf
00:20:14.72,30368,青竹小轩股车,鱼想遇见熊,0.666,low_conf
00:20:14.72,30368,青竹小轩股车,苍耳不,0.515,pending
00:20:14.72,30368,青竹小轩股车,六六会发光yu,0.713,low_conf
00:20:14.72,30368,青竹小轩股车,润兰星,0.542,pending
00:20:14.72,30368,青竹小轩股车,五个鼠青果,0.563,pending
00:20:14.72,30368,青竹小轩股车,bll 67287707459,0.723,low_conf
00:20:14.72,30368,青竹小轩股车,苍火,0.621,low_conf
00:20:14.72,30368,青竹小轩股车,六五黄裳元吉,0.729,low_conf
00:20:14.72,30368,青竹小轩股车,润子19,0.597,pending
00:20:14.72,30368,青竹小轩股车,五似个蜀壶,0.604,low_conf
00:20:14.72,30368,青竹小轩股车,六月的,0.729,low_conf
00:20:14.72,30368,青竹小轩股车,若晨光,0.642,low_conf
00:20:14.72,30368,青竹小轩股车,五月病小恶,0.665,low_conf
00:20:14.72,30368,青竹小轩股车,OSAI!,0.469,pending
00:20:14.72,30368,青竹小轩股车,苍绿纸,0.701,low_conf
00:20:14.72,30368,青竹小轩股车,龙祈,0.485,pending
00:20:14.72,30368,青竹小轩股车,撒导,0.262,pending
00:20:14.72,30368,青竹小轩股车,五月的少年,0.746,low_conf
00:20:14.72,30368,青竹小轩股车,伍季容,0.536,pending
00:20:14.72,30368,青竹小轩股车,苍之照,0.601,low_conf
00:20:14.72,30368,青竹小轩股车,韩天尊,0.629,low_conf
00:20:14.72,30368,青竹小轩股车,龙楼763,0.732,low_conf
00:20:14.72,30368,青竹小轩股车,尔吉味,0.599,pending
00:20:14.72,30368,青竹小轩股车,伍摸架,0.211,pending
00:20:14.72,30368,青竹小轩股车,宇雷师锅,0.571,pending
00:20:14.72,30368,青竹小轩股车,岁岁念,0.726,low_conf
00:20:14.72,30368,青竹小轩股车,誉牧会,0.596,pending
00:20:14.72,30368,青竹小轩股车,泷落泥权,0.355,pending
00:20:14.72,30368,青竹小轩股车,三个烤地瓜,0.725,low_conf
00:20:14.72,30368,青竹小轩股车,勿提劲配,0.413,pending
00:20:14.72,30368,青竹小轩股车,宙主教教生,0.61,low_conf
00:20:14.72,30368,青竹小轩股车,藏剑叶英,0.677,low_conf
00:20:14.72,30368,青竹小轩股车,能暖,0.231,pending
00:20:14.72,30368,青竹小轩股车,物忘黎,0.417,pending
00:20:14.72,30368,青竹小轩股车,汉志TaN,0.593,pending
00:20:14.72,30368,青竹小轩股车,楼牙哥,0.709,low_conf
00:20:14.72,30368,青竹小轩股车,三的初,0.724,low_conf
00:20:14.72,30368,青竹小轩股车,物森让,0.544,pending
00:20:14.72,30368,青竹小轩股车,宇宙最nb,0.504,pending
00:20:14.72,30368,青竹小轩股车,pchyx,0.676,low_conf
00:20:14.72,30368,青竹小轩股车,七,0.097,pending
00:20:14.72,30368,青竹小轩股车,翰哥学第,0.703,low_conf
00:20:14.72,30368,青竹小轩股车,芦羿鹏,0.48,pending
00:20:14.72,30368,青竹小轩股车,三笼甜茶,0.541,pending
00:20:14.72,30368,青竹小轩股车,雾低诉确,0.55,pending
00:20:14.72,30368,青竹小轩股车,草根儿王,0.518,pending
00:20:14.72,30368,青竹小轩股车,环房害,0.514,pending
00:20:14.72,30368,青竹小轩股车,卤蛋1号嘟嘟号,0.729,low_conf
00:20:14.72,30368,青竹小轩股车,三猫统师,0.746,low_conf
00:20:14.72,30368,青竹小轩股车,罗影之场,0.622,low_conf
00:20:14.72,30368,青竹小轩股车,bl 74687362510,0.709,low_conf
00:20:14.72,30368,青竹小轩股车,骆猛猬,0.351,pending
00:20:14.72,30368,青竹小轩股车,鲁特10太郎,0.604,low_conf
00:20:14.72,30368,青竹小轩股车,总师,0.341,pending
00:20:14.72,30368,青竹小轩股车,多阳2裤,0.523,pending
00:20:14.72,30368,青竹小轩股车,豪豪豪！,0.562,pending
00:20:14.72,30368,青竹小轩股车,陆哩哩LiAn,0.693,low_conf
00:20:14.72,30368,青竹小轩股车,色零生,0.494,pending
00:20:14.72,30368,青竹小轩股车,多阳套件,0.343,pending
00:20:14.72,30368,青竹小轩股车,叉烧包,0.739,low_conf
00:20:14.72,30368,青竹小轩股车,豪竹竹,0.568,pending
00:20:14.72,30368,青竹小轩股车,陆任6000,0.691,low_conf
00:20:14.72,30368,青竹小轩股车,三色丰,0.591,pending
00:20:14.72,30368,青竹小轩股车,吸氧长大米,0.509,pending
00:20:14.72,30368,青竹小轩股车,piscestlw,0.732,low_conf
00:20:14.72,30368,青竹小轩股车,查乐价,0.587,pending
00:20:14.72,30368,青竹小轩股车,好叭然后呐,0.702,low_conf
00:20:14.72,30368,青竹小轩股车,陆仁甲96,0.693,low_conf
00:20:14.72,30368,青竹小轩股车,三色治阿善,0.616,low_conf
00:20:14.72,30368,青竹小轩股车,西瓜爱糯米,0.628,low_conf
00:20:14.72,30368,青竹小轩股车,茶焖砂糖,0.604,low_conf
00:20:14.72,30368,青竹小轩股车,陆若山方高,0.649,low_conf
00:20:14.72,30368,青竹小轩股车,三战的阿麦,0.709,low_conf
00:20:14.72,30368,青竹小轩股车,西瓜瓜的冬,0.731,low_conf
00:20:14.72,30368,青竹小轩股车,好环蛋up,0.609,low_conf
00:20:14.72,30368,青竹小轩股车,三战|韩立,0.727,low_conf
00:20:14.72,30368,青竹小轩股车,主面小白虫,0.624,low_conf
00:20:14.72,30368,青竹小轩股车,bl：76663292823,0.741,low_conf
00:20:14.72,30368,青竹小轩股车,察狐,0.535,pending
00:20:14.72,30368,青竹小轩股车,隆小ika,0.535,pending
00:20:14.72,30368,青竹小轩股车,西瓜井什松花,0.697,low_conf
00:20:14.72,30368,青竹小轩股车,鹿丸Shika,0.721,low_conf
00:20:14.72,30368,青竹小轩股车,散人胖次两来八,0.639,low_conf
00:20:14.72,30368,青竹小轩股车,西瓜味奶柠檬,0.572,pending
00:20:14.72,30368,青竹小轩股车,路陌无痕,0.746,low_conf
00:20:14.72,30368,青竹小轩股车,骚动海绵,0.62,low_conf
00:20:14.72,30368,青竹小轩股车,西海普辅导,0.653,low_conf
00:20:14.72,30368,青竹小轩股车,超爱金毛响,0.672,low_conf
00:20:14.72,30368,青竹小轩股车,好！,0.466,pending
00:20:14.72,30368,青竹小轩股车,西,0.489,pending
00:20:14.72,30368,青竹小轩股车,bl 89752357506,0.746,low_conf
00:20:14.72,30368,青竹小轩股车,超爱小秀货,0.734,low_conf
00:20:14.72,30368,青竹小轩股车,昊天金帝,0.599,pending
00:20:14.72,30368,青竹小轩股车,裁鬼笑,0.573,pending
00:20:14.72,30368,青竹小轩股车,傻肥螺丝v,0.657,low_conf
00:20:14.72,30368,青竹小轩股车,西陵妮异龙snow,0.727,low_conf
00:20:14.72,30368,青竹小轩股车,bl81/55321818,0.735,low_conf
00:20:14.72,30368,青竹小轩股车,浩态代妻妻,0.603,low_conf
00:20:14.72,30368,青竹小轩股车,我仙生,0.537,pending
00:20:14.72,30368,青竹小轩股车,傻阳你AY,0.454,pending
00:20:14.72,30368,青竹小轩股车,西南,0.659,low_conf
00:20:18.40,30460,青竹小轩股车,超凡频道,0.639,low_conf
00:20:18.40,30460,青竹小轩股车,耗烙の,0.711,low_conf
00:20:18.40,30460,青竹小轩股车,西喜,0.455,pending
00:20:18.40,30460,青竹小轩股车,QAQZz1,0.64,low_conf
00:20:18.40,30460,青竹小轩股车,超级孢子,0.703,low_conf
00:20:18.40,30460,青竹小轩股车,呵呵葡萄,0.726,low_conf
00:20:18.40,30460,青竹小轩股车,西西le了,0.741,low_conf
00:20:18.40,30460,青竹小轩股车,律无奔,0.736,low_conf
00:20:18.40,30460,青竹小轩股车,山吾石武,0.633,low_conf
00:20:18.40,30460,青竹小轩股车,西西霉,0.705,low_conf
00:20:18.40,30460,青竹小轩股车,西溪西,0.74,low_conf
00:20:18.40,30460,青竹小轩股车,未汝鬼,0.651,low_conf
00:20:18.40,30460,青竹小轩股车,疡璃-璃磅,0.557,pending
00:20:18.40,30460,青竹小轩股车,西夜莱咯,0.684,low_conf
00:20:18.40,30460,青竹小轩股车,磅月浮尘,0.622,low_conf
00:20:18.40,30460,青竹小轩股车,何求知,0.731,low_conf
00:20:18.40,30460,青竹小轩股车,原野逐梦,0.703,low_conf
00:20:18.40,30460,青竹小轩股车,Q鴻Q,0.707,low_conf
00:20:18.40,30460,青竹小轩股车,超越18号,0.713,low_conf
00:20:18.40,30460,青竹小轩股车,潮海灵,0.749,low_conf
00:20:18.40,30460,青竹小轩股车,何以见1,0.703,low_conf
00:20:18.40,30460,青竹小轩股车,和气的小妖,0.736,low_conf
00:20:18.40,30460,青竹小轩股车,溪听松吟,0.689,low_conf
00:20:18.40,30460,青竹小轩股车,车就去,0.746,low_conf
00:20:18.40,30460,青竹小轩股车,黑暗贤者,0.722,low_conf
00:20:18.40,30460,青竹小轩股车,韶啊韶,0.663,low_conf
00:20:18.40,30460,青竹小轩股车,沉澈喵,0.72,low_conf
00:20:18.40,30460,青竹小轩股车,韶山湾湾,0.617,low_conf
00:20:18.40,30460,青竹小轩股车,熙凤,0.551,pending
00:20:18.40,30460,青竹小轩股车,落程！,0.619,low_conf
00:20:18.40,30460,青竹小轩股车,曦谦兼璟,0.727,low_conf
00:20:18.40,30460,青竹小轩股车,蛇油怪,0.749,low_conf
00:20:18.40,30460,青竹小轩股车,辰逸,0.665,low_conf
00:20:18.40,30460,青竹小轩股车,落魄啦,0.638,low_conf
00:20:18.40,30460,青竹小轩股车,陈臣,0.666,low_conf
00:20:18.40,30460,青竹小轩股车,嘿猛妞,0.738,low_conf
00:20:18.40,30460,青竹小轩股车,落日舟Z,0.653,low_conf
00:20:18.40,30460,青竹小轩股车,谁都不好使,0.704,low_conf
00:20:18.40,30460,青竹小轩股车,月初鸭,0.748,low_conf
00:20:18.40,30460,青竹小轩股车,喜糖爸爸,0.721,low_conf
00:20:18.40,30460,青竹小轩股车,晨木律,0.671,low_conf
00:20:18.40,30460,青竹小轩股车,享大利,0.67,low_conf
00:20:18.40,30460,青竹小轩股车,戏半,0.666,low_conf
00:20:18.40,30460,青竹小轩股车,横店,0.609,low_conf
00:20:18.40,30460,青竹小轩股车,麻麻楠,0.747,low_conf
00:20:18.40,30460,青竹小轩股车,bill 陈永刚,0.712,low_conf
00:20:18.40,30460,青竹小轩股车,麻薯M,0.746,low_conf
00:20:18.40,30460,青竹小轩股车,-深度呼吸,0.749,low_conf
00:20:18.40,30460,青竹小轩股车,戏缘君,0.734,low_conf
00:20:18.40,30460,青竹小轩股车,成宇安1,0.694,low_conf
00:20:18.40,30460,青竹小轩股车,月明缺,0.749,low_conf
00:20:18.40,30460,青竹小轩股车,bili小恶魔,0.693,low_conf
00:20:18.40,30460,青竹小轩股车,马百亿,0.743,low_conf
00:20:18.40,30460,青竹小轩股车,bill月玥,0.664,low_conf
00:20:18.40,30460,青竹小轩股车,诚挚7777,0.635,low_conf
00:20:18.40,30460,青竹小轩股车,月上浅浅,0.717,low_conf
00:20:18.40,30460,青竹小轩股车,夏朝怡,0.712,low_conf
00:20:18.40,30460,青竹小轩股车,乘舟牧鱼,0.721,low_conf
00:20:18.40,30460,青竹小轩股车,玛格,0.63,low_conf
00:20:18.40,30460,青竹小轩股车,橙衣兔,0.742,low_conf
00:20:18.40,30460,青竹小轩股车,夏祭√影法飾,0.641,low_conf
00:20:22.08,30552,青竹小轩股车,ryvhih,0.695,low_conf
00:20:22.08,30552,青竹小轩股车,红人桐,0.564,pending
00:20:22.08,30552,青竹小轩股车,夏了个,0.638,low_conf
00:20:22.08,30552,青竹小轩股车,神棍陈,0.749,low_conf
00:20:22.08,30552,青竹小轩股车,夏临哈哈,0.705,low_conf
00:20:22.08,30552,青竹小轩股车,bojun26,0.723,low_conf
00:20:22.08,30552,青竹小轩股车,夏筋粥,0.687,low_conf
00:20:22.08,30552,青竹小轩股车,SammiLLL,0.717,low_conf
00:20:22.08,30552,青竹小轩股车,去立是我儿,0.743,low_conf
00:20:22.08,30552,青竹小轩股车,吃辣喝开水、,0.712,low_conf
00:20:22.08,30552,青竹小轩股车,虾小,0.365,pending
00:20:22.08,30552,青竹小轩股车,夏夏一跳,0.693,low_conf
00:20:22.08,30552,青竹小轩股车,Brook-l,0.648,low_conf
00:20:22.08,30552,青竹小轩股车,呼呼哈-,0.7,low_conf
00:20:22.08,30552,青竹小轩股车,蜜狂猫客,0.693,low_conf
00:20:22.08,30552,青竹小轩股车,夏叶飞,0.632,low_conf
00:20:22.08,30552,青竹小轩股车,brow..,0.634,low_conf
00:20:22.08,30552,青竹小轩股车,sdzo00,0.543,pending
00:20:22.08,30552,青竹小轩股车,神之沙,0.746,low_conf
00:20:22.08,30552,青竹小轩股车,夏有名祈,0.705,low_conf
00:20:22.08,30552,青竹小轩股车,吃着玩,0.719,low_conf
00:20:22.08,30552,青竹小轩股车,胡迷糊,0.715,low_conf
00:20:22.08,30552,青竹小轩股车,芒收,0.622,low_conf
00:20:22.08,30552,青竹小轩股车,Seang,0.735,low_conf
00:20:22.08,30552,青竹小轩股车,痴了嘻,0.656,low_conf
00:20:22.08,30552,青竹小轩股车,Bxy0209,0.725,low_conf
00:20:22.08,30552,青竹小轩股车,虫虫单,0.661,low_conf
00:20:22.08,30552,青竹小轩股车,胡支支支文99,0.606,low_conf
00:20:22.08,30552,青竹小轩股车,猫恩老子,0.717,low_conf
00:20:22.08,30552,青竹小轩股车,沈夜sy,0.708,low_conf
00:20:22.08,30552,青竹小轩股车,猫谷居士,0.692,low_conf
00:20:22.08,30552,青竹小轩股车,蛋末叶楼,0.532,pending
00:20:22.08,30552,青竹小轩股车,生姜柑子茶,0.708,low_conf
00:20:22.08,30552,青竹小轩股车,出猪车,0.701,low_conf
00:20:22.08,30552,青竹小轩股车,失叶落,0.692,low_conf
00:20:22.08,30552,青竹小轩股车,失约于月光,0.689,low_conf
00:20:22.08,30552,青竹小轩股车,矛盾,0.532,pending
00:20:22.08,30552,青竹小轩股车,CHENG_LL,0.724,low_conf
00:20:22.08,30552,青竹小轩股车,楚汉下,0.699,low_conf
00:20:22.08,30552,青竹小轩股车,官险扶苏,0.639,low_conf
00:20:22.08,30552,青竹小轩股车,川小茗,0.703,low_conf
00:20:22.08,30552,青竹小轩股车,花胶—壶酒,0.712,low_conf
00:20:22.08,30552,青竹小轩股车,么么嗒大叔,0.735,low_conf
00:20:22.08,30552,青竹小轩股车,再无花海,0.745,low_conf
00:20:22.08,30552,青竹小轩股车,狮髪毛,0.583,pending
00:20:22.08,30552,青竹小轩股车,香识,0.662,low_conf
00:20:22.08,30552,青竹小轩股车,穿着拖鞋蹈踏,0.719,low_conf
00:20:22.08,30552,青竹小轩股车,+次芳、,0.575,pending
00:20:22.08,30552,青竹小轩股车,花卿卿卿卸,0.649,low_conf
00:20:22.08,30552,青竹小轩股车,十古月鸟,0.712,low_conf
00:20:22.08,30552,青竹小轩股车,想婷婷-,0.501,pending
00:20:22.08,30552,青竹小轩股车,Chiu_yi,0.693,low_conf
00:20:22.08,30552,青竹小轩股车,船航,0.666,low_conf
00:20:25.76,30644,青竹小轩股车,ChuylateRoyYu,0.685,low_conf
00:20:25.76,30644,青竹小轩股车,Sin 君,0.549,pending
00:20:25.76,30644,青竹小轩股车,花色羽缤死花干堂,0.686,low_conf
00:20:25.76,30644,青竹小轩股车,十年未见君还安,0.749,low_conf
00:20:25.76,30644,青竹小轩股车,想买车件,0.612,low_conf
00:20:25.76,30644,青竹小轩股车,创世璃,0.703,low_conf
00:20:25.76,30644,青竹小轩股车,十七代特,0.414,pending
00:20:25.76,30644,青竹小轩股车,想态先生律,0.693,low_conf
00:20:25.76,30644,青竹小轩股车,Choiwd树,0.578,pending
00:20:25.76,30644,青竹小轩股车,十寓伏特,0.598,pending
00:20:25.76,30644,青竹小轩股车,在下中岛有何贵千,0.719,low_conf
00:20:25.76,30644,青竹小轩股车,Choki赛机,0.596,pending
00:20:25.76,30644,青竹小轩股车,skr,0.527,pending
00:20:25.76,30644,青竹小轩股车,华年0,0.564,pending
00:20:25.76,30644,青竹小轩股车,十二狼J,0.596,pending
00:20:25.76,30644,青竹小轩股车,想要你天的哦！,0.575,pending
00:20:25.76,30644,青竹小轩股车,揽钱无付女士,0.705,low_conf
00:20:25.76,30644,青竹小轩股车,chong4r,0.728,low_conf
00:20:25.76,30644,青竹小轩股车,sky-xxxxx,0.64,low_conf
00:20:25.76,30644,青竹小轩股车,刻过天幕,0.551,pending
00:20:25.76,30644,青竹小轩股车,没羽箭夫捷,0.74,low_conf
00:20:25.76,30644,青竹小轩股车,轻！,0.235,pending
00:20:25.76,30644,青竹小轩股车,想祝你睡眠自由,0.569,pending
00:20:25.76,30644,青竹小轩股车,Chaisink肥嘟嘟嘟哪,0.696,low_conf
00:20:25.76,30644,青竹小轩股车,春日冬销,0.645,low_conf
00:20:25.76,30644,青竹小轩股车,怀瑾握瑜S,0.445,pending
00:20:25.76,30644,青竹小轩股车,玫瑰嘉枝加冰,0.643,low_conf
00:20:25.76,30644,青竹小轩股车,时字伤の,0.639,low_conf
00:20:25.76,30644,青竹小轩股车,同舞,0.158,pending
00:20:25.76,30644,青竹小轩股车,赞美甜冰茶,0.502,pending
00:20:25.76,30644,青竹小轩股车,春水映梨楼,0.651,low_conf
00:20:25.76,30644,青竹小轩股车,欢欢的宝器,0.749,low_conf
00:20:25.76,30644,青竹小轩股车,梅子爱蜜饯,0.735,low_conf
00:20:25.76,30644,青竹小轩股车,时不理,0.635,low_conf
00:20:25.76,30644,青竹小轩股车,与抄能纱能子,0.454,pending
00:20:25.76,30644,青竹小轩股车,幻月丶枫夜,0.704,low_conf
00:20:25.76,30644,青竹小轩股车,軒小,0.511,pending
00:20:25.76,30644,青竹小轩股车,时间差不,0.633,low_conf
00:20:25.76,30644,青竹小轩股车,橡拔蚌的,0.48,pending
00:20:25.76,30644,青竹小轩股车,红奶,0.162,pending
00:20:25.76,30644,青竹小轩股车,橡胶拉面,0.718,low_conf
00:20:25.76,30644,青竹小轩股车,早自迎聚韩天尊,0.619,low_conf
00:20:25.76,30644,青竹小轩股车,纯火伤,0.747,low_conf
00:20:25.76,30644,青竹小轩股车,荒数,0.635,low_conf
00:20:25.76,30644,青竹小轩股车,时忘溪,0.589,pending
00:20:25.76,30644,青竹小轩股车,晓填Ae叫又喷水,0.598,pending
00:20:25.76,30644,青竹小轩股车,每大都好困yc,0.706,low_conf
00:20:25.76,30644,青竹小轩股车,实在柔困啦Tyt,0.696,low_conf
00:20:25.76,30644,青竹小轩股车,消防车定服支喷水,0.677,low_conf
00:20:25.76,30644,青竹小轩股车,茨木凌鸟,0.532,pending
00:20:25.76,30644,青竹小轩股车,皇帝电话,0.64,low_conf
00:20:25.76,30644,青竹小轩股车,美鹤的,0.653,low_conf
00:20:25.76,30644,青竹小轩股车,拾参,0.286,pending
00:20:25.76,30644,青竹小轩股车,claren伦,0.739,low_conf
00:20:25.76,30644,青竹小轩股车,此去路道,0.699,low_conf
00:20:25.76,30644,青竹小轩股车,皇儿的额娘,0.745,low_conf
00:20:25.76,30644,青竹小轩股车,拾楼,0.466,pending
00:20:25.76,30644,青竹小轩股车,消逝瞬德,0.654,low_conf
00:20:25.76,30644,青竹小轩股车,星市三,0.167,pending
00:20:25.76,30644,青竹小轩股车,美丽琳,0.635,low_conf
00:20:25.76,30644,青竹小轩股车,食蜂蝶折,0.729,low_conf
00:20:25.76,30644,青竹小轩股车,道侠德97,0.6,low_conf
00:20:25.76,30644,青竹小轩股车,Choverzs,0.675,low_conf
00:20:25.76,30644,青竹小轩股车,次次面面,0.745,low_conf
00:20:25.76,30644,青竹小轩股车,黄冰糖,0.714,low_conf
00:20:25.76,30644,青竹小轩股车,食梦者安,0.667,low_conf
00:20:25.76,30644,青竹小轩股车,萧道成199,0.619,low_conf
00:20:25.76,30644,青竹小轩股车,贼哈哈绅士,0.719,low_conf
00:20:25.76,30644,青竹小轩股车,cms.scar,0.703,low_conf
00:20:25.76,30644,青竹小轩股车,SP亮他多,0.739,low_conf
00:20:25.76,30644,青竹小轩股车,次元与二,0.732,low_conf
00:20:25.76,30644,青竹小轩股车,黄枫谷第一剑修历,0.731,low_conf
00:20:25.76,30644,青竹小轩股车,天中日心,0.398,pending
00:20:25.76,30644,青竹小轩股车,萧山,0.44,pending
00:20:25.76,30644,青竹小轩股车,Cnsan,0.73,low_conf
00:20:25.76,30644,青竹小轩股车,srsjc,0.631,low_conf
00:20:25.76,30644,青竹小轩股车,葱面条,0.746,low_conf
00:20:25.76,30644,青竹小轩股车,美贼,0.345,pending
00:20:25.76,30644,青竹小轩股车,电,0.164,pending
00:20:25.76,30644,青竹小轩股车,雨,0.156,pending
00:20:25.76,30644,青竹小轩股车,Ch桐人得亿-1888,0.748,low_conf
00:20:25.76,30644,青竹小轩股车,黄金口条,0.736,low_conf
00:20:25.76,30644,青竹小轩股车,婚酱,0.498,pending
00:20:25.76,30644,青竹小轩股车,世间温柔王,0.632,low_conf
00:20:25.76,30644,青竹小轩股车,肃术汉漆,0.35,pending
00:20:25.76,30644,青竹小轩股车,COCO得亿,0.66,low_conf
00:20:25.76,30644,青竹小轩股车,黄梁稚梦,0.622,low_conf
00:20:25.76,30644,青竹小轩股车,离油赛亚瓶,0.655,low_conf
00:20:25.76,30644,青竹小轩股车,潇潇落语,0.401,pending
00:20:25.76,30644,青竹小轩股车,CotO娜,0.48,pending
00:20:25.76,30644,青竹小轩股车,仅与,0.32,pending
00:20:25.76,30644,青竹小轩股车,谢仙a,0.38,pending
00:20:25.76,30644,青竹小轩股车,ContiCat康,0.749,low_conf
00:20:25.76,30644,青竹小轩股车,summer_gh,0.746,low_conf
00:20:25.76,30644,青竹小轩股车,黄心野,0.743,low_conf
00:20:25.76,30644,青竹小轩股车,萌萌窗,0.192,pending
00:20:25.76,30644,青竹小轩股车,得記,0.497,pending
00:20:25.76,30644,青竹小轩股车,小墨救恼,0.422,pending
00:20:25.76,30644,青竹小轩股车,Summer栋款,0.689,low_conf
00:20:25.76,30644,青竹小轩股车,是sam,0.557,pending
00:20:25.76,30644,青竹小轩股车,小没愁松,0.521,pending
00:20:25.76,30644,青竹小轩股车,constoomo,0.673,low_conf
00:20:25.76,30644,青竹小轩股车,是显森,0.559,pending
00:20:25.76,30644,青竹小轩股车,小楼子,0.605,low_conf
00:20:25.76,30644,青竹小轩股车,cosim,0.69,low_conf
00:20:25.76,30644,青竹小轩股车,崔斯特特,0.749,low_conf
00:20:25.76,30644,青竹小轩股车,小安莱孤单,0.626,low_conf
00:20:25.76,30644,青竹小轩股车,CPC-K,0.642,low_conf
00:20:25.76,30644,青竹小轩股车,猛男妞花,0.417,pending
00:20:25.76,30644,青竹小轩股车,是大主同学,0.672,low_conf
00:20:25.76,30644,青竹小轩股车,小,0.435,pending
00:20:25.76,30644,青竹小轩股车,挥舞把的丘乒人,0.729,low_conf
00:20:25.76,30644,青竹小轩股车,活男文娇差,0.516,pending
00:20:25.76,30644,青竹小轩股车,是健咔是建,0.726,low_conf
00:20:25.76,30644,青竹小轩股车,小摆鼎平,0.481,pending
00:20:25.76,30644,青竹小轩股车,C都个谁,0.391,pending
00:20:25.76,30644,青竹小轩股车,Sun远沙,0.737,low_conf
00:20:25.76,30644,青竹小轩股车,挥萌萌,0.523,pending
00:20:25.76,30644,青竹小轩股车,是略略啊,0.658,low_conf
00:20:25.76,30644,青竹小轩股车,小乒星的超级乓,0.683,low_conf
00:20:25.76,30644,青竹小轩股车,辉耀,0.615,low_conf
00:20:25.76,30644,青竹小轩股车,森心你,0.365,pending
00:20:25.76,30644,青竹小轩股车,是哇特儿,0.689,low_conf
00:20:25.76,30644,青竹小轩股车,小英中的超级兵,0.739,low_conf
00:20:25.76,30644,青竹小轩股车,妇己虽美,0.602,low_conf
00:20:25.76,30644,青竹小轩股车,梦道,0.661,low_conf
00:20:25.76,30644,青竹小轩股车,是小凯吖-本,0.686,low_conf
00:20:25.76,30644,青竹小轩股车,小波夢和止正,0.567,pending
00:20:25.76,30644,青竹小轩股车,cyxyxyxyxc,0.638,low_conf
00:20:25.76,30644,青竹小轩股车,徽常师,0.672,low_conf
00:20:25.76,30644,青竹小轩股车,梦蝶幻苏真,0.669,low_conf
00:20:25.76,30644,青竹小轩股车,小布爱师无,0.695,low_conf
00:20:25.76,30644,青竹小轩股车,张大务随便弹,0.745,low_conf
00:20:25.76,30644,青竹小轩股车,Czi的饭太稀,0.68,low_conf
00:20:25.76,30644,青竹小轩股车,是小沫呐,0.621,low_conf
00:20:25.76,30644,青竹小轩股车,小唇子同掌,0.552,pending
00:20:25.76,30644,青竹小轩股车,Ck0420,0.61,low_conf
00:20:25.76,30644,青竹小轩股车,回忆忆清色重,0.599,pending
00:20:25.76,30644,青竹小轩股车,梦国玄之世,0.526,pending
00:20:25.76,30644,青竹小轩股车,是小屁啊,0.7,low_conf
00:20:25.76,30644,青竹小轩股车,小陈陈下场,0.644,low_conf
00:20:29.44,30736,青竹小轩股车,是修哉啊,0.724,low_conf
00:20:29.44,30736,青竹小轩股车,silinwu,0.685,low_conf
00:20:29.44,30736,青竹小轩股车,大A比数学难,0.748,low_conf
00:20:29.44,30736,青竹小轩股车,DOwn.,0.662,low_conf
00:20:29.44,30736,青竹小轩股车,大R猎人,0.745,low_conf
00:20:29.44,30736,青竹小轩股车,绘画里花,0.729,low_conf
00:20:29.44,30736,青竹小轩股车,梦影Z,0.72,low_conf
00:20:29.44,30736,青竹小轩股车,释乌,0.589,pending
00:20:29.44,30736,青竹小轩股车,小蛋糕鸭,0.652,low_conf
00:20:29.44,30736,青竹小轩股车,sywzcx,0.599,pending
00:20:29.44,30736,青竹小轩股车,魂逸枣,0.583,pending
00:20:29.44,30736,青竹小轩股车,咪哩罗,0.702,low_conf
00:20:29.44,30736,青竹小轩股车,守护、呆,0.737,low_conf
00:20:29.44,30736,青竹小轩股车,长毛象大王,0.745,low_conf
00:20:29.44,30736,青竹小轩股车,活儿,0.664,low_conf
00:20:29.44,30736,青竹小轩股车,寿司狗,0.748,low_conf
00:20:29.44,30736,青竹小轩股车,長伴身遗的御是我,0.714,low_conf
00:20:29.44,30736,青竹小轩股车,咪咪眼的迷路,0.711,low_conf
00:20:29.44,30736,青竹小轩股车,书生侠客心,0.747,low_conf
00:20:29.44,30736,青竹小轩股车,小二Owo,0.538,pending
00:20:29.44,30736,青竹小轩股车,枢極,0.496,pending
00:20:29.44,30736,青竹小轩股车,米浴ZZ,0.655,low_conf
00:20:29.44,30736,青竹小轩股车,曙光,0.664,low_conf
00:20:29.44,30736,青竹小轩股车,树静鸣鲷,0.721,low_conf
00:20:29.44,30736,青竹小轩股车,小孩子de萝,0.71,low_conf
00:20:29.44,30736,青竹小轩股车,喆喆老积极,0.746,low_conf
00:20:29.44,30736,青竹小轩股车,叽呼橘,0.612,low_conf
00:20:29.44,30736,青竹小轩股车,免姬君,0.741,low_conf
00:20:29.44,30736,青竹小轩股车,大江瀚海,0.729,low_conf
00:20:29.44,30736,青竹小轩股车,树夜魂,0.749,low_conf
00:20:29.44,30736,青竹小轩股车,小幻鸽鸽,0.716,low_conf
00:20:29.44,30736,青竹小轩股车,面倒,0.528,pending
00:20:29.44,30736,青竹小轩股车,树一个,0.748,low_conf
00:20:29.44,30736,青竹小轩股车,积厚抚云程,0.746,low_conf
00:20:29.44,30736,青竹小轩股车,喵胡椒,0.73,low_conf
00:20:29.44,30736,青竹小轩股车,大牛奶2020,0.719,low_conf
00:20:29.44,30736,青竹小轩股车,大圣狗,0.749,low_conf
00:20:29.44,30736,青竹小轩股车,小枯叶OvO,0.727,low_conf
00:20:33.12,30828,青竹小轩股车,喵呜呜呜wu,0.678,low_conf
00:20:33.12,30828,青竹小轩股车,大新见惯,0.42,pending
00:20:33.12,30828,青竹小轩股车,极阴岛五代目厉飞,0.719,low_conf
00:20:33.12,30828,青竹小轩股车,妙飛卒真君,0.611,low_conf
00:20:33.12,30828,青竹小轩股车,小鲲鲲陛下,0.654,low_conf
00:20:33.12,30828,青竹小轩股车,Dst,0.51,pending
00:20:33.12,30828,青竹小轩股车,Tsuk Bito牛生,0.617,low_conf
00:20:33.12,30828,青竹小轩股车,大买ng,0.675,low_conf
00:20:33.12,30828,青竹小轩股车,灭世哥,0.573,pending
00:20:33.12,30828,青竹小轩股车,dtiisen28,0.749,low_conf
00:20:33.12,30828,青竹小轩股车,Tuknzi团团,0.669,low_conf
00:20:33.12,30828,青竹小轩股车,大头会头大,0.705,low_conf
00:20:33.12,30828,青竹小轩股车,曼瑞瑶,0.311,pending
00:20:33.12,30828,青竹小轩股车,霜Wind,0.66,low_conf
00:20:33.12,30828,青竹小轩股车,小蓝蓝田,0.675,low_conf
00:20:33.12,30828,青竹小轩股车,dudu爱小美,0.706,low_conf
00:20:33.12,30828,青竹小轩股车,turbohao,0.731,low_conf
00:20:33.12,30828,青竹小轩股车,大头世界第一可爱,0.687,low_conf
00:20:33.12,30828,青竹小轩股车,祝得多吃右,0.644,low_conf
00:20:33.12,30828,青竹小轩股车,小林真的佛了,0.726,low_conf
00:20:33.12,30828,青竹小轩股车,Ture红珍,0.743,low_conf
00:20:33.12,30828,青竹小轩股车,大碗,0.402,pending
00:20:33.12,30828,青竹小轩股车,技才多厕所,0.511,pending
00:20:33.12,30828,青竹小轩股车,国love侯,0.531,pending
00:20:33.12,30828,青竹小轩股车,霜天月tsuki,0.684,low_conf
00:20:33.12,30828,青竹小轩股车,小落喵ovo,0.675,low_conf
00:20:33.12,30828,青竹小轩股车,正经孙律,0.671,low_conf
00:20:33.12,30828,青竹小轩股车,大手让残来巡山,0.63,low_conf
00:20:33.12,30828,青竹小轩股车,济南林七校,0.654,low_conf
00:20:33.12,30828,青竹小轩股车,霜桐,0.357,pending
00:20:33.12,30828,青竹小轩股车,IWne,0.485,pending
00:20:33.12,30828,青竹小轩股车,大式当无木吐槽,0.543,pending
00:20:33.12,30828,青竹小轩股车,森de食吃蛇,0.486,pending
00:20:33.12,30828,青竹小轩股车,朗天的我，你,0.676,low_conf
00:20:33.12,30828,青竹小轩股车,霜鱼yu,0.714,low_conf
00:20:33.12,30828,青竹小轩股车,un xxx,0.678,low_conf
00:20:33.12,30828,青竹小轩股车,大侠爱骑摩托,0.553,pending
00:20:33.12,30828,青竹小轩股车,教大分,0.456,pending
00:20:33.12,30828,青竹小轩股车,明月本wu心,0.473,pending
00:20:33.12,30828,青竹小轩股车,爽爽没有名字,0.696,low_conf
00:20:33.12,30828,青竹小轩股车,大齿飞哥,0.498,pending
00:20:33.12,30828,青竹小轩股车,水果的关标升级版,0.699,low_conf
00:20:33.12,30828,青竹小轩股车,小美的兵,0.711,low_conf
00:20:33.12,30828,青竹小轩股车,usu23,0.472,pending
00:20:33.12,30828,青竹小轩股车,大兄美一枚,0.657,low_conf
00:20:33.12,30828,青竹小轩股车,寂の琦,0.3,pending
00:20:33.12,30828,青竹小轩股车,蒙赛之中自有,0.605,low_conf
00:20:33.12,30828,青竹小轩股车,水晶星主耀,0.602,low_conf
00:20:33.12,30828,青竹小轩股车,小谜陆,0.623,low_conf
00:20:33.12,30828,青竹小轩股车,Eas卖le,0.666,low_conf
00:20:33.12,30828,青竹小轩股车,大能日堂,0.496,pending
00:20:33.12,30828,青竹小轩股车,桂风W,0.315,pending
00:20:33.12,30828,青竹小轩股车,莫土追魂御坂,0.572,pending
00:20:33.12,30828,青竹小轩股车,水墨丹青,0.505,pending
00:20:33.12,30828,青竹小轩股车,eetteeli,0.689,low_conf
00:20:33.12,30828,青竹小轩股车,大婴疼爱你,0.47,pending
00:20:33.12,30828,青竹小轩股车,模骨大仙,0.471,pending
00:20:33.12,30828,青竹小轩股车,小裴,0.621,low_conf
00:20:33.12,30828,青竹小轩股车,知世大导演荐,0.621,low_conf
00:20:33.12,30828,青竹小轩股车,大朱素友,0.266,pending
00:20:33.12,30828,青竹小轩股车,加量不爱吃青椒,0.666,low_conf
00:20:33.12,30828,青竹小轩股车,水水水娜,0.608,low_conf
00:20:33.12,30828,青竹小轩股车,小午162,0.738,low_conf
00:20:33.12,30828,青竹小轩股车,vfaxishim,0.521,pending
00:20:33.12,30828,青竹小轩股车,朵水锅丝,0.375,pending
00:20:33.12,30828,青竹小轩股车,加童宁狮,0.614,low_conf
00:20:33.12,30828,青竹小轩股车,森森蛇,0.381,pending
00:20:33.12,30828,青竹小轩股车,知行合调慢就是快,0.725,low_conf
00:20:33.12,30828,青竹小轩股车,Elysid,0.703,low_conf
00:20:33.12,30828,青竹小轩股车,Vasikhit,0.702,low_conf
00:20:33.12,30828,青竹小轩股车,桌朵菊子,0.147,pending
00:20:33.12,30828,青竹小轩股车,磨刃河豚,0.612,low_conf
00:20:33.12,30828,青竹小轩股车,加能0,0.35,pending
00:20:33.12,30828,青竹小轩股车,魔z,0.313,pending
00:20:33.12,30828,青竹小轩股车,小秋蜀委,0.592,pending
00:20:33.12,30828,青竹小轩股车,看梦想的游,0.592,pending
00:20:33.12,30828,青竹小轩股车,魔手希biu,0.694,low_conf
00:20:33.12,30828,青竹小轩股车,小在宝儿,0.67,low_conf
00:20:33.12,30828,青竹小轩股车,Vinnekwan,0.706,low_conf
00:20:33.12,30828,青竹小轩股车,特江院,0.415,pending
00:20:33.12,30828,青竹小轩股车,小树三思,0.738,low_conf
00:20:33.12,30828,青竹小轩股车,待晴待风华,0.702,low_conf
00:20:33.12,30828,青竹小轩股车,假面仓管员,0.722,low_conf
00:20:33.12,30828,青竹小轩股车,抹一复,0.329,pending
00:20:33.12,30828,青竹小轩股车,Visientg,0.655,low_conf
00:20:33.12,30828,青竹小轩股车,情9金点,0.316,pending
00:20:33.12,30828,青竹小轩股车,煲牙猫猫,0.596,pending
00:20:33.12,30828,青竹小轩股车,随尘风Z,0.583,pending
00:20:33.12,30828,青竹小轩股车,司小七牙,0.419,pending
00:20:33.12,30828,青竹小轩股车,小歪C-,0.61,low_conf
00:20:33.12,30828,青竹小轩股车,VLICH,0.676,low_conf
00:20:33.12,30828,青竹小轩股车,藏着红领中的橙子十！！,0.696,low_conf
00:20:33.12,30828,青竹小轩股车,绒默谁说,0.672,low_conf
00:20:33.12,30828,青竹小轩股车,陌路星凡,0.728,low_conf
00:20:33.12,30828,青竹小轩股车,ymeu,0.593,pending
00:20:33.12,30828,青竹小轩股车,丹程浴海,0.491,pending
00:20:33.12,30828,青竹小轩股车,煎饼果子夹油条不,0.744,low_conf
00:20:33.12,30828,青竹小轩股车,阳路星凡,0.565,pending
00:20:33.12,30828,青竹小轩股车,斯纳克,0.686,low_conf
00:20:33.12,30828,青竹小轩股车,敢蛋未吃嫩,0.519,pending
00:20:33.12,30828,青竹小轩股车,斯强泰戈,0.719,low_conf
00:20:33.12,30828,青竹小轩股车,Vung2y,0.529,pending
00:20:33.12,30828,青竹小轩股车,丹格hxt,0.512,pending
00:20:33.12,30828,青竹小轩股车,前蛋类茶,0.38,pending
00:20:33.12,30828,青竹小轩股车,陌宵站,0.324,pending
00:20:33.12,30828,青竹小轩股车,Vn大师哥,0.271,pending
00:20:33.12,30828,青竹小轩股车,传仁地狱,0.428,pending
00:20:33.12,30828,青竹小轩股车,抢字618,0.528,pending
00:20:33.12,30828,青竹小轩股车,撕逼小能手、,0.692,low_conf
00:20:33.12,30828,青竹小轩股车,V距7读,0.726,low_conf
00:20:33.12,30828,青竹小轩股车,弹弹饼酱,0.727,low_conf
00:20:33.12,30828,青竹小轩股车,简色CETL,0.727,low_conf
00:20:33.12,30828,青竹小轩股车,淡淡的看谁,0.679,low_conf
00:20:33.12,30828,青竹小轩股车,贝录喜朵,0.504,pending
00:20:33.12,30828,青竹小轩股车,莫秋炎,0.694,low_conf
00:20:33.12,30828,青竹小轩股车,小小鱼水,0.685,low_conf
00:20:33.12,30828,青竹小轩股车,WangHI,0.623,low_conf
00:20:33.12,30828,青竹小轩股车,淡冰脖,0.322,pending
00:20:33.12,30828,青竹小轩股车,建泰尔当家,0.7,low_conf
00:20:33.12,30828,青竹小轩股车,莫松,0.629,low_conf
00:20:33.12,30828,青竹小轩股车,Evil3mon,0.702,low_conf
00:20:33.12,30828,青竹小轩股车,蛋饼小摊,0.687,low_conf
00:20:33.12,30828,青竹小轩股车,四野飞雪,0.603,low_conf
00:20:33.12,30828,青竹小轩股车,Wangweli,0.648,low_conf
00:20:33.12,30828,青竹小轩股车,蛋糕丝斑,0.539,pending
00:20:33.12,30828,青竹小轩股车,天erome,0.697,low_conf
00:20:33.12,30828,青竹小轩股车,剑箭剪,0.73,low_conf
00:20:33.12,30828,青竹小轩股车,黑大户,0.557,pending
00:20:33.12,30828,青竹小轩股车,淞索罗尔,0.711,low_conf
00:20:33.12,30828,青竹小轩股车,小羊西瓜霜,0.749,low_conf
00:20:33.12,30828,青竹小轩股车,wawayne,0.452,pending
00:20:33.12,30828,青竹小轩股车,当年的月2020,0.712,low_conf
00:20:33.12,30828,青竹小轩股车,剑心殊痕,0.491,pending
00:20:33.12,30828,青竹小轩股车,墨迹留痕S,0.713,low_conf
00:20:36.80,30920,青竹小轩股车,剑心痕,0.744,low_conf
00:20:36.80,30920,青竹小轩股车,F-L Y2026,0.735,low_conf
00:20:36.80,30920,青竹小轩股车,当时谁路过,0.743,low_conf
00:20:36.80,30920,青竹小轩股车,苏0422,0.713,low_conf
00:20:36.80,30920,青竹小轩股车,健康沙漠,0.705,low_conf
00:20:36.80,30920,青竹小轩股车,小杨三皮,0.697,low_conf
00:20:36.80,30920,青竹小轩股车,苏败哦,0.749,low_conf
00:20:36.80,30920,青竹小轩股车,小也许,0.747,low_conf
00:20:36.80,30920,青竹小轩股车,智智岐岐岐,0.636,low_conf
00:20:36.80,30920,青竹小轩股车,Wen沫,0.7,low_conf
00:20:36.80,30920,青竹小轩股车,墨染行宴,0.649,low_conf
00:20:36.80,30920,青竹小轩股车,苏城渺渺,0.705,low_conf
00:20:36.80,30920,青竹小轩股车,江风菜,0.73,low_conf
00:20:36.80,30920,青竹小轩股车,苏打拌可乐,0.732,low_conf
00:20:36.80,30920,青竹小轩股车,中崋小當家,0.73,low_conf
00:20:36.80,30920,青竹小轩股车,WixXL,0.551,pending
00:20:36.80,30920,青竹小轩股车,江海靖尘器,0.741,low_conf
00:20:36.80,30920,青竹小轩股车,FD丶坑爹,0.675,low_conf
00:20:36.80,30920,青竹小轩股车,苏里南、,0.713,low_conf
00:20:36.80,30920,青竹小轩股车,小源子1！11,0.647,low_conf
00:20:36.80,30920,青竹小轩股车,苏准帝,0.684,low_conf
00:20:36.80,30920,青竹小轩股车,德哥尔,0.745,low_conf
00:20:36.80,30920,青竹小轩股车,溯洄中澤,0.592,pending
00:20:36.80,30920,青竹小轩股车,江浔梅,0.716,low_conf
00:20:36.80,30920,青竹小轩股车,酸果醋,0.746,low_conf
00:20:36.80,30920,青竹小轩股车,Wwxidi,0.668,low_conf
00:20:36.80,30920,青竹小轩股车,江渚聆风,0.679,low_conf
00:20:36.80,30920,青竹小轩股车,晓小菜,0.62,low_conf
00:20:36.80,30920,青竹小轩股车,筱小敦,0.716,low_conf
00:20:36.80,30920,青竹小轩股车,母惠,0.451,pending
00:20:36.80,30920,青竹小轩股车,随心随心!,0.658,low_conf
00:20:36.80,30920,青竹小轩股车,筱小萧,0.74,low_conf
00:20:36.80,30920,青竹小轩股车,肖艾,0.655,low_conf
00:20:36.80,30920,青竹小轩股车,Fumes.,0.745,low_conf
00:20:36.80,30920,青竹小轩股车,灯心马,0.748,low_conf
00:20:36.80,30920,青竹小轩股车,将错题啊,0.725,low_conf
00:20:36.80,30920,青竹小轩股车,孙见深,0.749,low_conf
00:20:36.80,30920,青竹小轩股车,孙正义,0.693,low_conf
00:20:36.80,30920,青竹小轩股车,舟渡耀星河,0.745,low_conf
00:20:36.80,30920,青竹小轩股车,狄莱,0.662,low_conf
00:20:36.80,30920,青竹小轩股车,谢不能,0.749,low_conf
00:20:36.80,30920,青竹小轩股车,XTi安,0.722,low_conf
00:20:36.80,30920,青竹小轩股车,僵博王,0.525,pending
00:20:36.80,30920,青竹小轩股车,锁痕的崂叻,0.667,low_conf
00:20:36.80,30920,青竹小轩股车,X木心X,0.722,low_conf
00:20:36.80,30920,青竹小轩股车,敌心,0.666,low_conf
00:20:36.80,30920,青竹小轩股车,心安文斋,0.723,low_conf
00:20:36.80,30920,青竹小轩股车,木纸丸,0.737,low_conf
00:20:36.80,30920,青竹小轩股车,他与猫佑,0.747,low_conf
00:20:36.80,30920,青竹小轩股车,周泽疆,0.749,low_conf
00:20:36.80,30920,青竹小轩股车,心率,0.565,pending
00:20:36.80,30920,青竹小轩股车,狡猬的江川,0.624,low_conf
00:20:36.80,30920,青竹小轩股车,目观鱼,0.742,low_conf
00:20:36.80,30920,青竹小轩股车,周子鱼,0.749,low_conf
00:20:36.80,30920,青竹小轩股车,yammyzzz,0.71,low_conf
00:20:36.80,30920,青竹小轩股车,心心瑶,0.745,low_conf
00:20:36.80,30920,青竹小轩股车,蒂法湿,0.741,low_conf
00:20:36.80,30920,青竹小轩股车,昕绮汀,0.748,low_conf
00:20:36.80,30920,青竹小轩股车,Griel,0.712,low_conf
00:20:36.80,30920,青竹小轩股车,巅峰神话,0.703,low_conf
00:20:36.80,30920,青竹小轩股车,台博玉,0.746,low_conf
00:20:40.48,31012,青竹小轩股车,Yeungu,0.723,low_conf
00:20:40.48,31012,青竹小轩股车,Gkid.,0.656,low_conf
00:20:40.48,31012,青竹小轩股车,沐阳的,0.392,pending
00:20:40.48,31012,青竹小轩股车,新生古文,0.725,low_conf
00:20:40.48,31012,青竹小轩股车,电疗圣手,0.739,low_conf
00:20:40.48,31012,青竹小轩股车,沐叶江,0.729,low_conf
00:20:40.48,31012,青竹小轩股车,新喜薇,0.749,low_conf
00:20:40.48,31012,青竹小轩股车,杰仔nol,0.594,pending
00:20:40.48,31012,青竹小轩股车,新新qwa,0.679,low_conf
00:20:40.48,31012,青竹小轩股车,宁肉,0.321,pending
00:20:40.48,31012,青竹小轩股车,碣石潇湘-,0.647,low_conf
00:20:40.48,31012,青竹小轩股车,、Deler,0.687,low_conf
00:20:40.48,31012,青竹小轩股车,Yong菜,0.678,low_conf
00:20:40.48,31012,青竹小轩股车,新,0.495,pending
00:20:40.48,31012,青竹小轩股车,GSDER略,0.725,low_conf
00:20:40.48,31012,青竹小轩股车,宁海恩,0.709,low_conf
00:20:40.48,31012,青竹小轩股车,幕夜行,0.704,low_conf
00:20:40.48,31012,青竹小轩股车,薪释,0.66,low_conf
00:20:40.48,31012,青竹小轩股车,于→煎饺,0.484,pending
00:20:40.48,31012,青竹小轩股车,慕ms司,0.681,low_conf
00:20:40.48,31012,青竹小轩股车,谈花,0.603,low_conf
00:20:40.48,31012,青竹小轩股车,相寻,0.665,low_conf
00:20:40.48,31012,青竹小轩股车,丁真焕福,0.642,low_conf
00:20:40.48,31012,青竹小轩股车,檀黎斗咔咪,0.677,low_conf
00:20:40.48,31012,青竹小轩股车,、野良,0.68,low_conf
00:20:40.48,31012,青竹小轩股车,顶质买只,0.323,pending
00:20:40.48,31012,青竹小轩股车,星阿,0.665,low_conf
00:20:40.48,31012,青竹小轩股车,一世杰无言,0.697,low_conf
00:20:40.48,31012,青竹小轩股车,yovyey,0.727,low_conf
00:20:40.48,31012,青竹小轩股车,丢失的豆包,0.617,low_conf
00:20:40.48,31012,青竹小轩股车,汤匙儿掘战境,0.739,low_conf
00:20:40.48,31012,青竹小轩股车,、Frank,0.713,low_conf
00:20:40.48,31012,青竹小轩股车,今天天晴吗,0.5,pending
00:20:40.48,31012,青竹小轩股车,慕、凤、、,0.664,low_conf
00:20:40.48,31012,青竹小轩股车,汤团猪,0.749,low_conf
00:20:40.48,31012,青竹小轩股车,星颂KK,0.717,low_conf
00:20:40.48,31012,青竹小轩股车,孜孜、,0.718,low_conf
00:20:40.48,31012,青竹小轩股车,今天我是欧皇吗,0.723,low_conf
00:20:40.48,31012,青竹小轩股车,星童Zn,0.648,low_conf
00:20:40.48,31012,青竹小轩股车,G一剑,0.647,low_conf
00:20:40.48,31012,青竹小轩股车,东管ou,0.397,pending
00:20:40.48,31012,青竹小轩股车,唐思月,0.636,low_conf
00:20:40.48,31012,青竹小轩股车,Yuymo雨黑,0.705,low_conf
00:20:40.48,31012,青竹小轩股车,东先生看剧,0.739,low_conf
00:20:40.48,31012,青竹小轩股车,斤斤将将,0.749,low_conf
00:20:40.48,31012,青竹小轩股车,猩空,0.603,low_conf
00:20:40.48,31012,青竹小轩股车,冬瓜看看,0.744,low_conf
00:20:40.48,31012,青竹小轩股车,那炎麒,0.737,low_conf
00:20:40.48,31012,青竹小轩股车,行风逸影,0.586,pending
00:20:40.48,31012,青竹小轩股车,冬极自日,0.545,pending
00:20:40.48,31012,青竹小轩股车,纳奇亚,0.74,low_conf
00:20:40.48,31012,青竹小轩股车,乃咪子,0.635,low_conf
00:20:40.48,31012,青竹小轩股车,咚呱头,0.559,pending
00:20:40.48,31012,青竹小轩股车,金山第一魂,0.748,low_conf
00:20:40.48,31012,青竹小轩股车,特摄款,0.734,low_conf
00:20:40.48,31012,青竹小轩股车,ZCI mi,0.655,low_conf
00:20:40.48,31012,青竹小轩股车,冻雨阳台,0.622,low_conf
00:20:40.48,31012,青竹小轩股车,津咕咕,0.736,low_conf
00:20:40.48,31012,青竹小轩股车,奈伽玖,0.601,low_conf
00:20:40.48,31012,青竹小轩股车,熊莓莓x,0.717,low_conf
00:20:40.48,31012,青竹小轩股车,董山道友,0.739,low_conf
00:20:40.48,31012,青竹小轩股车,南安门北安门,0.741,low_conf
00:20:40.48,31012,青竹小轩股车,提笔三落惆帐,0.71,low_conf
00:20:40.48,31012,青竹小轩股车,南城静cC,0.657,low_conf
00:20:40.48,31012,青竹小轩股车,醍醐醉心,0.729,low_conf
00:20:40.48,31012,青竹小轩股车,Zekal,0.718,low_conf
00:20:40.48,31012,青竹小轩股车,兜兜里糖糖秘密,0.647,low_conf
00:20:40.48,31012,青竹小轩股车,熊、小,0.72,low_conf
00:20:40.48,31012,青竹小轩股车,zeleven \,0.736,low_conf
00:20:40.48,31012,青竹小轩股车,抖S三受,0.55,pending
00:20:40.48,31012,青竹小轩股车,休息,0.662,low_conf
00:20:40.48,31012,青竹小轩股车,南宫全土,0.572,pending
00:20:44.16,31104,青竹小轩股车,紫菜拌饭Max,0.735,low_conf
00:20:44.16,31104,青竹小轩股车,南宫王主,0.629,low_conf
00:20:44.16,31104,青竹小轩股车,小熊弟,0.632,low_conf
00:20:44.16,31104,青竹小轩股车,惊蛰念头通达,0.741,low_conf
00:20:44.16,31104,青竹小轩股车,南荒北夷,0.645,low_conf
00:20:44.16,31104,青竹小轩股车,天才十方GK,0.669,low_conf
00:20:44.16,31104,青竹小轩股车,HOX,0.402,pending
00:20:44.16,31104,青竹小轩股车,豆子和豆腐脑,0.691,low_conf
00:20:44.16,31104,青竹小轩股车,南汇新港村,0.721,low_conf
00:20:44.16,31104,青竹小轩股车,杯木尼菜,0.33,pending
00:20:44.16,31104,青竹小轩股车,HOLO-HO,0.678,low_conf
00:20:44.16,31104,青竹小轩股车,窦大胆,0.65,low_conf
00:20:44.16,31104,青竹小轩股车,天力阿开,0.61,low_conf
00:20:44.16,31104,青竹小轩股车,秀坊缸把子,0.683,low_conf
00:20:44.16,31104,青竹小轩股车,南区晨,0.662,low_conf
00:20:44.16,31104,青竹小轩股车,天道乐逍遥,0.705,low_conf
00:20:44.16,31104,青竹小轩股车,虚假的艺,0.676,low_conf
00:20:44.16,31104,青竹小轩股车,天地为炉兮,0.73,low_conf
00:20:44.16,31104,青竹小轩股车,虚空滤腾,0.539,pending
00:20:44.16,31104,青竹小轩股车,ho,0.445,pending
00:20:44.16,31104,青竹小轩股车,笃之行,0.745,low_conf
00:20:44.16,31104,青竹小轩股车,并中残月X,0.72,low_conf
00:20:44.16,31104,青竹小轩股车,He,0.256,pending
00:20:44.16,31104,青竹小轩股车,渡江雨,0.749,low_conf
00:20:44.16,31104,青竹小轩股车,軒小,0.37,pending
00:20:44.16,31104,青竹小轩股车,需要有个三次元名,0.684,low_conf
00:20:44.16,31104,青竹小轩股车,hsisynzib茶合,0.706,low_conf
00:20:44.16,31104,青竹小轩股车,addaaaddddom,0.221,pending
00:20:44.16,31104,青竹小轩股车,憬尘,0.409,pending
00:20:44.16,31104,青竹小轩股车,葡厅,0.169,pending
00:20:44.16,31104,青竹小轩股车,天狐小室,0.591,pending
00:20:44.16,31104,青竹小轩股车,HTT放,0.696,low_conf
00:20:44.16,31104,青竹小轩股车,敬斋居士,0.627,low_conf
00:20:44.16,31104,青竹小轩股车,天空の意,0.705,low_conf
00:20:44.16,31104,青竹小轩股车,徐老师爱瞎玩,0.736,low_conf
00:20:44.16,31104,青竹小轩股车,自家一郎,0.617,low_conf
00:20:44.16,31104,青竹小轩股车,ht蹦蹦,0.685,low_conf
00:20:44.16,31104,青竹小轩股车,段did,0.689,low_conf
00:20:44.16,31104,青竹小轩股车,自律西瓜,0.653,low_conf
00:20:44.16,31104,青竹小轩股车,静水寒,0.648,low_conf
00:20:44.16,31104,青竹小轩股车,天狼凌青寒,0.739,low_conf
00:20:44.16,31104,青竹小轩股车,徐三岁昂艳茶,0.641,low_conf
00:20:44.16,31104,青竹小轩股车,静瑄恒哥,0.735,low_conf
00:20:44.16,31104,青竹小轩股车,内密,0.588,pending
00:20:44.16,31104,青竹小轩股车,天冷兮,0.57,pending
00:20:44.16,31104,青竹小轩股车,许愿,0.551,pending
00:20:44.16,31104,青竹小轩股车,hyperich,0.735,low_conf
00:20:44.16,31104,青竹小轩股车,镜K3N9,0.525,pending
00:20:44.16,31104,青竹小轩股车,天理一心,0.578,pending
00:20:44.16,31104,青竹小轩股车,轩臻坤灵,0.581,pending
00:20:44.16,31104,青竹小轩股车,znynnnnn,0.738,low_conf
00:20:44.16,31104,青竹小轩股车,橄哩墩气,0.552,pending
00:20:44.16,31104,青竹小轩股车,究极雳大魔王,0.729,low_conf
00:20:44.16,31104,青竹小轩股车,轩臻文昌,0.563,pending
00:20:44.16,31104,青竹小轩股车,hz977:,0.337,pending
00:20:44.16,31104,青竹小轩股车,Zreal,0.727,low_conf
00:20:44.16,31104,青竹小轩股车,萱猪猪的菜,0.658,low_conf
00:20:44.16,31104,青竹小轩股车,H涵寶,0.442,pending
00:20:44.16,31104,青竹小轩股车,ZX屿暖,0.559,pending
00:20:44.16,31104,青竹小轩股车,多啦y梦0,0.707,low_conf
00:20:44.16,31104,青竹小轩股车,九二学摄,0.744,low_conf
00:20:44.16,31104,青竹小轩股车,轩尚式,0.545,pending
00:20:44.16,31104,青竹小轩股车,H温蒂,0.699,low_conf
00:20:44.16,31104,青竹小轩股车,九歌末曲,0.684,low_conf
00:20:44.16,31104,青竹小轩股车,喜豆香香,0.552,pending
00:20:44.16,31104,青竹小轩股车,15月天9,0.66,low_conf
00:20:44.16,31104,青竹小轩股车,九离离,0.737,low_conf
00:20:44.16,31104,青竹小轩股车,你xia汁,0.735,low_conf
00:20:44.16,31104,青竹小轩股车,天南伞修,0.695,low_conf
00:20:44.16,31104,青竹小轩股车,核客,0.199,pending
00:20:44.16,31104,青竹小轩股车,icesama,0.721,low_conf
00:20:44.16,31104,青竹小轩股车,九名,0.583,pending
00:20:44.16,31104,青竹小轩股车,你的望洋,0.72,low_conf
00:20:44.16,31104,青竹小轩股车,天使鄯都,0.636,low_conf
00:20:44.16,31104,青竹小轩股车,核月,0.346,pending
00:20:44.16,31104,青竹小轩股车,ZZ7-出货,0.703,low_conf
00:20:44.16,31104,青竹小轩股车,九十九煌,0.627,low_conf
00:20:44.16,31104,青竹小轩股车,旋生,0.661,low_conf
00:20:44.16,31104,青竹小轩股车,旋宇,0.518,pending
00:20:44.16,31104,青竹小轩股车,kari雪尾,0.587,pending
00:20:44.16,31104,青竹小轩股车,Z先森-啊,0.702,low_conf
00:20:44.16,31104,青竹小轩股车,九矽希,0.735,low_conf
00:20:44.16,31104,青竹小轩股车,旋转走位全的你的大,0.699,low_conf
00:20:44.16,31104,青竹小轩股车,iLamb77,0.701,low_conf
00:20:44.16,31104,青竹小轩股车,呢啦啦啦,0.692,low_conf
00:20:44.16,31104,青竹小轩股车,你好呀wx-,0.63,low_conf
00:20:44.16,31104,青竹小轩股车,天悟浮尘,0.695,low_conf
00:20:44.16,31104,青竹小轩股车,星河水手ZZ,0.749,low_conf
00:20:44.16,31104,青竹小轩股车,九月临一于放,0.519,pending
00:20:44.16,31104,青竹小轩股车,③大色猪?智,0.618,low_conf
00:20:44.16,31104,青竹小轩股车,饿霸123,0.698,low_conf
00:20:44.16,31104,青竹小轩股车,学习一极,0.614,low_conf
00:20:44.16,31104,青竹小轩股车,了木术先生,0.546,pending
00:20:44.16,31104,青竹小轩股车,天忆之,0.721,low_conf
00:20:44.16,31104,青竹小轩股车,雪崩三极管X,0.605,low_conf
00:20:44.16,31104,青竹小轩股车,品营Miku,0.658,low_conf
00:20:44.16,31104,青竹小轩股车,惠熠,0.322,pending
00:20:44.16,31104,青竹小轩股车,秋,0.151,pending
00:20:44.16,31104,青竹小轩股车,天雨藤,0.537,pending
00:20:44.16,31104,青竹小轩股车,雪柔不菜,0.524,pending
00:20:44.16,31104,青竹小轩股车,深,0.336,pending
00:20:44.16,31104,青竹小轩股车,阿蒙,0.666,low_conf
00:20:44.16,31104,青竹小轩股车,雪夜沂雨,0.622,low_conf
00:20:44.16,31104,青竹小轩股车,尔赤,0.591,pending
00:20:44.16,31104,青竹小轩股车,旧县都市陵蓝,0.533,pending
00:20:44.16,31104,青竹小轩股车,你小子我荐,0.713,low_conf
00:20:44.16,31104,青竹小轩股车,每正,0.37,pending
00:20:44.16,31104,青竹小轩股车,雪中温,0.655,low_conf
00:20:44.16,31104,青竹小轩股车,救死扶伤韩老魔,0.743,low_conf
00:20:44.16,31104,青竹小轩股车,条本环奈,0.72,low_conf
00:20:44.16,31104,青竹小轩股车,寻费迷,0.494,pending
00:20:47.84,31196,青竹小轩股车,合四,0.651,low_conf
00:20:47.84,31196,青竹小轩股车,淘舒,0.23,pending
00:20:47.84,31196,青竹小轩股车,带斯ki,0.72,low_conf
00:20:47.84,31196,青竹小轩股车,萌66,0.726,low_conf
00:20:47.84,31196,青竹小轩股车,你咋不上天呛,0.733,low_conf
00:20:47.84,31196,青竹小轩股车,荀令飞,0.694,low_conf
00:20:47.84,31196,青竹小轩股车,JaycC7z,0.678,low_conf
00:20:47.84,31196,青竹小轩股车,70,0.52,pending
00:20:47.84,31196,青竹小轩股车,阿涂昂,0.666,low_conf
00:20:47.84,31196,青竹小轩股车,贰两自,0.697,low_conf
00:20:47.84,31196,青竹小轩股车,鸭老魔,0.746,low_conf
00:20:47.84,31196,青竹小轩股车,居居鸟,0.71,low_conf
00:20:47.84,31196,青竹小轩股车,铁可霸霸,0.701,low_conf
00:20:47.84,31196,青竹小轩股车,發發mi,0.611,low_conf
00:20:47.84,31196,青竹小轩股车,鐵道友,0.743,low_conf
00:20:47.84,31196,青竹小轩股车,乃爱,0.638,low_conf
00:20:47.84,31196,青竹小轩股车,凡的芭比,0.719,low_conf
00:20:47.84,31196,青竹小轩股车,念湘呢,0.743,low_conf
00:20:47.84,31196,青竹小轩股车,十城南旧事,0.729,low_conf
00:20:47.84,31196,青竹小轩股车,Jeffk,0.694,low_conf
00:20:47.84,31196,青竹小轩股车,听雨聆风,0.748,low_conf
00:20:47.84,31196,青竹小轩股车,巨大松果,0.721,low_conf
00:20:47.84,31196,青竹小轩股车,聂离歌,0.681,low_conf
00:20:47.84,31196,青竹小轩股车,宁忘忧,0.727,low_conf
00:20:47.84,31196,青竹小轩股车,扭白,0.653,low_conf
00:20:51.52,31288,青竹峰大管家,斯文恶犬。,0.694,low_conf
00:20:51.52,31288,青竹峰大管家,jgayviesea520,0.713,low_conf
00:20:51.52,31288,青竹峰大管家,东方木Y,0.703,low_conf
00:20:51.52,31288,青竹峰大管家,京城,0.666,low_conf
00:20:51.52,31288,青竹峰大管家,绪倪,0.666,low_conf
00:20:51.52,31288,青竹峰大管家,Saturdoy,0.719,low_conf
00:20:51.52,31288,青竹峰大管家,ZXX 12,0.655,low_conf
00:20:51.52,31288,青竹峰大管家,京东,0.596,pending
00:20:51.52,31288,青竹峰大管家,难吃猫,0.748,low_conf
00:20:51.52,31288,青竹峰大管家,轩逸123,0.706,low_conf
00:20:51.52,31288,青竹峰大管家,伯言,0.447,pending
00:20:51.52,31288,青竹峰大管家,jc猫毛,0.493,pending
00:20:51.52,31288,青竹峰大管家,东方香,0.654,low_conf
00:20:51.52,31288,青竹峰大管家,经典,0.666,low_conf
00:20:51.52,31288,青竹峰大管家,难得正经0,0.712,low_conf
00:20:51.52,31288,青竹峰大管家,赛冰射手,0.648,low_conf
00:20:51.52,31288,青竹峰大管家,jdfaf,0.67,low_conf
00:20:51.52,31288,青竹峰大管家,zyouki,0.735,low_conf
00:20:51.52,31288,青竹峰大管家,东关鸟,0.548,pending
00:20:51.52,31288,青竹峰大管家,楠方的夜,0.704,low_conf
00:20:51.52,31288,青竹峰大管家,面水,0.142,pending
00:20:51.52,31288,青竹峰大管家,Zz1311、,0.647,low_conf
00:20:51.52,31288,青竹峰大管家,东海麻辣小锅,0.674,low_conf
00:20:51.52,31288,青竹峰大管家,经遍,0.462,pending
00:20:51.52,31288,青竹峰大管家,天逸風行,0.742,low_conf
00:20:51.52,31288,青竹峰大管家,雁也,0.477,pending
00:20:51.52,31288,青竹峰大管家,J-eat,0.597,pending
00:20:51.52,31288,青竹峰大管家,Zzjicclod,0.747,low_conf
00:20:51.52,31288,青竹峰大管家,东鹏dp,0.712,low_conf
00:20:51.52,31288,青竹峰大管家,荆棘,0.57,pending
00:20:51.52,31288,青竹峰大管家,軒尚武者,0.694,low_conf
00:20:51.52,31288,青竹峰大管家,Almet,0.595,pending
00:20:51.52,31288,青竹峰大管家,天雨藤,0.669,low_conf
00:20:51.52,31288,青竹峰大管家,-AAkea- -,0.605,low_conf
00:20:51.52,31288,青竹峰大管家,Jelf,0.663,low_conf
00:20:51.52,31288,青竹峰大管家,东焱子,0.577,pending
00:20:51.52,31288,青竹峰大管家,惊惊,0.663,low_conf
00:20:51.52,31288,青竹峰大管家,玄冬の+,0.686,low_conf
00:20:51.52,31288,青竹峰大管家,LNKIR,0.5,pending
00:20:51.52,31288,青竹峰大管家,2ZZ-出货,0.741,low_conf
00:20:51.52,31288,青竹峰大管家,条瓜君,0.569,pending
00:20:51.52,31288,青竹峰大管家,惊鲲,0.439,pending
00:20:51.52,31288,青竹峰大管家,内密,0.641,low_conf
00:20:51.52,31288,青竹峰大管家,玄姬-,0.686,low_conf
00:20:51.52,31288,青竹峰大管家,2先森贝,0.651,low_conf
00:20:51.52,31288,青竹峰大管家,-鲸并,0.627,low_conf
00:20:51.52,31288,青竹峰大管家,天作眠梦,0.72,low_conf
00:20:51.52,31288,青竹峰大管家,Ohn?,0.56,pending
00:20:51.52,31288,青竹峰大管家,草莓可可,0.713,low_conf
00:20:51.52,31288,青竹峰大管家,冬林甲,0.699,low_conf
00:20:51.52,31288,青竹峰大管家,鲸力,0.483,pending
00:20:51.52,31288,青竹峰大管家,拨云见目,0.613,low_conf
00:20:51.52,31288,青竹峰大管家,jangno1,0.7,low_conf
00:20:51.52,31288,青竹峰大管家,初,0.29,pending
00:20:51.52,31288,青竹峰大管家,冬时照柳,0.744,low_conf
00:20:51.52,31288,青竹峰大管家,并盖,0.658,low_conf
00:20:51.52,31288,青竹峰大管家,田园猫,0.747,low_conf
00:20:51.52,31288,青竹峰大管家,玄素玖,0.746,low_conf
00:20:51.52,31288,青竹峰大管家,一骏二架啊,0.453,pending
00:20:51.52,31288,青竹峰大管家,の大色猪又智,0.702,low_conf
00:20:51.52,31288,青竹峰大管家,并口,0.559,pending
00:20:51.52,31288,青竹峰大管家,由正TZ,0.698,low_conf
00:20:51.52,31288,青竹峰大管家,一帝俊架,0.299,pending
00:20:51.52,31288,青竹峰大管家,阿供,0.465,pending
00:20:51.52,31288,青竹峰大管家,董栋东,0.621,low_conf
00:20:51.52,31288,青竹峰大管家,并中3,0.717,low_conf
00:20:51.52,31288,青竹峰大管家,旋生,0.665,low_conf
00:20:51.52,31288,青竹峰大管家,肥聆飞飞,0.701,low_conf
00:20:51.52,31288,青竹峰大管家,憬尘,0.66,low_conf
00:20:51.52,31288,青竹峰大管家,泡肥,0.489,pending
00:20:51.52,31288,青竹峰大管家,阿布的蓝车,0.749,low_conf
00:20:51.52,31288,青竹峰大管家,净主,0.322,pending
00:20:51.52,31288,青竹峰大管家,活他,0.41,pending
00:20:51.52,31288,青竹峰大管家,煌溪,0.437,pending
00:20:51.52,31288,青竹峰大管家,JinGuo,0.739,low_conf
00:20:51.52,31288,青竹峰大管家,敬斋,0.636,low_conf
00:20:51.52,31288,青竹峰大管家,炫光皮卡丘,0.741,low_conf
00:20:51.52,31288,青竹峰大管家,玲璞殷子安红豆,0.694,low_conf
00:20:51.52,31288,青竹峰大管家,JK玄黯行,0.703,low_conf
00:20:51.52,31288,青竹峰大管家,靓仔,0.518,pending
00:20:51.52,31288,青竹峰大管家,跳跳無二齋,0.706,low_conf
00:20:51.52,31288,青竹峰大管家,慢就是快,0.554,pending
00:20:51.52,31288,青竹峰大管家,jkhki,0.729,low_conf
00:20:51.52,31288,青竹峰大管家,阿某Ccccccc,0.554,pending
00:20:51.52,31288,青竹峰大管家,冻男知,0.732,low_conf
00:20:51.52,31288,青竹峰大管家,你的祷告,0.714,low_conf
00:20:51.52,31288,青竹峰大管家,一梦,0.292,pending
00:20:51.52,31288,青竹峰大管家,洞洞窝思思,0.711,low_conf
00:20:51.52,31288,青竹峰大管家,靖候,0.657,low_conf
00:20:51.52,31288,青竹峰大管家,薛弟,0.65,low_conf
00:20:51.52,31288,青竹峰大管家,铭尘,0.567,pending
00:20:51.52,31288,青竹峰大管家,阿耳托丽壶,0.562,pending
00:20:51.52,31288,青竹峰大管家,都不涌yi,0.661,low_conf
00:20:51.52,31288,青竹峰大管家,-境道,0.463,pending
00:20:51.52,31288,青竹峰大管家,鐵道友,0.714,low_conf
00:20:51.52,31288,青竹峰大管家,薛定逻的丙成,0.681,low_conf
00:20:51.52,31288,青竹峰大管家,南征北战,0.736,low_conf
00:20:51.52,31288,青竹峰大管家,阿富学长,0.718,low_conf
00:20:51.52,31288,青竹峰大管家,静梅,0.664,low_conf
00:20:51.52,31288,青竹峰大管家,你的向师兄,0.749,low_conf
00:20:51.52,31288,青竹峰大管家,皮皮鸡,0.501,pending
00:20:51.52,31288,青竹峰大管家,阿涂,0.387,pending
00:20:51.52,31288,青竹峰大管家,都灵迷情,0.655,low_conf
00:20:51.52,31288,青竹峰大管家,静默！,0.6,low_conf
00:20:51.52,31288,青竹峰大管家,醉哺咪v,0.41,pending
00:20:51.52,31288,青竹峰大管家,汉行,0.363,pending
00:20:51.52,31288,青竹峰大管家,oel.,0.399,pending
00:20:51.52,31288,青竹峰大管家,阿崇很好好,0.722,low_conf
00:20:51.52,31288,青竹峰大管家,静水,0.665,low_conf
00:20:51.52,31288,青竹峰大管家,你滚瓶,0.748,low_conf
00:20:51.52,31288,青竹峰大管家,学生党的大阳,0.72,low_conf
00:20:55.20,31380,青竹峰大管家,图图,0.409,pending
00:20:55.20,31380,青竹峰大管家,吾乃闪耀的芝士,0.713,low_conf
00:20:55.20,31380,青竹峰大管家,究极,0.665,low_conf
00:20:55.20,31380,青竹峰大管家,听唔清你讲也,0.734,low_conf
00:20:55.20,31380,青竹峰大管家,二西柚味,0.712,low_conf
00:20:55.20,31380,青竹峰大管家,雪狼幻天,0.724,low_conf
00:20:55.20,31380,青竹峰大管家,阿黎卤鸭,0.697,low_conf
00:20:55.20,31380,青竹峰大管家,豆角不是豆天,0.725,low_conf
00:20:55.20,31380,青竹峰大管家,雪乃手我,0.641,low_conf
00:20:55.20,31380,青竹峰大管家,-也无风雨-,0.589,pending
00:20:55.20,31380,青竹峰大管家,阿里巴巴西亚,0.651,low_conf
00:20:55.20,31380,青竹峰大管家,鸠拉,0.631,low_conf
00:20:55.20,31380,青竹峰大管家,婷儿_K,0.702,low_conf
00:20:55.20,31380,青竹峰大管家,逗子不逗了,0.614,low_conf
00:20:55.20,31380,青竹峰大管家,啾啾,0.53,pending
00:20:55.20,31380,青竹峰大管家,二动痧,0.249,pending
00:20:55.20,31380,青竹峰大管家,毒者,0.657,low_conf
00:20:55.20,31380,青竹峰大管家,雪雍寒穆,0.703,low_conf
00:20:55.20,31380,青竹峰大管家,-雨花-,0.705,low_conf
00:20:55.20,31380,青竹峰大管家,九点,0.662,low_conf
00:20:55.20,31380,青竹峰大管家,js桓柜,0.635,low_conf
00:20:55.20,31380,青竹峰大管家,九二,0.484,pending
00:20:55.20,31380,青竹峰大管家,彤余,0.659,low_conf
00:20:55.20,31380,青竹峰大管家,雪中淼,0.733,low_conf
00:20:55.20,31380,青竹峰大管家,九三,0.652,low_conf
00:20:55.20,31380,青竹峰大管家,血红,0.666,low_conf
00:20:55.20,31380,青竹峰大管家,一~蛋蛋,0.66,low_conf
00:20:55.20,31380,青竹峰大管家,九九,0.642,low_conf
00:20:55.20,31380,青竹峰大管家,～名字一名字一,0.706,low_conf
00:20:55.20,31380,青竹峰大管家,九离,0.661,low_conf
00:20:55.20,31380,青竹峰大管家,童青蛙,0.744,low_conf
00:20:55.20,31380,青竹峰大管家,九流,0.665,low_conf
00:20:55.20,31380,青竹峰大管家,寻天乐,0.746,low_conf
00:20:55.20,31380,青竹峰大管家,九条,0.657,low_conf
00:20:55.20,31380,青竹峰大管家,巡年2,0.641,low_conf
00:20:55.20,31380,青竹峰大管家,jyzv,0.51,pending
00:20:55.20,31380,青竹峰大管家,九矽,0.663,low_conf
00:20:55.20,31380,青竹峰大管家,淘,0.199,pending
00:20:55.20,31380,青竹峰大管家,0g的大师之剑,0.709,low_conf
00:20:55.20,31380,青竹峰大管家,JZYD,0.731,low_conf
00:20:55.20,31380,青竹峰大管家,独一无二很,0.742,low_conf
00:20:55.20,31380,青竹峰大管家,九霄,0.543,pending
00:20:55.20,31380,青竹峰大管家,简隐莲华,0.718,low_conf
00:20:55.20,31380,青竹峰大管家,SY,0.618,low_conf
00:20:55.20,31380,青竹峰大管家,0离尘醉0,0.722,low_conf
00:20:55.20,31380,青竹峰大管家,KaisA009 E,0.727,low_conf
00:20:55.20,31380,青竹峰大管家,独自寒冷的社,0.731,low_conf
00:20:55.20,31380,青竹峰大管家,九月,0.662,low_conf
00:20:55.20,31380,青竹峰大管家,九镇,0.665,low_conf
00:20:55.20,31380,青竹峰大管家,偷心雅贼、,0.728,low_conf
00:20:55.20,31380,青竹峰大管家,翼戈,0.618,low_conf
00:20:55.20,31380,青竹峰大管家,Karl冬冬,0.733,low_conf
00:20:55.20,31380,青竹峰大管家,九转,0.663,low_conf
00:20:55.20,31380,青竹峰大管家,吖Yjie123,0.736,low_conf
00:20:55.20,31380,青竹峰大管家,九子,0.614,low_conf
00:20:55.20,31380,青竹峰大管家,吖弟过浪险,0.723,low_conf
00:20:55.20,31380,青竹峰大管家,久沉,0.657,low_conf
00:20:55.20,31380,青竹峰大管家,头拿昏,0.687,low_conf
00:20:55.20,31380,青竹峰大管家,鸭老魔,0.734,low_conf
00:20:55.20,31380,青竹峰大管家,阿哦咿,0.707,low_conf
00:20:55.20,31380,青竹峰大管家,端木云会,0.717,low_conf
00:20:55.20,31380,青竹峰大管家,久雨,0.666,low_conf
00:20:55.20,31380,青竹峰大管家,1219自自自,0.62,low_conf
00:20:55.20,31380,青竹峰大管家,玖捌,0.659,low_conf
00:20:55.20,31380,青竹峰大管家,Kayne牧殊,0.71,low_conf
00:20:55.20,31380,青竹峰大管家,新罪天空,0.672,low_conf
00:20:55.20,31380,青竹峰大管家,玖娌,0.604,low_conf
00:20:55.20,31380,青竹峰大管家,念落珊,0.747,low_conf
00:20:55.20,31380,青竹峰大管家,对白灰,0.689,low_conf
00:20:55.20,31380,青竹峰大管家,酒狐,0.663,low_conf
00:20:55.20,31380,青竹峰大管家,酒驾,0.663,low_conf
00:20:55.20,31380,青竹峰大管家,对主之主对安,0.682,low_conf
00:20:55.20,31380,青竹峰大管家,酒巷,0.665,low_conf
00:20:55.20,31380,青竹峰大管家,旧念,0.625,low_conf
00:20:55.20,31380,青竹峰大管家,敦奠吨炖,0.677,low_conf
00:20:55.20,31380,青竹峰大管家,188,0.673,low_conf
00:20:55.20,31380,青竹峰大管家,烟雨-离砀情,0.658,low_conf
00:20:55.20,31380,青竹峰大管家,墩哩墩气,0.641,low_conf
00:20:55.20,31380,青竹峰大管家,旧书,0.587,pending
00:20:55.20,31380,青竹峰大管家,烟丽凡尘,0.52,pending
00:20:55.20,31380,青竹峰大管家,就得,0.662,low_conf
00:20:55.20,31380,青竹峰大管家,柠萌下,0.603,low_conf
00:20:55.20,31380,青竹峰大管家,徒寞,0.633,low_conf
00:20:58.88,31472,青竹峰大管家,阿尧ss,0.646,low_conf
00:20:58.88,31472,青竹峰大管家,多吉尼尔,0.718,low_conf
00:20:58.88,31472,青竹峰大管家,就是,0.666,low_conf
00:20:58.88,31472,青竹峰大管家,牛先生,0.749,low_conf
00:20:58.88,31472,青竹峰大管家,就想,0.667,low_conf
00:20:58.88,31472,青竹峰大管家,牛牛奶,0.539,pending
00:20:58.88,31472,青竹峰大管家,kidcwp,0.747,low_conf
00:20:58.88,31472,青竹峰大管家,阿雨想上岸,0.715,low_conf
00:20:58.88,31472,青竹峰大管家,就一,0.643,low_conf
00:20:58.88,31472,青竹峰大管家,腿控帝,0.748,low_conf
00:20:58.88,31472,青竹峰大管家,灸君云,0.591,pending
00:20:58.88,31472,青竹峰大管家,就这,0.646,low_conf
00:20:58.88,31472,青竹峰大管家,炎牙焱,0.612,low_conf
00:20:58.88,31472,青竹峰大管家,哚哚常常,0.695,low_conf
00:20:58.88,31472,青竹峰大管家,居居！,0.659,low_conf
00:20:58.88,31472,青竹峰大管家,堕落飘渺,0.539,pending
00:20:58.88,31472,青竹峰大管家,居婆,0.665,low_conf
00:20:58.88,31472,青竹峰大管家,堕入凡摩,0.572,pending
00:20:58.88,31472,青竹峰大管家,驹子,0.664,low_conf
00:20:58.88,31472,青竹峰大管家,盐味小木豆,0.676,low_conf
00:20:58.88,31472,青竹峰大管家,鞠躬,0.374,pending
00:20:58.88,31472,青竹峰大管家,衍皓,0.64,low_conf
00:20:58.88,31472,青竹峰大管家,局外,0.666,low_conf
00:20:58.88,31472,青竹峰大管家,昵呢厄呛呢明,0.376,pending
00:20:58.88,31472,青竹峰大管家,菊花,0.666,low_conf
00:20:58.88,31472,青竹峰大管家,妥兔,0.645,low_conf
00:20:58.88,31472,青竹峰大管家,Kim吴,0.694,low_conf
00:20:58.88,31472,青竹峰大管家,啊阿彭,0.747,low_conf
00:20:58.88,31472,青竹峰大管家,呵个,0.479,pending
00:20:58.88,31472,青竹峰大管家,菊座,0.666,low_conf
00:20:58.88,31472,青竹峰大管家,橘蕉,0.663,low_conf
00:20:58.88,31472,青竹峰大管家,焰昕,0.554,pending
00:20:58.88,31472,青竹峰大管家,橘妙,0.666,low_conf
00:20:58.88,31472,青竹峰大管家,恶魔旋缘,0.663,low_conf
00:20:58.88,31472,青竹峰大管家,橘子,0.666,low_conf
00:20:58.88,31472,青竹峰大管家,瓦古下午,0.73,low_conf
00:20:58.88,31472,青竹峰大管家,啊哔哗哔啊,0.622,low_conf
00:20:58.88,31472,青竹峰大管家,恶熠,0.458,pending
00:20:58.88,31472,青竹峰大管家,恩恩,0.659,low_conf
00:20:58.88,31472,青竹峰大管家,橘子！,0.702,low_conf
00:20:58.88,31472,青竹峰大管家,诺云游,0.748,low_conf
00:20:58.88,31472,青竹峰大管家,橘子,0.666,low_conf
00:20:58.88,31472,青竹峰大管家,哇月见,0.657,low_conf
00:20:58.88,31472,青竹峰大管家,羊舵主,0.735,low_conf
00:20:58.88,31472,青竹峰大管家,啊鸡米,0.644,low_conf
00:20:58.88,31472,青竹峰大管家,二次梦,0.713,low_conf
00:20:58.88,31472,青竹峰大管家,句话3,0.67,low_conf
00:20:58.88,31472,青竹峰大管家,kirikoo,0.736,low_conf
00:20:58.88,31472,青竹峰大管家,次元の格式,0.611,low_conf
00:20:58.88,31472,青竹峰大管家,聚星,0.653,low_conf
00:20:58.88,31472,青竹峰大管家,豌豆宇,0.715,low_conf
00:20:58.88,31472,青竹峰大管家,啊满7,0.644,low_conf
00:20:58.88,31472,青竹峰大管家,卷积,0.656,low_conf
00:20:58.88,31472,青竹峰大管家,丸子龙x,0.697,low_conf
00:20:58.88,31472,青竹峰大管家,卷倦,0.663,low_conf
00:20:58.88,31472,青竹峰大管家,31844743339 bili,0.725,low_conf
00:20:58.88,31472,青竹峰大管家,kl晨,0.57,pending
00:20:58.88,31472,青竹峰大管家,啊居啊,0.638,low_conf
00:20:58.88,31472,青竹峰大管家,三合四,0.738,low_conf
00:20:58.88,31472,青竹峰大管家,卷心,0.656,low_conf
00:20:58.88,31472,青竹峰大管家,两小面多力,0.723,low_conf
00:20:58.88,31472,青竹峰大管家,倦客,0.665,low_conf
00:20:58.88,31472,青竹峰大管家,眷风,0.419,pending
00:20:58.88,31472,青竹峰大管家,哦哦,0.659,low_conf
00:20:58.88,31472,青竹峰大管家,决不,0.662,low_conf
00:20:58.88,31472,青竹峰大管家,哀酱52,0.735,low_conf
00:20:58.88,31472,青竹峰大管家,诀夏,0.598,pending
00:20:58.88,31472,青竹峰大管家,顽物尚智,0.692,low_conf
00:20:58.88,31472,青竹峰大管家,杨ysi,0.515,pending
00:20:58.88,31472,青竹峰大管家,二泉2333,0.68,low_conf
00:20:58.88,31472,青竹峰大管家,珏小,0.587,pending
00:20:58.88,31472,青竹峰大管家,杨梅、,0.65,low_conf
00:20:58.88,31472,青竹峰大管家,kk166,0.731,low_conf
00:20:58.88,31472,青竹峰大管家,能,0.291,pending
00:20:58.88,31472,青竹峰大管家,绝对,0.667,low_conf
00:20:58.88,31472,青竹峰大管家,杨墨,0.631,low_conf
00:20:58.88,31472,青竹峰大管家,-二+九-,0.619,low_conf
00:20:58.88,31472,青竹峰大管家,绝味,0.664,low_conf
00:20:58.88,31472,青竹峰大管家,婉烷烷红曲,0.649,low_conf
00:20:58.88,31472,青竹峰大管家,杨若歆,0.709,low_conf
00:20:58.88,31472,青竹峰大管家,艾艾希礼,0.719,low_conf
00:20:58.88,31472,青竹峰大管家,二亞沈歌,0.613,low_conf
00:20:58.88,31472,青竹峰大管家,绝夜(,0.737,low_conf
00:20:58.88,31472,青竹峰大管家,--晚安ZZZ,0.645,low_conf
00:20:58.88,31472,青竹峰大管家,杨夫板杨杨,0.574,pending
00:20:58.88,31472,青竹峰大管家,艾璐姐,0.714,low_conf
00:20:58.88,31472,青竹峰大管家,二营长我的头,0.735,low_conf
00:20:58.88,31472,青竹峰大管家,觉懒,0.618,low_conf
00:20:58.88,31472,青竹峰大管家,杨杨核,0.588,pending
00:21:02.56,31564,青竹峰大管家,君悦,0.652,low_conf
00:21:02.56,31564,青竹峰大管家,俊爷,0.629,low_conf
00:21:02.56,31564,青竹峰大管家,艾瑞纳尔,0.725,low_conf
00:21:02.56,31564,青竹峰大管家,骏骏,0.666,low_conf
00:21:02.56,31564,青竹峰大管家,杨绵羊,0.726,low_conf
00:21:02.56,31564,青竹峰大管家,艾希寒冰奶,0.687,low_conf
00:21:02.56,31564,青竹峰大管家,法兰克,0.749,low_conf
00:21:02.56,31564,青竹峰大管家,鸡,0.26,pending
00:21:02.56,31564,青竹峰大管家,法乙烷,0.682,low_conf
00:21:02.56,31564,青竹峰大管家,喀乐,0.664,low_conf
00:21:02.56,31564,青竹峰大管家,幺么肆么幺柒玖玖柒,0.741,low_conf
00:21:02.56,31564,青竹峰大管家,-55-茵,0.736,low_conf
00:21:02.56,31564,青竹峰大管家,卡黑,0.663,low_conf
00:21:02.56,31564,青竹峰大管家,万磁王罗叼,0.747,low_conf
00:21:02.56,31564,青竹峰大管家,吆嗽儿,0.601,low_conf
00:21:02.56,31564,青竹峰大管家,番薯嘟,0.739,low_conf
00:21:02.56,31564,青竹峰大管家,卡嘉,0.644,low_conf
00:21:02.56,31564,青竹峰大管家,Kwip,0.717,low_conf
00:21:02.56,31564,青竹峰大管家,番、,0.587,pending
00:21:02.56,31564,青竹峰大管家,卡卡,0.662,low_conf
00:21:02.56,31564,青竹峰大管家,怕起早,0.729,low_conf
00:21:02.56,31564,青竹峰大管家,万能的芃芃芃,0.663,low_conf
00:21:02.56,31564,青竹峰大管家,妖格花,0.749,low_conf
00:21:02.56,31564,青竹峰大管家,kxklzzy,0.734,low_conf
00:21:02.56,31564,青竹峰大管家,卡卡市,0.566,pending
00:21:02.56,31564,青竹峰大管家,妖幺酒,0.733,low_conf
00:21:02.56,31564,青竹峰大管家,卡克,0.666,low_conf
00:21:02.56,31564,青竹峰大管家,尧猫猫,0.749,low_conf
00:21:02.56,31564,青竹峰大管家,kssss,0.621,low_conf
00:21:02.56,31564,青竹峰大管家,卡酷,0.665,low_conf
00:21:02.56,31564,青竹峰大管家,万物本空,0.688,low_conf
00:21:02.56,31564,青竹峰大管家,哇,0.356,pending
00:21:02.56,31564,青竹峰大管家,k酷目,0.747,low_conf
00:21:02.56,31564,青竹峰大管家,爱吃番茄の猫,0.744,low_conf
00:21:02.56,31564,青竹峰大管家,卡乐,0.634,low_conf
00:21:02.56,31564,青竹峰大管家,摇电0,0.536,pending
00:21:02.56,31564,青竹峰大管家,卡了,0.592,pending
00:21:02.56,31564,青竹峰大管家,庞麦萌,0.659,low_conf
00:21:02.56,31564,青竹峰大管家,万油,0.542,pending
00:21:02.56,31564,青竹峰大管家,68395,0.715,low_conf
00:21:02.56,31564,青竹峰大管家,卡其,0.629,low_conf
00:21:02.56,31564,青竹峰大管家,卡西,0.663,low_conf
00:21:02.56,31564,青竹峰大管家,五光量子5,0.64,low_conf
00:21:02.56,31564,青竹峰大管家,6N-,0.746,low_conf
00:21:02.56,31564,青竹峰大管家,开门,0.539,pending
00:21:02.56,31564,青竹峰大管家,要吃鸡蛋,0.745,low_conf
00:21:02.56,31564,青竹峰大管家,开学,0.665,low_conf
00:21:02.56,31564,青竹峰大管家,要当山大王,0.703,low_conf
00:21:02.56,31564,青竹峰大管家,开着,0.664,low_conf
00:21:02.56,31564,青竹峰大管家,汪叽1053,0.697,low_conf
00:21:02.56,31564,青竹峰大管家,要没時間了,0.712,low_conf
00:21:02.56,31564,青竹峰大管家,凡人煮酒,0.705,low_conf
00:21:02.56,31564,青竹峰大管家,凯哥,0.656,low_conf
00:21:02.56,31564,青竹峰大管家,汪明泽,0.728,low_conf
00:21:02.56,31564,青竹峰大管家,凡雨三日以往,0.748,low_conf
00:21:02.56,31564,青竹峰大管家,凯凯,0.662,low_conf
00:21:02.56,31564,青竹峰大管家,汪凝川,0.725,low_conf
00:21:02.56,31564,青竹峰大管家,椰子ov,0.594,pending
00:21:02.56,31564,青竹峰大管家,凯撒,0.665,low_conf
00:21:02.56,31564,青竹峰大管家,王啊白啊,0.745,low_conf
00:21:02.56,31564,青竹峰大管家,爷的激滟,0.706,low_conf
00:21:02.56,31564,青竹峰大管家,繁华尽去云案,0.715,low_conf
00:21:02.56,31564,青竹峰大管家,凯悦,0.666,low_conf
00:21:02.56,31564,青竹峰大管家,莲莱无月,0.729,low_conf
00:21:02.56,31564,青竹峰大管家,王大坑、,0.594,pending
00:21:02.56,31564,青竹峰大管家,繁心未简,0.748,low_conf
00:21:02.56,31564,青竹峰大管家,砍下,0.666,low_conf
00:21:02.56,31564,青竹峰大管家,7不短,0.746,low_conf
00:21:02.56,31564,青竹峰大管家,看不,0.64,low_conf
00:21:02.56,31564,青竹峰大管家,鹏鹏_77,0.707,low_conf
00:21:02.56,31564,青竹峰大管家,博、,0.442,pending
00:21:02.56,31564,青竹峰大管家,7+7,0.736,low_conf
00:21:02.56,31564,青竹峰大管家,繁星偌尘,0.722,low_conf
00:21:02.56,31564,青竹峰大管家,看到,0.653,low_conf
00:21:02.56,31564,青竹峰大管家,也原因只猪,0.694,low_conf
00:21:02.56,31564,青竹峰大管家,犯罪师,0.749,low_conf
00:21:02.56,31564,青竹峰大管家,看的,0.662,low_conf
00:21:02.56,31564,青竹峰大管家,爱幻想得蜗牛,0.736,low_conf
00:21:02.56,31564,青竹峰大管家,看剧,0.662,low_conf
00:21:02.56,31564,青竹峰大管家,野生鹅,0.726,low_conf
00:21:02.56,31564,青竹峰大管家,饭特嘻,0.706,low_conf
00:21:02.56,31564,青竹峰大管家,看清,0.539,pending
00:21:02.56,31564,青竹峰大管家,皮卡丘魔镜,0.69,low_conf
00:21:02.56,31564,青竹峰大管家,叶橙钓,0.419,pending
00:21:02.56,31564,青竹峰大管家,看我,0.664,low_conf
00:21:02.56,31564,青竹峰大管家,王冷盐,0.617,low_conf
00:21:02.56,31564,青竹峰大管家,吐楚钧的我,0.73,low_conf
00:21:02.56,31564,青竹峰大管家,康,0.5,pending
00:21:06.24,31656,青竹峰大管家,嗑瓜,0.464,pending
00:21:06.24,31656,青竹峰大管家,匹尔西,0.604,low_conf
00:21:06.24,31656,青竹峰大管家,王熊猫SW,0.718,low_conf
00:21:06.24,31656,青竹峰大管家,壳桑,0.626,low_conf
00:21:06.24,31656,青竹峰大管家,网瘾少女呋喃,0.673,low_conf
00:21:06.24,31656,青竹峰大管家,防电墙,0.749,low_conf
00:21:06.24,31656,青竹峰大管家,可爱,0.665,low_conf
00:21:06.24,31656,青竹峰大管家,夜航屋生,0.573,pending
00:21:06.24,31656,青竹峰大管家,可达,0.665,low_conf
00:21:06.24,31656,青竹峰大管家,缥纱漾龍,0.483,pending
00:21:06.24,31656,青竹峰大管家,网友元顺瑶,0.743,low_conf
00:21:06.24,31656,青竹峰大管家,夜间沽名,0.713,low_conf
00:21:06.24,31656,青竹峰大管家,可恶,0.657,low_conf
00:21:06.24,31656,青竹峰大管家,翘忘导,0.489,pending
00:21:06.24,31656,青竹峰大管家,可乖,0.64,low_conf
00:21:06.24,31656,青竹峰大管家,飘燃弦,0.551,pending
00:21:06.24,31656,青竹峰大管家,妄想推倒家,0.713,low_conf
00:21:06.24,31656,青竹峰大管家,放学别走一起,0.703,low_conf
00:21:06.24,31656,青竹峰大管家,可可,0.666,low_conf
00:21:06.24,31656,青竹峰大管家,飘逸颜,0.747,low_conf
00:21:06.24,31656,青竹峰大管家,可乐中,0.504,pending
00:21:06.24,31656,青竹峰大管家,忘我7,0.573,pending
00:21:06.24,31656,青竹峰大管家,爱、B站,0.664,low_conf
00:21:06.24,31656,青竹峰大管家,可乐,0.565,pending
00:21:06.24,31656,青竹峰大管家,旺仔臭居居,0.735,low_conf
00:21:06.24,31656,青竹峰大管家,可你,0.665,low_conf
00:21:06.24,31656,青竹峰大管家,撒羊,0.461,pending
00:21:06.24,31656,青竹峰大管家,望京齐白石,0.713,low_conf
00:21:06.24,31656,青竹峰大管家,量里,0.379,pending
00:21:06.24,31656,青竹峰大管家,飞沙-,0.631,low_conf
00:21:06.24,31656,青竹峰大管家,克格,0.664,low_conf
00:21:06.24,31656,青竹峰大管家,平凡态不无店,0.425,pending
00:21:06.24,31656,青竹峰大管家,飞-0-0,0.722,low_conf
00:21:06.24,31656,青竹峰大管家,刻叶,0.664,low_conf
00:21:06.24,31656,青竹峰大管家,望天lan.,0.689,low_conf
00:21:06.24,31656,青竹峰大管家,飞到大事,0.685,low_conf
00:21:06.24,31656,青竹峰大管家,冠蟹！,0.383,pending
00:21:06.24,31656,青竹峰大管家,平凡的信鸽,0.739,low_conf
00:21:06.24,31656,青竹峰大管家,夜叶繁星,0.726,low_conf
00:21:06.24,31656,青竹峰大管家,飞龙嘉鞠,0.571,pending
00:21:06.24,31656,青竹峰大管家,氨金,0.519,pending
00:21:06.24,31656,青竹峰大管家,夜羽祭,0.749,low_conf
00:21:06.24,31656,青竹峰大管家,飞七-jio,0.706,low_conf
00:21:06.24,31656,青竹峰大管家,氨珂,0.518,pending
00:21:06.24,31656,青竹峰大管家,平静UU,0.674,low_conf
00:21:06.24,31656,青竹峰大管家,夜雨敲我心,0.722,low_conf
00:21:06.24,31656,青竹峰大管家,安康鱼,0.747,low_conf
00:21:06.24,31656,青竹峰大管家,啃花,0.633,low_conf
00:21:06.24,31656,青竹峰大管家,平沙吹梦一,0.664,low_conf
00:21:06.24,31656,青竹峰大管家,微光Mr,0.719,low_conf
00:21:06.24,31656,青竹峰大管家,Aa阿瓜,0.727,low_conf
00:21:06.24,31656,青竹峰大管家,安克雷奇喽喽喽,0.701,low_conf
00:21:06.24,31656,青竹峰大管家,空自,0.473,pending
00:21:06.24,31656,青竹峰大管家,微凉亦,0.526,pending
00:21:06.24,31656,青竹峰大管家,夜雨了清风,0.734,low_conf
00:21:06.24,31656,青竹峰大管家,凭风说与山鬼听,0.74,low_conf
00:21:06.24,31656,青竹峰大管家,夜愿、,0.627,low_conf
00:21:06.24,31656,青竹峰大管家,安娜,0.661,low_conf
00:21:06.24,31656,青竹峰大管家,飞习习,0.731,low_conf
00:21:06.24,31656,青竹峰大管家,空城,0.664,low_conf
00:21:06.24,31656,青竹峰大管家,瓶盖量,0.544,pending
00:21:06.24,31656,青竹峰大管家,夜月魂磅,0.698,low_conf
00:21:06.24,31656,青竹峰大管家,微蘸的碎月啊,0.735,low_conf
00:21:06.24,31656,青竹峰大管家,安蘇,0.615,low_conf
00:21:06.24,31656,青竹峰大管家,空格,0.661,low_conf
00:21:06.24,31656,青竹峰大管家,玻渊,0.408,pending
00:21:06.24,31656,青竹峰大管家,微酵骑洁,0.496,pending
00:21:06.24,31656,青竹峰大管家,安徒生,0.745,low_conf
00:21:06.24,31656,青竹峰大管家,空阶,0.666,low_conf
00:21:06.24,31656,青竹峰大管家,微醇の温柔,0.593,pending
00:21:06.24,31656,青竹峰大管家,ik,0.366,pending
00:21:06.24,31656,青竹峰大管家,安翔同擎,0.704,low_conf
00:21:06.24,31656,青竹峰大管家,空木,0.524,pending
00:21:06.24,31656,青竹峰大管家,ljkfee,0.642,low_conf
00:21:06.24,31656,青竹峰大管家,空心,0.651,low_conf
00:21:06.24,31656,青竹峰大管家,破落之美,0.722,low_conf
00:21:06.24,31656,青竹峰大管家,空中,0.664,low_conf
00:21:06.24,31656,青竹峰大管家,俺是小巧,0.668,low_conf
00:21:06.24,31656,青竹峰大管家,破晓无铭,0.724,low_conf
00:21:06.24,31656,青竹峰大管家,唯昕义1028,0.653,low_conf
00:21:06.24,31656,青竹峰大管家,一定会有猫的,0.735,low_conf
00:21:06.24,31656,青竹峰大管家,lk是李凯,0.707,low_conf
00:21:06.24,31656,青竹峰大管家,非皂,0.662,low_conf
00:21:06.24,31656,青竹峰大管家,控罐,0.365,pending
00:21:06.24,31656,青竹峰大管家,维达胖,0.623,low_conf
00:21:06.24,31656,青竹峰大管家,LLKKJ1,0.747,low_conf
00:21:06.24,31656,青竹峰大管家,岸于安生,0.748,low_conf
00:21:06.24,31656,青竹峰大管家,恐惧,0.658,low_conf
00:21:06.24,31656,青竹峰大管家,摸火,0.63,low_conf
00:21:06.24,31656,青竹峰大管家,维哒桑,0.697,low_conf
00:21:06.24,31656,青竹峰大管家,二朵快乐,0.716,low_conf
00:21:06.24,31656,青竹峰大管家,All13c,0.623,low_conf
00:21:06.24,31656,青竹峰大管家,Iizy1,0.578,pending
00:21:06.24,31656,青竹峰大管家,暗黑大猜,0.733,low_conf
00:21:06.24,31656,青竹峰大管家,口袋,0.654,low_conf
00:21:06.24,31656,青竹峰大管家,二季凤月行天下,0.663,low_conf
00:21:06.24,31656,青竹峰大管家,IIxz,0.578,pending
00:21:06.24,31656,青竹峰大管家,暗落丶无垠,0.73,low_conf
00:21:06.24,31656,青竹峰大管家,口水,0.566,pending
00:21:06.24,31656,青竹峰大管家,二个靠包行大名字,0.621,low_conf
00:21:09.92,31748,青竹峰大管家,黯淡入戏太深,0.726,low_conf
00:21:09.92,31748,青竹峰大管家,苦瓜,0.639,low_conf
00:21:09.92,31748,青竹峰大管家,普奇小品,0.403,pending
00:21:09.92,31748,青竹峰大管家,为释发电619,0.71,low_conf
00:21:09.92,31748,青竹峰大管家,肥师沟,0.475,pending
00:21:09.92,31748,青竹峰大管家,苦海）,0.488,pending
00:21:09.92,31748,青竹峰大管家,普通电架头777,0.66,low_conf
00:21:09.92,31748,青竹峰大管家,为覆援的猪,0.529,pending
00:21:09.92,31748,青竹峰大管家,嗽嗽嗽嗽力給,0.559,pending
00:21:09.92,31748,青竹峰大管家,苦乐,0.534,pending
00:21:09.92,31748,青竹峰大管家,普信直下买ng,0.471,pending
00:21:09.92,31748,青竹峰大管家,为传,0.36,pending
00:21:09.92,31748,青竹峰大管家,酷帅,0.655,low_conf
00:21:09.92,31748,青竹峰大管家,721,0.677,low_conf
00:21:09.92,31748,青竹峰大管家,苦涩,0.542,pending
00:21:09.92,31748,青竹峰大管家,为你經情充大会员,0.62,low_conf
00:21:09.92,31748,青竹峰大管家,-嫩呜嗽,0.496,pending
00:21:09.92,31748,青竹峰大管家,库白,0.509,pending
00:21:09.92,31748,青竹峰大管家,七我净分钱白流,0.569,pending
00:21:09.92,31748,青竹峰大管家,为件要充大会员,0.546,pending
00:21:09.92,31748,青竹峰大管家,一加二加一,0.672,low_conf
00:21:09.92,31748,青竹峰大管家,Lord-l,0.721,low_conf
00:21:09.92,31748,青竹峰大管家,库苦,0.373,pending
00:21:09.92,31748,青竹峰大管家,七载淡,0.437,pending
00:21:09.92,31748,青竹峰大管家,未世界讯,0.208,pending
00:21:09.92,31748,青竹峰大管家,翱初,0.651,low_conf
00:21:09.92,31748,青竹峰大管家,芬芳忌不美,0.712,low_conf
00:21:09.92,31748,青竹峰大管家,酷酷,0.654,low_conf
00:21:09.92,31748,青竹峰大管家,柔柒的等等,0.626,low_conf
00:21:09.92,31748,青竹峰大管家,未资视选,0.465,pending
00:21:09.92,31748,青竹峰大管家,一介凡人韩,0.714,low_conf
00:21:09.92,31748,青竹峰大管家,柔柔的,0.676,low_conf
00:21:09.92,31748,青竹峰大管家,未见初遇,0.658,low_conf
00:21:09.92,31748,青竹峰大管家,一颗冰水球,0.703,low_conf
00:21:09.92,31748,青竹峰大管家,愤怒的米米,0.713,low_conf
00:21:09.92,31748,青竹峰大管家,柔奇哦,0.501,pending
00:21:09.92,31748,青竹峰大管家,快点！,0.601,low_conf
00:21:09.92,31748,青竹峰大管家,柔先玺打球,0.607,low_conf
00:21:09.92,31748,青竹峰大管家,未间人程序员,0.691,low_conf
00:21:09.92,31748,青竹峰大管家,lo哗,0.566,pending
00:21:09.92,31748,青竹峰大管家,风华雪月,0.662,low_conf
00:21:09.92,31748,青竹峰大管家,快烫,0.658,low_conf
00:21:09.92,31748,青竹峰大管家,柔节爱,0.507,pending
00:21:09.92,31748,青竹峰大管家,未闻名音,0.31,pending
00:21:09.92,31748,青竹峰大管家,狂风,0.629,low_conf
00:21:09.92,31748,青竹峰大管家,\逻魅影,0.348,pending
00:21:09.92,31748,青竹峰大管家,柔闻钟,0.24,pending
00:21:09.92,31748,青竹峰大管家,傲世的牛,0.692,low_conf
00:21:09.92,31748,青竹峰大管家,狂小,0.617,low_conf
00:21:09.92,31748,青竹峰大管家,深黑魅影,0.633,low_conf
00:21:09.92,31748,青竹峰大管家,未街歌路,0.565,pending
00:21:09.92,31748,青竹峰大管家,-塊一,0.361,pending
00:21:09.92,31748,青竹峰大管家,风尘未住香,0.713,low_conf
00:21:09.92,31748,青竹峰大管家,深色琉璃羽,0.634,low_conf
00:21:09.92,31748,青竹峰大管家,未行R路,0.658,low_conf
00:21:09.92,31748,青竹峰大管家,一岚曦-,0.651,low_conf
00:21:09.92,31748,青竹峰大管家,风吹PP凉ZZ,0.65,low_conf
00:21:09.92,31748,青竹峰大管家,坤坤,0.64,low_conf
00:21:09.92,31748,青竹峰大管家,开开悟究Y,0.598,pending
00:21:09.92,31748,青竹峰大管家,未知D,0.399,pending
00:21:09.92,31748,青竹峰大管家,ALX、木子,0.673,low_conf
00:21:09.92,31748,青竹峰大管家,坤子！,0.435,pending
00:21:09.92,31748,青竹峰大管家,齐的水,0.35,pending
00:21:09.92,31748,青竹峰大管家,保知老,0.356,pending
00:21:09.92,31748,青竹峰大管家,一两野,0.713,low_conf
00:21:09.92,31748,青竹峰大管家,AL丶京杭,0.669,low_conf
00:21:09.92,31748,青竹峰大管家,风罪舞,0.626,low_conf
00:21:09.92,31748,青竹峰大管家,国,0.176,pending
00:21:09.92,31748,青竹峰大管家,奇怪的天来动画,0.631,low_conf
00:21:09.92,31748,青竹峰大管家,尉软W,0.389,pending
00:21:09.92,31748,青竹峰大管家,奥仔哟,0.747,low_conf
00:21:09.92,31748,青竹峰大管家,淘落,0.452,pending
00:21:09.92,31748,青竹峰大管家,厨钦饱的鱼,0.589,pending
00:21:09.92,31748,青竹峰大管家,轮明月86,0.733,low_conf
00:21:09.92,31748,青竹峰大管家,风广陌！1,0.606,low_conf
00:21:09.92,31748,青竹峰大管家,拉风,0.657,low_conf
00:21:09.92,31748,青竹峰大管家,奇菜,0.4,pending
00:21:09.92,31748,青竹峰大管家,喂馋色的沙子,0.48,pending
00:21:09.92,31748,青竹峰大管家,枚宝儿,0.748,low_conf
00:21:09.92,31748,青竹峰大管家,丫花椒,0.695,low_conf
00:21:09.92,31748,青竹峰大管家,风痕少爷,0.672,low_conf
00:21:09.92,31748,青竹峰大管家,拉格,0.666,low_conf
00:21:09.92,31748,青竹峰大管家,奇小牙Hola,0.551,pending
00:21:09.92,31748,青竹峰大管家,蔚然色泰,0.41,pending
00:21:09.92,31748,青竹峰大管家,深白?,0.463,pending
00:21:09.92,31748,青竹峰大管家,拉轰,0.536,pending
00:21:09.92,31748,青竹峰大管家,奇身牙,0.336,pending
00:21:09.92,31748,青竹峰大管家,冠开317,0.544,pending
00:21:09.92,31748,青竹峰大管家,文和,0.656,low_conf
00:21:09.92,31748,青竹峰大管家,拉置,0.406,pending
00:21:09.92,31748,青竹峰大管家,爵橙污在林里,0.298,pending
00:21:09.92,31748,青竹峰大管家,魏鱼人,0.446,pending
00:21:09.92,31748,青竹峰大管家,炮奈何,0.749,low_conf
00:21:09.92,31748,青竹峰大管家,IV0O0,0.383,pending
00:21:09.92,31748,青竹峰大管家,风间叮叮虫,0.725,low_conf
00:21:09.92,31748,青竹峰大管家,拉尿,0.532,pending
00:21:09.92,31748,青竹峰大管家,脐檀活在惠,0.325,pending
00:21:09.92,31748,青竹峰大管家,魂格保的椰奶法,0.703,low_conf
00:21:09.92,31748,青竹峰大管家,viw.,0.461,pending
00:21:09.92,31748,青竹峰大管家,八个BYT,0.741,low_conf
00:21:09.92,31748,青竹峰大管家,递逼,0.167,pending
00:21:09.92,31748,青竹峰大管家,骑车车的上哥,0.391,pending
00:21:09.92,31748,青竹峰大管家,温酒得奶法,0.547,pending
00:21:09.92,31748,青竹峰大管家,风鲤屿,0.732,low_conf
00:21:09.92,31748,青竹峰大管家,腊鸡,0.662,low_conf
00:21:09.92,31748,青竹峰大管家,骑皮拉螺油,0.345,pending
00:21:09.92,31748,青竹峰大管家,温酒付得,0.697,low_conf
00:21:09.92,31748,青竹峰大管家,Iixtxwd,0.725,low_conf
00:21:09.92,31748,青竹峰大管家,蜡电,0.506,pending
00:21:09.92,31748,青竹峰大管家,骑猪打,0.6,low_conf
00:21:09.92,31748,青竹峰大管家,温柔金,0.491,pending
00:21:09.92,31748,青竹峰大管家,二切都靠充,0.711,low_conf
00:21:09.92,31748,青竹峰大管家,LY-a,0.684,low_conf
00:21:09.92,31748,青竹峰大管家,风临子,0.747,low_conf
00:21:09.92,31748,青竹峰大管家,辣辣,0.661,low_conf
00:21:09.92,31748,青竹峰大管家,瑞木冰品,0.383,pending
00:21:09.92,31748,青竹峰大管家,温州城八少答,0.668,low_conf
00:21:09.92,31748,青竹峰大管家,风铃渡7,0.747,low_conf
00:21:09.92,31748,青竹峰大管家,辣蜜,0.449,pending
00:21:09.92,31748,青竹峰大管家,温州城全,0.52,pending
00:21:09.92,31748,青竹峰大管家,水冷,0.497,pending
00:21:09.92,31748,青竹峰大管家,八屑,0.535,pending
00:21:09.92,31748,青竹峰大管家,辣条,0.613,low_conf
00:21:09.92,31748,青竹峰大管家,野太大,0.306,pending
00:21:09.92,31748,青竹峰大管家,燕莎,0.091,pending
00:21:09.92,31748,青竹峰大管家,屏,0.05,pending
00:21:09.92,31748,青竹峰大管家,lylaq,0.646,low_conf
00:21:09.92,31748,青竹峰大管家,八寻,0.626,low_conf
00:21:09.92,31748,青竹峰大管家,风流调悦祁,0.629,low_conf
00:21:09.92,31748,青竹峰大管家,啦啦,0.666,low_conf
00:21:09.92,31748,青竹峰大管家,鲜夜,0.389,pending
00:21:09.92,31748,青竹峰大管家,二罗朝花,0.664,low_conf
00:21:09.92,31748,青竹峰大管家,-yzz2,0.446,pending
00:21:09.92,31748,青竹峰大管家,八零王,0.522,pending
00:21:09.92,31748,青竹峰大管家,麒金,0.273,pending
00:21:09.92,31748,青竹峰大管家,文橙时,0.309,pending
00:21:09.92,31748,青竹峰大管家,二条海燃狗,0.663,low_conf
00:21:09.92,31748,青竹峰大管家,ly大先生,0.699,low_conf
00:21:09.92,31748,青竹峰大管家,啦啦！,0.711,low_conf
00:21:09.92,31748,青竹峰大管家,麒宝宝er,0.648,low_conf
00:21:09.92,31748,青竹峰大管家,文润,0.38,pending
00:21:09.92,31748,青竹峰大管家,条鱼的不归路。,0.695,low_conf
00:21:13.60,31840,青竹峰大管家,L★ve炫爱乡,0.705,low_conf
00:21:13.60,31840,青竹峰大管家,风声族,0.44,pending
00:21:13.60,31840,青竹峰大管家,来起,0.3,pending
00:21:13.60,31840,青竹峰大管家,起个破条小数数,0.668,low_conf
00:21:13.60,31840,青竹峰大管家,稳少牛,0.484,pending
00:21:13.60,31840,青竹峰大管家,LR|斓岚,0.499,pending
00:21:13.60,31840,青竹峰大管家,机七,0.555,pending
00:21:13.60,31840,青竹峰大管家,风馄汤,0.403,pending
00:21:13.60,31840,青竹峰大管家,来桐,0.339,pending
00:21:13.60,31840,青竹峰大管家,气宇轩易神索尔,0.629,low_conf
00:21:13.60,31840,青竹峰大管家,脚滑的小子},0.719,low_conf
00:21:13.60,31840,青竹峰大管家,拨刀灯笼展,0.743,low_conf
00:21:13.60,31840,青竹峰大管家,风世修美好,0.655,low_conf
00:21:13.60,31840,青竹峰大管家,来合,0.256,pending
00:21:13.60,31840,青竹峰大管家,气运如鸿,0.61,low_conf
00:21:13.60,31840,青竹峰大管家,L流河旱机,0.649,low_conf
00:21:13.60,31840,青竹峰大管家,拨饭青年,0.683,low_conf
00:21:13.60,31840,青竹峰大管家,风希大善妖,0.681,low_conf
00:21:13.60,31840,青竹峰大管家,来昊,0.381,pending
00:21:13.60,31840,青竹峰大管家,烫风,0.188,pending
00:21:13.60,31840,青竹峰大管家,风河,0.544,pending
00:21:13.60,31840,青竹峰大管家,来晚,0.397,pending
00:21:13.60,31840,青竹峰大管家,恰著星辰似你,0.707,low_conf
00:21:13.60,31840,青竹峰大管家,风涯,0.512,pending
00:21:13.60,31840,青竹峰大管家,杯酒秋酥,0.398,pending
00:21:13.60,31840,青竹峰大管家,一小麻,0.734,low_conf
00:21:13.60,31840,青竹峰大管家,风二样的速,0.741,low_conf
00:21:13.60,31840,青竹峰大管家,来碗,0.507,pending
00:21:13.60,31840,青竹峰大管家,手林酒车,0.137,pending
00:21:13.60,31840,青竹峰大管家,核骨,0.461,pending
00:21:13.60,31840,青竹峰大管家,霸刀真着,0.607,low_conf
00:21:13.60,31840,青竹峰大管家,风一样滴男礼,0.683,low_conf
00:21:13.60,31840,青竹峰大管家,莱碗,0.208,pending
00:21:13.60,31840,青竹峰大管家,千秋009,0.705,low_conf
00:21:13.60,31840,青竹峰大管家,我爱寂真,0.46,pending
00:21:13.60,31840,青竹峰大管家,Atao.,0.677,low_conf
00:21:13.60,31840,青竹峰大管家,M_C25 ±,0.708,low_conf
00:21:13.60,31840,青竹峰大管家,风雨一无晴,0.669,low_conf
00:21:13.60,31840,青竹峰大管家,柔,0.05,pending
00:21:13.60,31840,青竹峰大管家,千手修罗·-,0.508,pending
00:21:13.60,31840,青竹峰大管家,我爱配,0.74,low_conf
00:21:13.60,31840,青竹峰大管家,Atlans.Y,0.664,low_conf
00:21:13.60,31840,青竹峰大管家,Magic.青,0.745,low_conf
00:21:13.60,31840,青竹峰大管家,霸气中,0.678,low_conf
00:21:13.60,31840,青竹峰大管家,风雨之,0.557,pending
00:21:13.60,31840,青竹峰大管家,颗拍,0.473,pending
00:21:13.60,31840,青竹峰大管家,千岁君,0.51,pending
00:21:13.60,31840,青竹峰大管家,吧营销,0.617,low_conf
00:21:13.60,31840,青竹峰大管家,风月无边,0.69,low_conf
00:21:13.60,31840,青竹峰大管家,美格,0.118,pending
00:21:13.60,31840,青竹峰大管家,千方别抽奖,0.554,pending
00:21:13.60,31840,青竹峰大管家,aweng,0.692,low_conf
00:21:13.60,31840,青竹峰大管家,Maison君,0.728,low_conf
00:21:13.60,31840,青竹峰大管家,白阿拉值与春由,0.732,low_conf
00:21:13.60,31840,青竹峰大管家,风之龙翼1,0.732,low_conf
00:21:13.60,31840,青竹峰大管家,羽,0.052,pending
00:21:13.60,31840,青竹峰大管家,我不曾爱过你开,0.748,low_conf
00:21:13.60,31840,青竹峰大管家,一月爹,0.614,low_conf
00:21:13.60,31840,青竹峰大管家,风之彩浦酒,0.549,pending
00:21:13.60,31840,青竹峰大管家,风彩,0.421,pending
00:21:13.60,31840,青竹峰大管家,千月条,0.368,pending
00:21:13.60,31840,青竹峰大管家,白吃饭de,0.747,low_conf
00:21:13.60,31840,青竹峰大管家,风中瘦潇酒,0.586,pending
00:21:13.60,31840,青竹峰大管家,千只-廿,0.462,pending
00:21:13.60,31840,青竹峰大管家,一只啊北,0.732,low_conf
00:21:13.60,31840,青竹峰大管家,ManVro,0.73,low_conf
00:21:13.60,31840,青竹峰大管家,白嘟嘟w粉,0.538,pending
00:21:13.60,31840,青竹峰大管家,风中,0.419,pending
00:21:13.60,31840,青竹峰大管家,麻楼,0.224,pending
00:21:13.60,31840,青竹峰大管家,牵你的手诗化了道,0.74,low_conf
00:21:13.60,31840,青竹峰大管家,ManyAstwo,0.738,low_conf
00:21:13.60,31840,青竹峰大管家,枫润我啊绝,0.687,low_conf
00:21:13.60,31840,青竹峰大管家,监权,0.313,pending
00:21:13.60,31840,青竹峰大管家,牵看的还是456,0.606,low_conf
00:21:13.60,31840,青竹峰大管家,我不走爱说话,0.635,low_conf
00:21:13.60,31840,青竹峰大管家,白给团团子,0.688,low_conf
00:21:13.60,31840,青竹峰大管家,枫狗我啊,0.471,pending
00:21:13.60,31840,青竹峰大管家,蓝导,0.181,pending
00:21:13.60,31840,青竹峰大管家,钱钱美球子,0.705,low_conf
00:21:13.60,31840,青竹峰大管家,maomao,0.728,low_conf
00:21:13.60,31840,青竹峰大管家,枫华郑来,0.499,pending
00:21:13.60,31840,青竹峰大管家,蓝量,0.529,pending
00:21:13.60,31840,青竹峰大管家,我担幸福着呢,0.691,low_conf
00:21:13.60,31840,青竹峰大管家,白桦风声,0.571,pending
00:21:13.60,31840,青竹峰大管家,枫林舒,0.543,pending
00:21:13.60,31840,青竹峰大管家,蓝！,0.433,pending
00:21:13.60,31840,青竹峰大管家,我的瓜子,0.561,pending
00:21:13.60,31840,青竹峰大管家,白金糯米,0.62,low_conf
00:21:13.60,31840,青竹峰大管家,枫小男,0.631,low_conf
00:21:13.60,31840,青竹峰大管家,蓝察,0.432,pending
00:21:13.60,31840,青竹峰大管家,浅-安,0.479,pending
00:21:13.60,31840,青竹峰大管家,A-金雷竹,0.709,low_conf
00:21:13.60,31840,青竹峰大管家,Marefenga,0.737,low_conf
00:21:13.60,31840,青竹峰大管家,枫雪季楼,0.354,pending
00:21:13.60,31840,青竹峰大管家,蓝务,0.186,pending
00:21:13.60,31840,青竹峰大管家,浅食w,0.414,pending
00:21:13.60,31840,青竹峰大管家,白菊花井,0.638,low_conf
00:21:13.60,31840,青竹峰大管家,枫吐藏于,0.572,pending
00:21:13.60,31840,青竹峰大管家,蓝荐,0.306,pending
00:21:13.60,31840,青竹峰大管家,浅痴,0.645,low_conf
00:21:13.60,31840,青竹峰大管家,A慕梦白,0.748,low_conf
00:21:13.60,31840,青竹峰大管家,白鹿共,0.668,low_conf
00:21:13.60,31840,青竹峰大管家,树呼颜,0.271,pending
00:21:13.60,31840,青竹峰大管家,监母,0.347,pending
00:21:13.60,31840,青竹峰大管家,浅眠、ZZ,0.712,low_conf
00:21:13.60,31840,青竹峰大管家,a熊,0.513,pending
00:21:13.60,31840,青竹峰大管家,markre),0.733,low_conf
00:21:13.60,31840,青竹峰大管家,白毛,0.55,pending
00:21:13.60,31840,青竹峰大管家,封风癜,0.566,pending
00:21:13.60,31840,青竹峰大管家,蓝务,0.465,pending
00:21:13.60,31840,青竹峰大管家,浅浅的印、,0.695,low_conf
00:21:13.60,31840,青竹峰大管家,MarkalChana,0.709,low_conf
00:21:13.60,31840,青竹峰大管家,白平街cam,0.624,low_conf
00:21:13.60,31840,青竹峰大管家,疯斑小疯,0.508,pending
00:21:13.60,31840,青竹峰大管家,蓝翔,0.556,pending
00:21:13.60,31840,青竹峰大管家,浅浅越越,0.741,low_conf
00:21:13.60,31840,青竹峰大管家,白自梦畅想家,0.744,low_conf
00:21:13.60,31840,青竹峰大管家,浅墅-眠汐,0.698,low_conf
00:21:13.60,31840,青竹峰大管家,我非我！,0.635,low_conf
00:21:13.60,31840,青竹峰大管家,疯狂！,0.638,low_conf
00:21:13.60,31840,青竹峰大管家,监存,0.191,pending
00:21:13.60,31840,青竹峰大管家,炎扎的椰头,0.581,pending
00:21:13.60,31840,青竹峰大管家,白裳卿衣,0.636,low_conf
00:21:13.60,31840,青竹峰大管家,灵,0.452,pending
00:21:13.60,31840,青竹峰大管家,监保,0.133,pending
00:21:13.60,31840,青竹峰大管家,墙裂骑,0.616,low_conf
00:21:13.60,31840,青竹峰大管家,二醉醛,0.443,pending
00:21:13.60,31840,青竹峰大管家,白君Homura,0.657,low_conf
00:21:13.60,31840,青竹峰大管家,风萄乳市,0.238,pending
00:21:13.60,31840,青竹峰大管家,界琴RinJ。,0.599,pending
00:21:13.60,31840,青竹峰大管家,代存玖,0.461,pending
00:21:13.60,31840,青竹峰大管家,mattixz,0.696,low_conf
00:21:13.60,31840,青竹峰大管家,白鼠方岁,0.644,low_conf
00:21:13.60,31840,青竹峰大管家,风雨无声,0.487,pending
00:21:13.60,31840,青竹峰大管家,懒中,0.611,low_conf
00:21:13.60,31840,青竹峰大管家,桥|治,0.558,pending
00:21:13.60,31840,青竹峰大管家,伊要感鲁的减法,0.695,low_conf
00:21:13.60,31840,青竹峰大管家,白天有海风,0.737,low_conf
00:21:13.60,31840,青竹峰大管家,车学预频,0.171,pending
00:21:13.60,31840,青竹峰大管家,懒快,0.376,pending
00:21:13.60,31840,青竹峰大管家,伊鸦鲁的减法,0.626,low_conf
00:21:17.28,31932,青竹峰大管家,Max喜哈,0.456,pending
00:21:17.28,31932,青竹峰大管家,自夜新,0.446,pending
00:21:17.28,31932,青竹峰大管家,林eter,0.638,low_conf
00:21:17.28,31932,青竹峰大管家,狼哥,0.356,pending
00:21:17.28,31932,青竹峰大管家,且康且患,0.509,pending
00:21:17.28,31932,青竹峰大管家,我叫ke,0.726,low_conf
00:21:17.28,31932,青竹峰大管家,BayBmaxs,0.517,pending
00:21:17.28,31932,青竹峰大管家,Max马i克,0.66,low_conf
00:21:17.28,31932,青竹峰大管家,自夜计,0.52,pending
00:21:17.28,31932,青竹峰大管家,天林格w,0.393,pending
00:21:17.28,31932,青竹峰大管家,廊坊,0.555,pending
00:21:17.28,31932,青竹峰大管家,BBbcha大河马,0.561,pending
00:21:17.28,31932,青竹峰大管家,MDXEIC,0.714,low_conf
00:21:17.28,31932,青竹峰大管家,自玲会,0.23,pending
00:21:17.28,31932,青竹峰大管家,期克斯A,0.424,pending
00:21:17.28,31932,青竹峰大管家,郎商,0.175,pending
00:21:17.28,31932,青竹峰大管家,Bbbb,0.594,pending
00:21:17.28,31932,青竹峰大管家,MeXF,0.463,pending
00:21:17.28,31932,青竹峰大管家,自瑜素的黑斑鸠,0.537,pending
00:21:17.28,31932,青竹峰大管家,伏期魔地是,0.385,pending
00:21:17.28,31932,青竹峰大管家,朗界,0.178,pending
00:21:17.28,31932,青竹峰大管家,-伊-藤-诚-,0.682,low_conf
00:21:17.28,31932,青竹峰大管家,Bbe色阿标,0.714,low_conf
00:21:17.28,31932,青竹峰大管家,白羽光葡果,0.319,pending
00:21:17.28,31932,青竹峰大管家,优说最你狗,0.624,low_conf
00:21:17.28,31932,青竹峰大管家,浪的,0.571,pending
00:21:17.28,31932,青竹峰大管家,窃取快乐的惠,0.748,low_conf
00:21:17.28,31932,青竹峰大管家,伊巍,0.658,low_conf
00:21:17.28,31932,青竹峰大管家,bb巴色,0.557,pending
00:21:17.28,31932,青竹峰大管家,Mederceee,0.548,pending
00:21:17.28,31932,青竹峰大管家,自月元,0.341,pending
00:21:17.28,31932,青竹峰大管家,佛系取郁痛,0.49,pending
00:21:17.28,31932,青竹峰大管家,浪海,0.65,low_conf
00:21:17.28,31932,青竹峰大管家,惬意翱翔,0.602,low_conf
00:21:17.28,31932,青竹峰大管家,Bc墨景oud,0.706,low_conf
00:21:17.28,31932,青竹峰大管家,MeHce,0.434,pending
00:21:17.28,31932,青竹峰大管家,自云家雨,0.437,pending
00:21:17.28,31932,青竹峰大管家,扶系109,0.519,pending
00:21:17.28,31932,青竹峰大管家,浪花,0.662,low_conf
00:21:17.28,31932,青竹峰大管家,Beastxou,0.646,low_conf
00:21:17.28,31932,青竹峰大管家,自至清欢H7,0.584,pending
00:21:17.28,31932,青竹峰大管家,芙的芙莉莲,0.554,pending
00:21:17.28,31932,青竹峰大管家,浪公,0.421,pending
00:21:17.28,31932,青竹峰大管家,親警,0.35,pending
00:21:17.28,31932,青竹峰大管家,为依约呀,0.684,low_conf
00:21:17.28,31932,青竹峰大管家,BeASIXX,0.629,low_conf
00:21:17.28,31932,青竹峰大管家,Mek877,0.697,low_conf
00:21:17.28,31932,青竹峰大管家,自学清子吧也,0.501,pending
00:21:17.28,31932,青竹峰大管家,美的天利笔,0.595,pending
00:21:17.28,31932,青竹峰大管家,浪浪司,0.543,pending
00:21:17.28,31932,青竹峰大管家,秦锐-流沙,0.744,low_conf
00:21:17.28,31932,青竹峰大管家,Beidnls,0.622,low_conf
00:21:17.28,31932,青竹峰大管家,百奶中,0.449,pending
00:21:17.28,31932,青竹峰大管家,换膜将至味,0.4,pending
00:21:17.28,31932,青竹峰大管家,浪漫,0.658,low_conf
00:21:17.28,31932,青竹峰大管家,壹依可,0.736,low_conf
00:21:17.28,31932,青竹峰大管家,BeIAnLSBg,0.567,pending
00:21:17.28,31932,青竹峰大管家,Meram!,0.718,low_conf
00:21:17.28,31932,青竹峰大管家,百营心中,0.234,pending
00:21:17.28,31932,青竹峰大管家,摇歌,0.183,pending
00:21:17.28,31932,青竹峰大管家,浪野,0.65,low_conf
00:21:17.28,31932,青竹峰大管家,BengBoBiL,0.651,low_conf
00:21:17.28,31932,青竹峰大管家,mengiL,0.573,pending
00:21:17.28,31932,青竹峰大管家,百化添,0.398,pending
00:21:17.28,31932,青竹峰大管家,浮在塑流,0.569,pending
00:21:17.28,31932,青竹峰大管家,劳模）,0.492,pending
00:21:17.28,31932,青竹峰大管家,一琴心,0.667,low_conf
00:21:17.28,31932,青竹峰大管家,遗忘的江南,0.712,low_conf
00:21:17.28,31932,青竹峰大管家,Berypidpri66,0.624,low_conf
00:21:17.28,31932,青竹峰大管家,Merse,0.655,low_conf
00:21:17.28,31932,青竹峰大管家,国酒,0.223,pending
00:21:17.28,31932,青竹峰大管家,浮生换沉梦,0.559,pending
00:21:17.28,31932,青竹峰大管家,老,0.448,pending
00:21:17.28,31932,青竹峰大管家,以璨,0.663,low_conf
00:21:17.28,31932,青竹峰大管家,Bibybnmer,0.594,pending
00:21:17.28,31932,青竹峰大管家,mer唇,0.418,pending
00:21:17.28,31932,青竹峰大管家,拜凤教主-徐锦江,0.71,low_conf
00:21:17.28,31932,青竹峰大管家,浮隐托世,0.507,pending
00:21:17.28,31932,青竹峰大管家,老自,0.499,pending
00:21:17.28,31932,青竹峰大管家,青灯香,0.73,low_conf
00:21:17.28,31932,青竹峰大管家,拜月教主保,0.652,low_conf
00:21:17.28,31932,青竹峰大管家,浮东南板,0.433,pending
00:21:17.28,31932,青竹峰大管家,老登,0.637,low_conf
00:21:17.28,31932,青竹峰大管家,BIBIAI,0.645,low_conf
00:21:17.28,31932,青竹峰大管家,MichaelWM,0.724,low_conf
00:21:17.28,31932,青竹峰大管家,群月一年的日常,0.549,pending
00:21:17.28,31932,青竹峰大管家,浮去两啡,0.444,pending
00:21:17.28,31932,青竹峰大管家,老宁,0.608,low_conf
00:21:17.28,31932,青竹峰大管家,青风初翊,0.627,low_conf
00:21:17.28,31932,青竹峰大管家,我生我狂,0.738,low_conf
00:21:17.28,31932,青竹峰大管家,Midnt,0.603,low_conf
00:21:17.28,31932,青竹峰大管家,搬运工32的,0.534,pending
00:21:17.28,31932,青竹峰大管家,待有,0.106,pending
00:21:17.28,31932,青竹峰大管家,老哥,0.664,low_conf
00:21:17.28,31932,青竹峰大管家,Big- Rpple,0.561,pending
00:21:17.28,31932,青竹峰大管家,搬进泉水forever,0.686,low_conf
00:21:17.28,31932,青竹峰大管家,老宫,0.385,pending
00:21:17.28,31932,青竹峰大管家,青斯再,0.398,pending
00:21:17.28,31932,青竹峰大管家,BiaMS,0.561,pending
00:21:17.28,31932,青竹峰大管家,Mikko,0.58,pending
00:21:17.28,31932,青竹峰大管家,坂升银时X,0.471,pending
00:21:17.28,31932,青竹峰大管家,福勝妹妹,0.625,low_conf
00:21:17.28,31932,青竹峰大管家,老虎,0.523,pending
00:21:17.28,31932,青竹峰大管家,青空A01,0.726,low_conf
00:21:17.28,31932,青竹峰大管家,我是飛場啊,0.748,low_conf
00:21:17.28,31932,青竹峰大管家,BigMas,0.533,pending
00:21:17.28,31932,青竹峰大管家,mikkooo0,0.747,low_conf
00:21:17.28,31932,青竹峰大管家,板电银时打,0.484,pending
00:21:17.28,31932,青竹峰大管家,腰酶胖水,0.276,pending
00:21:17.28,31932,青竹峰大管家,老匠,0.554,pending
00:21:17.28,31932,青竹峰大管家,青璃芷菓,0.701,low_conf
00:21:17.28,31932,青竹峰大管家,弋子寒,0.56,pending
00:21:17.28,31932,青竹峰大管家,整杯钢,0.205,pending
00:21:17.28,31932,青竹峰大管家,等奶未杀接善,0.461,pending
00:21:17.28,31932,青竹峰大管家,老季,0.602,low_conf
00:21:17.28,31932,青竹峰大管家,MKury,0.427,pending
00:21:17.28,31932,青竹峰大管家,丰林级食味,0.301,pending
00:21:17.28,31932,青竹峰大管家,存冲的楼,0.482,pending
00:21:17.28,31932,青竹峰大管家,老慢,0.661,low_conf
00:21:17.28,31932,青竹峰大管家,忆旧客,0.724,low_conf
00:21:17.28,31932,青竹峰大管家,millang,0.716,low_conf
00:21:17.28,31932,青竹峰大管家,半设漆,0.269,pending
00:21:17.28,31932,青竹峰大管家,付达,0.505,pending
00:21:17.28,31932,青竹峰大管家,老猫,0.662,low_conf
00:21:17.28,31932,青竹峰大管家,忆口南瓜饼,0.732,low_conf
00:21:17.28,31932,青竹峰大管家,bl11442467202,0.73,low_conf
00:21:17.28,31932,青竹峰大管家,半天便力顿,0.447,pending
00:21:17.28,31932,青竹峰大管家,付导的大手,0.661,low_conf
00:21:17.28,31932,青竹峰大管家,老,0.499,pending
00:21:17.28,31932,青竹峰大管家,青弯离华,0.726,low_conf
00:21:17.28,31932,青竹峰大管家,bll 13125073275,0.733,low_conf
00:21:17.28,31932,青竹峰大管家,半夏肉肉存在,0.662,low_conf
00:21:17.28,31932,青竹峰大管家,腹墨的西红和,0.711,low_conf
00:21:17.28,31932,青竹峰大管家,老！,0.531,pending
00:21:17.28,31932,青竹峰大管家,青木648,0.652,low_conf
00:21:17.28,31932,青竹峰大管家,MNgmng,0.549,pending
00:21:17.28,31932,青竹峰大管家,半菱半醇焦羊痴桌,0.349,pending
00:21:17.28,31932,青竹峰大管家,暖味味吃,0.185,pending
00:21:17.28,31932,青竹峰大管家,6llL 13505383584,0.719,low_conf
00:21:17.28,31932,青竹峰大管家,miniga!,0.645,low_conf
00:21:17.28,31932,青竹峰大管家,半瓶车水,0.312,pending
00:21:17.28,31932,青竹峰大管家,该吃大餐咯,0.663,low_conf
00:21:17.28,31932,青竹峰大管家,老年,0.664,low_conf
00:21:17.28,31932,青竹峰大管家,亦暗自,0.739,low_conf
00:21:17.28,31932,青竹峰大管家,bll 13837389524,0.721,low_conf
00:21:17.28,31932,青竹峰大管家,森摄冰能,0.272,pending
00:21:17.28,31932,青竹峰大管家,该班时就,0.649,low_conf
00:21:17.28,31932,青竹峰大管家,青青青,0.719,low_conf
00:21:17.28,31932,青竹峰大管家,亦震Q,0.574,pending
00:21:17.28,31932,青竹峰大管家,Minner. Sing,0.705,low_conf
00:21:17.28,31932,青竹峰大管家,棒杯柠压bz,0.419,pending
00:21:17.28,31932,青竹峰大管家,该用护还没,0.561,pending
00:21:17.28,31932,青竹峰大管家,老师,0.637,low_conf
00:21:17.28,31932,青竹峰大管家,亦森d,0.606,low_conf
00:21:17.28,31932,青竹峰大管家,Mirneukarn,0.69,low_conf
00:21:17.28,31932,青竹峰大管家,棒球存像不服,0.599,pending
00:21:17.28,31932,青竹峰大管家,亦柔覆Xig,0.48,pending
00:21:17.28,31932,青竹峰大管家,Miss YuK生,0.54,pending
00:21:17.28,31932,青竹峰大管家,伊球衣,0.203,pending
00:21:17.28,31932,青竹峰大管家,改用i好难甲,0.636,low_conf
00:21:17.28,31932,青竹峰大管家,老试,0.563,pending
00:21:17.28,31932,青竹峰大管家,青书节,0.585,pending
00:21:17.28,31932,青竹峰大管家,亦萧肃xiao,0.583,pending
00:21:17.28,31932,青竹峰大管家,mispas,0.729,low_conf
00:21:17.28,31932,青竹峰大管家,包子吃吃馆,0.638,low_conf
00:21:17.28,31932,青竹峰大管家,改个眠称就,0.702,low_conf
00:21:17.28,31932,青竹峰大管家,老司,0.655,low_conf
00:21:17.28,31932,青竹峰大管家,哆寒冷瘤,0.289,pending
00:21:20.96,32024,青竹峰大管家,抱抱Utron,0.673,low_conf
00:21:20.96,32024,青竹峰大管家,肝帝小吴,0.675,low_conf
00:21:20.96,32024,青竹峰大管家,乐意,0.665,low_conf
00:21:20.96,32024,青竹峰大管家,青云良,0.747,low_conf
00:21:20.96,32024,青竹峰大管家,抱雪眠,0.708,low_conf
00:21:20.96,32024,青竹峰大管家,肝肝肝某,0.641,low_conf
00:21:20.96,32024,青竹峰大管家,了解,0.665,low_conf
00:21:20.96,32024,青竹峰大管家,肝氨咸鱼,0.693,low_conf
00:21:20.96,32024,青竹峰大管家,了撒,0.594,pending
00:21:20.96,32024,青竹峰大管家,豹斧冲冲冲,0.682,low_conf
00:21:20.96,32024,青竹峰大管家,赶风去啊,0.708,low_conf
00:21:20.96,32024,青竹峰大管家,雷普,0.64,low_conf
00:21:20.96,32024,青竹峰大管家,mofo晓菜,0.642,low_conf
00:21:20.96,32024,青竹峰大管家,雷霆,0.57,pending
00:21:20.96,32024,青竹峰大管家,毅海贼,0.748,low_conf
00:21:20.96,32024,青竹峰大管家,momo ulu,0.722,low_conf
00:21:20.96,32024,青竹峰大管家,泰风城卫乒艺,0.729,low_conf
00:21:20.96,32024,青竹峰大管家,千坏事的都是,0.663,low_conf
00:21:20.96,32024,青竹峰大管家,-雷雨,0.572,pending
00:21:20.96,32024,青竹峰大管家,暴躁的狗蛋儿,0.719,low_conf
00:21:20.96,32024,青竹峰大管家,羊嘛呢。？,0.707,low_conf
00:21:20.96,32024,青竹峰大管家,磊他,0.647,low_conf
00:21:20.96,32024,青竹峰大管家,倾道长,0.746,low_conf
00:21:20.96,32024,青竹峰大管家,泰走鱼哥1,0.561,pending
00:21:20.96,32024,青竹峰大管家,干神魔髪,0.535,pending
00:21:20.96,32024,青竹峰大管家,蕾拉,0.522,pending
00:21:20.96,32024,青竹峰大管家,爆肝诺文,0.744,low_conf
00:21:20.96,32024,青竹峰大管家,卤伦の胸针,0.723,low_conf
00:21:20.96,32024,青竹峰大管家,蕾娜,0.457,pending
00:21:20.96,32024,青竹峰大管家,岗提肌,0.633,low_conf
00:21:20.96,32024,青竹峰大管家,泪落,0.662,low_conf
00:21:20.96,32024,青竹峰大管家,我小弟硬椰郴,0.71,low_conf
00:21:20.96,32024,青竹峰大管家,泪渊,0.64,low_conf
00:21:20.96,32024,青竹峰大管家,-我心向阳--,0.675,low_conf
00:21:20.96,32024,青竹峰大管家,卓都月,0.556,pending
00:21:20.96,32024,青竹峰大管家,刚改个新名宇,0.713,low_conf
00:21:20.96,32024,青竹峰大管家,滨蛊,0.395,pending
00:21:20.96,32024,青竹峰大管家,滨滨,0.569,pending
00:21:20.96,32024,青竹峰大管家,清承,0.666,low_conf
00:21:20.96,32024,青竹峰大管家,银行员日记,0.669,low_conf
00:21:20.96,32024,青竹峰大管家,高坂果小果,0.708,low_conf
00:21:20.96,32024,青竹峰大管家,棱云,0.631,low_conf
00:21:20.96,32024,青竹峰大管家,Moto killer,0.738,low_conf
00:21:20.96,32024,青竹峰大管家,冷道,0.664,low_conf
00:21:20.96,32024,青竹峰大管家,冷冻,0.662,low_conf
00:21:20.96,32024,青竹峰大管家,高级普江NP,0.721,low_conf
00:21:20.96,32024,青竹峰大管家,冷酷,0.659,low_conf
00:21:20.96,32024,青竹峰大管家,北海墓志铭,0.628,low_conf
00:21:20.96,32024,青竹峰大管家,清欢云岫,0.748,low_conf
00:21:20.96,32024,青竹峰大管家,高营长主业,0.647,low_conf
00:21:20.96,32024,青竹峰大管家,冷灵,0.661,low_conf
00:21:20.96,32024,青竹峰大管家,北街旧林,0.698,low_conf
00:21:20.96,32024,青竹峰大管家,糕手莉雅,0.698,low_conf
00:21:20.96,32024,青竹峰大管家,冷眸,0.523,pending
00:21:20.96,32024,青竹峰大管家,MA淡写,0.729,low_conf
00:21:20.96,32024,青竹峰大管家,北凉原字弹,0.661,low_conf
00:21:20.96,32024,青竹峰大管家,搞峰咖,0.647,low_conf
00:21:20.96,32024,青竹峰大管家,冷月,0.666,low_conf
00:21:20.96,32024,青竹峰大管家,Mr、黑,0.632,low_conf
00:21:20.96,32024,青竹峰大管家,北陆嘉平,0.582,pending
00:21:20.96,32024,青竹峰大管家,搞事什么都不,0.745,low_conf
00:21:20.96,32024,青竹峰大管家,銀鱼炒蛋OvO,0.628,low_conf
00:21:20.96,32024,青竹峰大管家,引梦泽,0.748,low_conf
00:21:20.96,32024,青竹峰大管家,muchl!,0.682,low_conf
00:21:20.96,32024,青竹峰大管家,北窝有鱼鱼y,0.702,low_conf
00:21:20.96,32024,青竹峰大管家,晏端,0.25,pending
00:21:20.96,32024,青竹峰大管家,哩态,0.264,pending
00:21:20.96,32024,青竹峰大管家,北阴第一人,0.683,low_conf
00:21:20.96,32024,青竹峰大管家,疙瘩队长,0.747,low_conf
00:21:20.96,32024,青竹峰大管家,离畅,0.585,pending
00:21:20.96,32024,青竹峰大管家,MVP空心,0.718,low_conf
00:21:20.96,32024,青竹峰大管家,贝壳张柏赛,0.671,low_conf
00:21:20.96,32024,青竹峰大管家,离谱,0.663,low_conf
00:21:20.96,32024,青竹峰大管家,隐夏之约,0.736,low_conf
00:21:20.96,32024,青竹峰大管家,mWy墨香,0.664,low_conf
00:21:20.96,32024,青竹峰大管家,离心,0.658,low_conf
00:21:20.96,32024,青竹峰大管家,即廷讽爽的阿十,0.558,pending
00:21:20.96,32024,青竹峰大管家,备用Alla,0.717,low_conf
00:21:20.96,32024,青竹峰大管家,鸽香柠檬,0.746,low_conf
00:21:20.96,32024,青竹峰大管家,璃苏,0.666,low_conf
00:21:20.96,32024,青竹峰大管家,情瘤感菌,0.743,low_conf
00:21:20.96,32024,青竹峰大管家,英姿爽,0.362,pending
00:21:20.96,32024,青竹峰大管家,mywzal,0.666,low_conf
00:21:20.96,32024,青竹峰大管家,璃月3,0.624,low_conf
00:21:20.96,32024,青竹峰大管家,楼滴保,0.49,pending
00:21:20.96,32024,青竹峰大管家,黎恩,0.65,low_conf
00:21:20.96,32024,青竹峰大管家,楼之,0.253,pending
00:21:20.96,32024,青竹峰大管家,M矮西,0.602,low_conf
00:21:20.96,32024,青竹峰大管家,黎哈！,0.697,low_conf
00:21:20.96,32024,青竹峰大管家,曼才施教,0.465,pending
00:21:24.64,32116,青竹峰大管家,格子帝,0.728,low_conf
00:21:24.64,32116,青竹峰大管家,李鸽,0.447,pending
00:21:24.64,32116,青竹峰大管家,李观,0.633,low_conf
00:21:24.64,32116,青竹峰大管家,李昊,0.655,low_conf
00:21:24.64,32116,青竹峰大管家,急1,0.267,pending
00:21:24.64,32116,青竹峰大管家,李火,0.656,low_conf
00:21:24.64,32116,青竹峰大管家,李佳,0.66,low_conf
00:21:24.64,32116,青竹峰大管家,巫文文,0.748,low_conf
00:21:24.64,32116,青竹峰大管家,奔放的小马,0.749,low_conf
00:21:24.64,32116,青竹峰大管家,李老,0.531,pending
00:21:24.64,32116,青竹峰大管家,屋大维特,0.729,low_conf
00:21:24.64,32116,青竹峰大管家,耿钊珑,0.743,low_conf
00:21:24.64,32116,青竹峰大管家,李木,0.635,low_conf
00:21:24.64,32116,青竹峰大管家,梗老师,0.746,low_conf
00:21:24.64,32116,青竹峰大管家,李沐,0.642,low_conf
00:21:24.64,32116,青竹峰大管家,庆善,0.666,low_conf
00:21:24.64,32116,青竹峰大管家,公允、,0.668,low_conf
00:21:24.64,32116,青竹峰大管家,李念,0.655,low_conf
00:21:24.64,32116,青竹峰大管家,箐,0.492,pending
00:21:24.64,32116,青竹峰大管家,李朋、,0.614,low_conf
00:21:24.64,32116,青竹峰大管家,弯村,0.639,low_conf
00:21:24.64,32116,青竹峰大管家,永恒的四,0.71,low_conf
00:21:24.64,32116,青竹峰大管家,奔小雪,0.653,low_conf
00:21:24.64,32116,青竹峰大管家,宫崎和香~s,0.697,low_conf
00:21:24.64,32116,青竹峰大管家,李思,0.653,low_conf
00:21:24.64,32116,青竹峰大管家,飙,0.393,pending
00:21:24.64,32116,青竹峰大管家,李糖(,0.743,low_conf
00:21:24.64,32116,青竹峰大管家,莹莺,0.418,pending
00:21:24.64,32116,青竹峰大管家,共振振,0.729,low_conf
00:21:24.64,32116,青竹峰大管家,李逍,0.532,pending
00:21:24.64,32116,青竹峰大管家,本井泉分,0.699,low_conf
00:21:24.64,32116,青竹峰大管家,勾指啦,0.744,low_conf
00:21:24.64,32116,青竹峰大管家,李小月,0.663,low_conf
00:21:24.64,32116,青竹峰大管家,熊猫,0.614,low_conf
00:21:24.64,32116,青竹峰大管家,无敌昼夜,0.721,low_conf
00:21:24.64,32116,青竹峰大管家,本座玄骨萧饦,0.727,low_conf
00:21:24.64,32116,青竹峰大管家,狗哥,0.665,low_conf
00:21:24.64,32116,青竹峰大管家,李欣,0.632,low_conf
00:21:24.64,32116,青竹峰大管家,无-风,0.602,low_conf
00:21:24.64,32116,青竹峰大管家,咏晔,0.572,pending
00:21:24.64,32116,青竹峰大管家,狗废奇,0.746,low_conf
00:21:24.64,32116,青竹峰大管家,李修,0.638,low_conf
00:21:24.64,32116,青竹峰大管家,邱小茄,0.74,low_conf
00:21:24.64,32116,青竹峰大管家,狗狗异世界目,0.718,low_conf
00:21:24.64,32116,青竹峰大管家,李昱,0.627,low_conf
00:21:24.64,32116,青竹峰大管家,李壮9,0.586,pending
00:21:24.64,32116,青竹峰大管家,里慕！,0.581,pending
00:21:24.64,32116,青竹峰大管家,蹦踏几天,0.718,low_conf
00:21:24.64,32116,青竹峰大管家,荷荷呆呆橘,0.651,low_conf
00:21:24.64,32116,青竹峰大管家,理和,0.665,low_conf
00:21:24.64,32116,青竹峰大管家,鼻孔喵喵喵,0.73,low_conf
00:21:24.64,32116,青竹峰大管家,理塘,0.522,pending
00:21:24.64,32116,青竹峰大管家,芒未野,0.477,pending
00:21:24.64,32116,青竹峰大管家,呱唧呱大瓜,0.686,low_conf
00:21:24.64,32116,青竹峰大管家,理智,0.665,low_conf
00:21:24.64,32116,青竹峰大管家,鲤布,0.666,low_conf
00:21:24.64,32116,青竹峰大管家,忧_and!,0.723,low_conf
00:21:24.64,32116,青竹峰大管家,咕咕是只小仔,0.735,low_conf
00:21:24.64,32116,青竹峰大管家,鲤、,0.605,low_conf
00:21:24.64,32116,青竹峰大管家,姑忧,0.663,low_conf
00:21:24.64,32116,青竹峰大管家,历经,0.666,low_conf
00:21:24.64,32116,青竹峰大管家,秋日部大王,0.735,low_conf
00:21:24.64,32116,青竹峰大管家,幽灵泡泡糖,0.71,low_conf
00:21:24.64,32116,青竹峰大管家,NLWF,0.727,low_conf
00:21:24.64,32116,青竹峰大管家,历某,0.608,low_conf
00:21:24.64,32116,青竹峰大管家,幽墓、若楠,0.479,pending
00:21:24.64,32116,青竹峰大管家,厉飞,0.543,pending
00:21:24.64,32116,青竹峰大管家,天,0.115,pending
00:21:24.64,32116,青竹峰大管家,No_3_ King,0.733,low_conf
00:21:24.64,32116,青竹峰大管家,孤蛋7,0.737,low_conf
00:21:24.64,32116,青竹峰大管家,房飞,0.535,pending
00:21:24.64,32116,青竹峰大管家,秋叶飘Ib,0.73,low_conf
00:21:24.64,32116,青竹峰大管家,幽月You,0.615,low_conf
00:21:24.64,32116,青竹峰大管家,厉害,0.659,low_conf
00:21:24.64,32116,青竹峰大管家,爱的,0.487,pending
00:21:24.64,32116,青竹峰大管家,立里：,0.551,pending
00:21:24.64,32116,青竹峰大管家,沈害的季,0.321,pending
00:21:24.64,32116,青竹峰大管家,立誓,0.553,pending
00:21:24.64,32116,青竹峰大管家,油浸油片,0.587,pending
00:21:24.64,32116,青竹峰大管家,哔哔哔哔啵哗哔喘,0.49,pending
00:21:24.64,32116,青竹峰大管家,利维,0.665,low_conf
00:21:24.64,32116,青竹峰大管家,无穷酱,0.749,low_conf
00:21:24.64,32116,青竹峰大管家,油烤液风扁叶,0.581,pending
00:21:28.32,32208,青竹峰大管家,哗哩哩哗哩哩哗吗,0.627,low_conf
00:21:28.32,32208,青竹峰大管家,荔枝,0.58,pending
00:21:28.32,32208,青竹峰大管家,哔哩娘二三,0.71,low_conf
00:21:28.32,32208,青竹峰大管家,孤介修士,0.72,low_conf
00:21:28.32,32208,青竹峰大管家,栗子,0.649,low_conf
00:21:28.32,32208,青竹峰大管家,啤哩啤哩哩哩,0.571,pending
00:21:28.32,32208,青竹峰大管家,孤军小包子,0.749,low_conf
00:21:28.32,32208,青竹峰大管家,属飛,0.484,pending
00:21:28.32,32208,青竹峰大管家,OahihC,0.749,low_conf
00:21:28.32,32208,青竹峰大管家,碧海鲸,0.696,low_conf
00:21:28.32,32208,青竹峰大管家,连蒙市,0.577,pending
00:21:28.32,32208,青竹峰大管家,连舞,0.665,low_conf
00:21:28.32,32208,青竹峰大管家,游星空的绅士,0.724,low_conf
00:21:28.32,32208,青竹峰大管家,涟漪,0.378,pending
00:21:28.32,32208,青竹峰大管家,莲_m,0.619,low_conf
00:21:28.32,32208,青竹峰大管家,去买炸鸡--,0.748,low_conf
00:21:28.32,32208,青竹峰大管家,友夏Z,0.505,pending
00:21:28.32,32208,青竹峰大管家,脸黑,0.664,low_conf
00:21:28.32,32208,青竹峰大管家,无,0.495,pending
00:21:28.32,32208,青竹峰大管家,黑Maxi,0.593,pending
00:21:28.32,32208,青竹峰大管家,古清1,0.748,low_conf
00:21:28.32,32208,青竹峰大管家,脸盲,0.642,low_conf
00:21:28.32,32208,青竹峰大管家,有點復雜,0.637,low_conf
00:21:28.32,32208,青竹峰大管家,“空城丶旧梦,0.692,low_conf
00:21:28.32,32208,青竹峰大管家,练习,0.666,low_conf
00:21:28.32,32208,青竹峰大管家,“曲憨憨,0.66,low_conf
00:21:28.32,32208,青竹峰大管家,炼气,0.662,low_conf
00:21:28.32,32208,青竹峰大管家,有狐 绥绥、,0.701,low_conf
00:21:28.32,32208,青竹峰大管家,“壹當仟…,0.644,low_conf
00:21:28.32,32208,青竹峰大管家,全热不加冰,0.714,low_conf
00:21:28.32,32208,青竹峰大管家,有纪,0.665,low_conf
00:21:28.32,32208,青竹峰大管家,Onecv,0.616,low_conf
00:21:28.32,32208,青竹峰大管家,憨看了快睡觉,0.714,low_conf
00:21:28.32,32208,青竹峰大管家,炼染,0.659,low_conf
00:21:28.32,32208,青竹峰大管家,吴访,0.66,low_conf
00:21:28.32,32208,青竹峰大管家,有君如水,0.717,low_conf
00:21:28.32,32208,青竹峰大管家,谷阿雨,0.749,low_conf
00:21:28.32,32208,青竹峰大管家,凉歌,0.663,low_conf
00:21:28.32,32208,青竹峰大管家,吴飞羽,0.734,low_conf
00:21:28.32,32208,青竹峰大管家,有猫饼的二蛋白√,0.697,low_conf
00:21:28.32,32208,青竹峰大管家,OOOOOD,0.744,low_conf
00:21:28.32,32208,青竹峰大管家,凉介,0.664,low_conf
00:21:28.32,32208,青竹峰大管家,有猫病,0.748,low_conf
00:21:28.32,32208,青竹峰大管家,凉尽,0.655,low_conf
00:21:28.32,32208,青竹峰大管家,骨卡柒,0.748,low_conf
00:21:28.32,32208,青竹峰大管家,凉信,0.659,low_conf
00:21:28.32,32208,青竹峰大管家,有谱…,0.628,low_conf
00:21:28.32,32208,青竹峰大管家,00慕白00,0.682,low_conf
00:21:28.32,32208,青竹峰大管家,故,0.494,pending
00:21:28.32,32208,青竹峰大管家,梁恒,0.652,low_conf
00:21:28.32,32208,青竹峰大管家,吴影W踪,0.744,low_conf
00:21:28.32,32208,青竹峰大管家,两点,0.666,low_conf
00:21:28.32,32208,青竹峰大管家,御麾思,0.405,pending
00:21:28.32,32208,青竹峰大管家,吴正廉,0.697,low_conf
00:21:28.32,32208,青竹峰大管家,两跟,0.666,low_conf
00:21:28.32,32208,青竹峰大管家,有乌龙茶嘛,0.723,low_conf
00:21:28.32,32208,青竹峰大管家,顾黎f,0.665,low_conf
00:21:28.32,32208,青竹峰大管家,两人,0.647,low_conf
00:21:28.32,32208,青竹峰大管家,冉,0.498,pending
00:21:28.32,32208,青竹峰大管家,有心wuli,0.729,low_conf
00:21:28.32,32208,青竹峰大管家,颜城,0.447,pending
00:21:28.32,32208,青竹峰大管家,亮睛,0.57,pending
00:21:28.32,32208,青竹峰大管家,有余,0.645,low_conf
00:21:28.32,32208,青竹峰大管家,0谈读。,0.372,pending
00:21:28.32,32208,青竹峰大管家,亮惠！,0.628,low_conf
00:21:28.32,32208,青竹峰大管家,吾冥以逝,0.641,low_conf
00:21:28.32,32208,青竹峰大管家,有烦了,0.733,low_conf
00:21:28.32,32208,青竹峰大管家,○花雨○,0.543,pending
00:21:28.32,32208,青竹峰大管家,斌天尊,0.744,low_conf
00:21:28.32,32208,青竹峰大管家,猎暮,0.657,low_conf
00:21:28.32,32208,青竹峰大管家,吾王黄泉,0.718,low_conf
00:21:28.32,32208,青竹峰大管家,有座肉山,0.621,low_conf
00:21:28.32,32208,青竹峰大管家,bli 54933269918,0.743,low_conf
00:21:28.32,32208,青竹峰大管家,O绫罗,0.468,pending
00:21:28.32,32208,青竹峰大管家,-冰棒,0.696,low_conf
00:21:28.32,32208,青竹峰大管家,瓜籽狸,0.749,low_conf
00:21:28.32,32208,青竹峰大管家,猎人,0.664,low_conf
00:21:28.32,32208,青竹峰大管家,百小蝎,0.3,pending
00:21:28.32,32208,青竹峰大管家,○神龙X大侠0,0.692,low_conf
00:21:28.32,32208,青竹峰大管家,猎猪,0.609,low_conf
00:21:28.32,32208,青竹峰大管家,马芜湖仙人掌,0.748,low_conf
00:21:28.32,32208,青竹峰大管家,女天啦,0.389,pending
00:21:28.32,32208,青竹峰大管家,○蔚菌。,0.369,pending
00:21:28.32,32208,青竹峰大管家,冰攻攻,0.739,low_conf
00:21:28.32,32208,青竹峰大管家,林成,0.665,low_conf
00:21:28.32,32208,青竹峰大管家,唔够多,0.719,low_conf
00:21:28.32,32208,青竹峰大管家,右脸发腮了,0.506,pending
00:21:28.32,32208,青竹峰大管家,O岁岁念i,0.714,low_conf
00:21:28.32,32208,青竹峰大管家,林格,0.666,low_conf
00:21:28.32,32208,青竹峰大管家,唔嚏,0.387,pending
00:21:28.32,32208,青竹峰大管家,勁稚园,0.385,pending
00:21:28.32,32208,青竹峰大管家,林家禾,0.573,pending
00:21:28.32,32208,青竹峰大管家,轴幕货行,0.319,pending
00:21:28.32,32208,青竹峰大管家,林俊,0.662,low_conf
00:21:28.32,32208,青竹峰大管家,無缺,0.666,low_conf
00:21:28.32,32208,青竹峰大管家,手是借,0.436,pending
00:21:28.32,32208,青竹峰大管家,林肯,0.631,low_conf
00:21:28.32,32208,青竹峰大管家,大箱,0.34,pending
00:21:32.00,32300,青竹峰大管家,-观观睢鸠,0.734,low_conf
00:21:32.00,32300,青竹峰大管家,林三,0.664,low_conf
00:21:32.00,32300,青竹峰大管家,贯秋星海,0.707,low_conf
00:21:32.00,32300,青竹峰大管家,林溪,0.654,low_conf
00:21:32.00,32300,青竹峰大管家,林夏,0.665,low_conf
00:21:32.00,32300,青竹峰大管家,任雨涵OVO,0.676,low_conf
00:21:32.00,32300,青竹峰大管家,五更风,0.619,low_conf
00:21:32.00,32300,青竹峰大管家,鱼丸河粉Z,0.672,low_conf
00:21:32.00,32300,青竹峰大管家,光光了,0.658,low_conf
00:21:32.00,32300,青竹峰大管家,-林小,0.578,pending
00:21:32.00,32300,青竹峰大管家,秉持信念,0.722,low_conf
00:21:32.00,32300,青竹峰大管家,光晶墨,0.749,low_conf
00:21:32.00,32300,青竹峰大管家,林玄,0.658,low_conf
00:21:32.00,32300,青竹峰大管家,仍安好,0.746,low_conf
00:21:32.00,32300,青竹峰大管家,鱼梧,0.665,low_conf
00:21:32.00,32300,青竹峰大管家,林有,0.666,low_conf
00:21:32.00,32300,青竹峰大管家,日八数本款,0.533,pending
00:21:32.00,32300,青竹峰大管家,鱼羊阿,0.749,low_conf
00:21:32.00,32300,青竹峰大管家,光年量子,0.699,low_conf
00:21:32.00,32300,青竹峰大管家,林雨,0.666,low_conf
00:21:32.00,32300,青竹峰大管家,Pc8683,0.737,low_conf
00:21:32.00,32300,青竹峰大管家,林执,0.629,low_conf
00:21:32.00,32300,青竹峰大管家,日日乃好日,0.612,low_conf
00:21:32.00,32300,青竹峰大管家,渝剧,0.663,low_conf
00:21:32.00,32300,青竹峰大管家,林中,0.665,low_conf
00:21:32.00,32300,青竹峰大管家,波箱,0.666,low_conf
00:21:32.00,32300,青竹峰大管家,临晨,0.666,low_conf
00:21:32.00,32300,青竹峰大管家,钥铭,0.661,low_conf
00:21:32.00,32300,青竹峰大管家,PePsss,0.738,low_conf
00:21:32.00,32300,青竹峰大管家,临煌,0.667,low_conf
00:21:32.00,32300,青竹峰大管家,午歌歌光空过你的,0.594,pending
00:21:32.00,32300,青竹峰大管家,广雨风,0.744,low_conf
00:21:32.00,32300,青竹峰大管家,临时自,0.517,pending
00:21:32.00,32300,青竹峰大管家,融蛙,0.661,low_conf
00:21:32.00,32300,青竹峰大管家,归刃の葛利处,0.737,low_conf
00:21:32.00,32300,青竹峰大管家,临时,0.667,low_conf
00:21:32.00,32300,青竹峰大管家,肉啊哈,0.748,low_conf
00:21:32.00,32300,青竹峰大管家,午俊虹茶,0.748,low_conf
00:21:32.00,32300,青竹峰大管家,淋雨,0.66,low_conf
00:21:32.00,32300,青竹峰大管家,伍嘉伍,0.749,low_conf
00:21:32.00,32300,青竹峰大管家,琳宝,0.666,low_conf
00:21:32.00,32300,青竹峰大管家,伍六柒,0.668,low_conf
00:21:32.00,32300,青竹峰大管家,与你有约,0.636,low_conf
00:21:32.00,32300,青竹峰大管家,桂猫,0.665,low_conf
00:21:32.00,32300,青竹峰大管家,霏,0.494,pending
00:21:32.00,32300,青竹峰大管家,如初見,0.59,pending
00:21:32.00,32300,青竹峰大管家,桂仁飨粤,0.742,low_conf
00:21:32.00,32300,青竹峰大管家,伍天柒,0.677,low_conf
00:21:32.00,32300,青竹峰大管家,予与一,0.622,low_conf
00:21:32.00,32300,青竹峰大管家,霖哒,0.666,low_conf
00:21:32.00,32300,青竹峰大管家,予の深拥,0.733,low_conf
00:21:32.00,32300,青竹峰大管家,PMB胖白,0.745,low_conf
00:21:32.00,32300,青竹峰大管家,霖瑶,0.641,low_conf
00:21:32.00,32300,青竹峰大管家,补天偷月,0.716,low_conf
00:21:32.00,32300,青竹峰大管家,工微笑,0.57,pending
00:21:32.00,32300,青竹峰大管家,瀛夏,0.434,pending
00:21:32.00,32300,青竹峰大管家,如梦回声,0.714,low_conf
00:21:32.00,32300,青竹峰大管家,宇仙露,0.574,pending
00:21:32.00,32300,青竹峰大管家,哺喃喃,0.651,low_conf
00:21:32.00,32300,青竹峰大管家,伶仃,0.497,pending
00:21:32.00,32300,青竹峰大管家,-如影随风-,0.719,low_conf
00:21:32.00,32300,青竹峰大管家,bli_72009929417,0.735,low_conf
00:21:32.00,32300,青竹峰大管家,灵风,0.664,low_conf
00:21:32.00,32300,青竹峰大管家,汝媽薰,0.595,pending
00:21:32.00,32300,青竹峰大管家,不爱咕咕瞄,0.678,low_conf
00:21:32.00,32300,青竹峰大管家,冰柠檬,0.721,low_conf
00:21:32.00,32300,青竹峰大管家,灵界,0.665,low_conf
00:21:32.00,32300,青竹峰大管家,羽迹天,0.747,low_conf
00:21:32.00,32300,青竹峰大管家,残念「,0.687,low_conf
00:21:32.00,32300,青竹峰大管家,灵动,0.455,pending
00:21:32.00,32300,青竹峰大管家,入梦人周,0.657,low_conf
00:21:32.00,32300,青竹峰大管家,羽翼Wira,0.685,low_conf
00:21:32.00,32300,青竹峰大管家,超人不会月,0.739,low_conf
00:21:32.00,32300,青竹峰大管家,灵之,0.665,low_conf
00:21:32.00,32300,青竹峰大管家,物森山,0.659,low_conf
00:21:32.00,32300,青竹峰大管家,「附加词,0.686,low_conf
00:21:32.00,32300,青竹峰大管家,冷洛,0.648,low_conf
00:21:32.00,32300,青竹峰大管家,软果冻,0.749,low_conf
00:21:32.00,32300,青竹峰大管家,羽翊洛p：4978,0.633,low_conf
00:21:32.00,32300,青竹峰大管家,不成诗、,0.672,low_conf
00:21:32.00,32300,青竹峰大管家,【黄家杰丨,0.522,pending
00:21:32.00,32300,青竹峰大管家,冷然,0.614,low_conf
00:21:32.00,32300,青竹峰大管家,软软圈,0.711,low_conf
00:21:32.00,32300,青竹峰大管家,雾散！,0.562,pending
00:21:32.00,32300,青竹峰大管家,【乱步|,0.551,pending
00:21:32.00,32300,青竹峰大管家,冷漩,0.474,pending
00:21:32.00,32300,青竹峰大管家,瑞日希,0.634,low_conf
00:21:32.00,32300,青竹峰大管家,羽,0.164,pending
00:21:32.00,32300,青竹峰大管家,|清霜”,0.492,pending
00:21:32.00,32300,青竹峰大管家,玲珑,0.667,low_conf
00:21:32.00,32300,青竹峰大管家,若晨光,0.746,low_conf
00:21:32.00,32300,青竹峰大管家,雨洛朝海,0.732,low_conf
00:21:32.00,32300,青竹峰大管家,凌波,0.665,low_conf
00:21:32.00,32300,青竹峰大管家,夕岚雨,0.635,low_conf
00:21:32.00,32300,青竹峰大管家,雨落枫蘭禾苗,0.605,low_conf
00:21:32.00,32300,青竹峰大管家,」伤城,0.578,pending
00:21:32.00,32300,青竹峰大管家,凌晨,0.665,low_conf
00:21:32.00,32300,青竹峰大管家,夕薯888,0.681,low_conf
00:21:32.00,32300,青竹峰大管家,雨馨后的,0.577,pending
00:21:35.68,32392,青竹峰大管家,郭十二5,0.66,low_conf
00:21:35.68,32392,青竹峰大管家,凌云,0.604,low_conf
00:21:35.68,32392,青竹峰大管家,萨布罗萨,0.652,low_conf
00:21:35.68,32392,青竹峰大管家,今曦茅年,0.631,low_conf
00:21:35.68,32392,青竹峰大管家,陵音,0.663,low_conf
00:21:35.68,32392,青竹峰大管家,今气年,0.477,pending
00:21:35.68,32392,青竹峰大管家,P平行空间,0.744,low_conf
00:21:35.68,32392,青竹峰大管家,绫波,0.431,pending
00:21:35.68,32392,青竹峰大管家,吸氧长大,0.747,low_conf
00:21:35.68,32392,青竹峰大管家,Q----Q,0.599,pending
00:21:35.68,32392,青竹峰大管家,绫华,0.43,pending
00:21:35.68,32392,青竹峰大管家,为纯,0.285,pending
00:21:35.68,32392,青竹峰大管家,bll~78645345635,0.741,low_conf
00:21:35.68,32392,青竹峰大管家,QAQZz1,0.741,low_conf
00:21:35.68,32392,青竹峰大管家,果然√,0.571,pending
00:21:35.68,32392,青竹峰大管家,绫琳,0.496,pending
00:21:35.68,32392,青竹峰大管家,塞尔吉味子,0.615,low_conf
00:21:35.68,32392,青竹峰大管家,沟幼浆,0.401,pending
00:21:35.68,32392,青竹峰大管家,玉剑青峰,0.739,low_conf
00:21:35.68,32392,青竹峰大管家,果子一块钱值,0.719,low_conf
00:21:35.68,32392,青竹峰大管家,聆听1,0.602,low_conf
00:21:35.68,32392,青竹峰大管家,塞申长矛手,0.535,pending
00:21:35.68,32392,青竹峰大管家,沙浴酱,0.54,pending
00:21:35.68,32392,青竹峰大管家,玉蘭饼,0.649,low_conf
00:21:35.68,32392,青竹峰大管家,裹裹均,0.619,low_conf
00:21:35.68,32392,青竹峰大管家,零,0.497,pending
00:21:35.68,32392,青竹峰大管家,赛克拉,0.748,low_conf
00:21:35.68,32392,青竹峰大管家,西贝9,0.598,pending
00:21:35.68,32392,青竹峰大管家,玉琉青,0.749,low_conf
00:21:35.68,32392,青竹峰大管家,矮德,0.286,pending
00:21:35.68,32392,青竹峰大管家,三点白,0.619,low_conf
00:21:35.68,32392,青竹峰大管家,西风漫雪,0.529,pending
00:21:35.68,32392,青竹峰大管家,零tfly,0.561,pending
00:21:35.68,32392,青竹峰大管家,靈伍,0.478,pending
00:21:35.68,32392,青竹峰大管家,三流演技,0.738,low_conf
00:21:35.68,32392,青竹峰大管家,领结,0.666,low_conf
00:21:35.68,32392,青竹峰大管家,西红柿炒鸡蛋糖,0.69,low_conf
00:21:35.68,32392,青竹峰大管家,领一！,0.428,pending
00:21:35.68,32392,青竹峰大管家,三木酱哗睡哔喱,0.478,pending
00:21:35.68,32392,青竹峰大管家,哈哈美,0.572,pending
00:21:35.68,32392,青竹峰大管家,溜溜,0.661,low_conf
00:21:35.68,32392,青竹峰大管家,三木与九球办,0.688,low_conf
00:21:35.68,32392,青竹峰大管家,西卡,0.543,pending
00:21:35.68,32392,青竹峰大管家,哈基月是土猴,0.71,low_conf
00:21:35.68,32392,青竹峰大管家,溜流,0.665,low_conf
00:21:35.68,32392,青竹峰大管家,三千爱献手办,0.665,low_conf
00:21:35.68,32392,青竹峰大管家,西烙,0.605,low_conf
00:21:35.68,32392,青竹峰大管家,不可敌號,0.714,low_conf
00:21:35.68,32392,青竹峰大管家,哈利路亚嘻啡,0.725,low_conf
00:21:35.68,32392,青竹峰大管家,刘小,0.659,low_conf
00:21:35.68,32392,青竹峰大管家,干晚霞,0.668,low_conf
00:21:35.68,32392,青竹峰大管家,西子,0.341,pending
00:21:35.68,32392,青竹峰大管家,哈尼Yyb,0.743,low_conf
00:21:35.68,32392,青竹峰大管家,零王,0.307,pending
00:21:35.68,32392,青竹峰大管家,西柔野切到婚,0.423,pending
00:21:35.68,32392,青竹峰大管家,bl_ 82951723572,0.748,low_conf
00:21:35.68,32392,青竹峰大管家,哈尼家的萌百,0.724,low_conf
00:21:35.68,32392,青竹峰大管家,刘昕,0.652,low_conf
00:21:35.68,32392,青竹峰大管家,三色丰告,0.735,low_conf
00:21:35.68,32392,青竹峰大管家,西西重男科李主住,0.743,low_conf
00:21:35.68,32392,青竹峰大管家,流芳！,0.575,pending
00:21:35.68,32392,青竹峰大管家,三色冷世,0.63,low_conf
00:21:35.68,32392,青竹峰大管家,西,0.15,pending
00:21:35.68,32392,青竹峰大管家,不目知,0.632,low_conf
00:21:35.68,32392,青竹峰大管家,哈皮,0.666,low_conf
00:21:35.68,32392,青竹峰大管家,流浪,0.623,low_conf
00:21:35.68,32392,青竹峰大管家,三生三世不需,0.696,low_conf
00:21:35.68,32392,青竹峰大管家,三无马凡不露,0.708,low_conf
00:21:35.68,32392,青竹峰大管家,西鱼圆轩,0.7,low_conf
00:21:35.68,32392,青竹峰大管家,流民,0.383,pending
00:21:35.68,32392,青竹峰大管家,三战的,0.744,low_conf
00:21:35.68,32392,青竹峰大管家,西子秋+、滩没,0.46,pending
00:21:35.68,32392,青竹峰大管家,御守C,0.723,low_conf
00:21:35.68,32392,青竹峰大管家,R._z00,0.646,low_conf
00:21:35.68,32392,青竹峰大管家,流年,0.666,low_conf
00:21:35.68,32392,青竹峰大管家,套出午,0.206,pending
00:21:35.68,32392,青竹峰大管家,希里的骑,0.599,pending
00:21:35.68,32392,青竹峰大管家,流沙,0.584,pending
00:21:35.68,32392,青竹峰大管家,参染王,0.319,pending
00:21:35.68,32392,青竹峰大管家,希诺瑞尔,0.507,pending
00:21:35.68,32392,青竹峰大管家,Ralnbov,0.729,low_conf
00:21:35.68,32392,青竹峰大管家,流磅,0.389,pending
00:21:35.68,32392,青竹峰大管家,参拾玖,0.626,low_conf
00:21:35.68,32392,青竹峰大管家,希望绿天能好眠,0.675,low_conf
00:21:35.68,32392,青竹峰大管家,园长别开箱,0.748,low_conf
00:21:35.68,32392,青竹峰大管家,流星,0.665,low_conf
00:21:35.68,32392,青竹峰大管家,参拾六,0.595,pending
00:21:35.68,32392,青竹峰大管家,希望永不落器,0.567,pending
00:21:35.68,32392,青竹峰大管家,原厂轩王,0.707,low_conf
00:21:35.68,32392,青竹峰大管家,不为目,0.727,low_conf
00:21:35.68,32392,青竹峰大管家,流猩,0.635,low_conf
00:21:35.68,32392,青竹峰大管家,全发um,0.484,pending
00:21:35.68,32392,青竹峰大管家,希望有真果与妞膜,0.471,pending
00:21:35.68,32392,青竹峰大管家,原地三五,0.697,low_conf
00:21:35.68,32392,青竹峰大管家,还在努力的打,0.735,low_conf
00:21:35.68,32392,青竹峰大管家,流影,0.516,pending
00:21:35.68,32392,青竹峰大管家,散作发呆,0.506,pending
00:21:35.68,32392,青竹峰大管家,青日玫瑰,0.472,pending
00:21:35.68,32392,青竹峰大管家,原来是,0.725,low_conf
00:21:35.68,32392,青竹峰大管家,遥有这種操,0.467,pending
00:21:35.68,32392,青竹峰大管家,留级,0.664,low_conf
00:21:35.68,32392,青竹峰大管家,散修阿恒,0.644,low_conf
00:21:35.68,32392,青竹峰大管家,浠浠,0.225,pending
00:21:35.68,32392,青竹峰大管家,原麦片仙,0.549,pending
00:21:35.68,32392,青竹峰大管家,琉琴,0.489,pending
00:21:35.68,32392,青竹峰大管家,散修李桌,0.592,pending
00:21:35.68,32392,青竹峰大管家,晞眸谁呀,0.486,pending
00:21:35.68,32392,青竹峰大管家,原野冰林,0.596,pending
00:21:35.68,32392,青竹峰大管家,不美驾鸯只美瑜,0.747,low_conf
00:21:35.68,32392,青竹峰大管家,琉璃,0.642,low_conf
00:21:35.68,32392,青竹峰大管家,散修主盟,0.434,pending
00:21:35.68,32392,青竹峰大管家,原渐逐的死神,0.614,low_conf
00:21:35.68,32392,青竹峰大管家,榴莲,0.526,pending
00:21:35.68,32392,青竹峰大管家,一丧尽良,0.615,low_conf
00:21:35.68,32392,青竹峰大管家,稀奇,0.35,pending
00:21:35.68,32392,青竹峰大管家,圆澳浓的死,0.518,pending
00:21:35.68,32392,青竹峰大管家,榴莲！,0.665,low_conf
00:21:35.68,32392,青竹峰大管家,骚年确,0.62,low_conf
00:21:35.68,32392,青竹峰大管家,熄焖颜,0.46,pending
00:21:35.68,32392,青竹峰大管家,绿爽枫尘,0.357,pending
00:21:39.36,32484,青竹峰大管家,六万架,0.211,pending
00:21:39.36,32484,青竹峰大管家,沙卡技德曼蹈蹈,0.39,pending
00:21:39.36,32484,青竹峰大管家,嘻嘻哈哈傅,0.579,pending
00:21:39.36,32484,青竹峰大管家,六右,0.518,pending
00:21:39.36,32484,青竹峰大管家,莎拉,0.394,pending
00:21:39.36,32484,青竹峰大管家,嘻嘻哈哈饿哦喝哦,0.581,pending
00:21:39.36,32484,青竹峰大管家,-海明威-,0.707,low_conf
00:21:39.36,32484,青竹峰大管家,年,0.027,pending
00:21:39.36,32484,青竹峰大管家,沙浦浆,0.375,pending
00:21:39.36,32484,青竹峰大管家,嘻嘻嘻嘻哦哦喔,0.365,pending
00:21:39.36,32484,青竹峰大管家,远远的理想,0.716,low_conf
00:21:39.36,32484,青竹峰大管家,六月,0.604,low_conf
00:21:39.36,32484,青竹峰大管家,莎吃,0.257,pending
00:21:39.36,32484,青竹峰大管家,嘻嘻小冰酒,0.285,pending
00:21:39.36,32484,青竹峰大管家,海鸥之笙,0.588,pending
00:21:39.36,32484,青竹峰大管家,沙滩裤绅十,0.646,low_conf
00:21:39.36,32484,青竹峰大管家,愿渡尘劫,0.723,low_conf
00:21:39.36,32484,青竹峰大管家,支,0.168,pending
00:21:39.36,32484,青竹峰大管家,沙滩维鲜,0.421,pending
00:21:39.36,32484,青竹峰大管家,限有荷华、,0.66,low_conf
00:21:39.36,32484,青竹峰大管家,海润的,0.749,low_conf
00:21:39.36,32484,青竹峰大管家,龙蛋1,0.54,pending
00:21:39.36,32484,青竹峰大管家,沙翼具,0.34,pending
00:21:39.36,32484,青竹峰大管家,喜欢肉的分,0.692,low_conf
00:21:39.36,32484,青竹峰大管家,月半熊猫啊,0.736,low_conf
00:21:39.36,32484,青竹峰大管家,海顏姓干名。,0.49,pending
00:21:39.36,32484,青竹峰大管家,龙隆,0.639,low_conf
00:21:39.36,32484,青竹峰大管家,纱璃、,0.543,pending
00:21:39.36,32484,青竹峰大管家,喜欢气刺小肥,0.539,pending
00:21:39.36,32484,青竹峰大管家,海贼姓王名路,0.729,low_conf
00:21:39.36,32484,青竹峰大管家,宠猫,0.502,pending
00:21:39.36,32484,青竹峰大管家,莎比亚里十多,0.739,low_conf
00:21:39.36,32484,青竹峰大管家,喜欢花型,0.662,low_conf
00:21:39.36,32484,青竹峰大管家,宠臭,0.301,pending
00:21:39.36,32484,青竹峰大管家,修肥丝,0.245,pending
00:21:39.36,32484,青竹峰大管家,喜糖化牛,0.461,pending
00:21:39.36,32484,青竹峰大管家,月光礼赞,0.725,low_conf
00:21:39.36,32484,青竹峰大管家,宠街,0.407,pending
00:21:39.36,32484,青竹峰大管家,唆都的于子哥,0.606,low_conf
00:21:39.36,32484,青竹峰大管家,喜想连,0.177,pending
00:21:39.36,32484,青竹峰大管家,龙伍,0.312,pending
00:21:39.36,32484,青竹峰大管家,学十的,0.319,pending
00:21:39.36,32484,青竹峰大管家,喜宝屋,0.396,pending
00:21:39.36,32484,青竹峰大管家,龙鑫,0.557,pending
00:21:39.36,32484,青竹峰大管家,曙子窗月色依,0.521,pending
00:21:39.36,32484,青竹峰大管家,爱宇缝海,0.52,pending
00:21:39.36,32484,青竹峰大管家,龙楼,0.575,pending
00:21:39.36,32484,青竹峰大管家,出欧疾卡,0.368,pending
00:21:39.36,32484,青竹峰大管家,螺盐缝紫鱼,0.359,pending
00:21:39.36,32484,青竹峰大管家,月见八,0.664,low_conf
00:21:39.36,32484,青竹峰大管家,布拉格初表,0.72,low_conf
00:21:39.36,32484,青竹峰大管家,憨憨噜噜,0.638,low_conf
00:21:39.36,32484,青竹峰大管家,泷舞,0.148,pending
00:21:39.36,32484,青竹峰大管家,山海疾会,0.731,low_conf
00:21:39.36,32484,青竹峰大管家,虾俊烤素肠粉解仔,0.687,low_conf
00:21:39.36,32484,青竹峰大管家,bil_Q杰,0.676,low_conf
00:21:39.36,32484,青竹峰大管家,RgtxplLpipi,0.737,low_conf
00:21:39.36,32484,青竹峰大管家,憨憨-小羊羊,0.695,low_conf
00:21:39.36,32484,青竹峰大管家,妮村,0.454,pending
00:21:39.36,32484,青竹峰大管家,山南像东教叭,0.537,pending
00:21:39.36,32484,青竹峰大管家,虾夜烧卖,0.601,low_conf
00:21:39.36,32484,青竹峰大管家,bili siy.,0.521,pending
00:21:39.36,32484,青竹峰大管家,步高山,0.731,low_conf
00:21:39.36,32484,青竹峰大管家,含氮碱基O-,0.741,low_conf
00:21:39.36,32484,青竹峰大管家,晓村,0.394,pending
00:21:39.36,32484,青竹峰大管家,山南陵,0.55,pending
00:21:39.36,32484,青竹峰大管家,侠膚酸涤,0.388,pending
00:21:39.36,32484,青竹峰大管家,月落温予,0.691,low_conf
00:21:39.36,32484,青竹峰大管家,bill 陈永刚,0.729,low_conf
00:21:39.36,32484,青竹峰大管家,步积道,0.746,low_conf
00:21:39.36,32484,青竹峰大管家,赛霖HL生,0.509,pending
00:21:39.36,32484,青竹峰大管家,隆中心,0.54,pending
00:21:39.36,32484,青竹峰大管家,出外所,0.414,pending
00:21:39.36,32484,青竹峰大管家,侠洛の大天使,0.52,pending
00:21:39.36,32484,青竹峰大管家,bll虎白糖,0.715,low_conf
00:21:39.36,32484,青竹峰大管家,赛寺书生,0.614,low_conf
00:21:39.36,32484,青竹峰大管家,增鲜,0.077,pending
00:21:39.36,32484,青竹峰大管家,下车睡分,0.575,pending
00:21:39.36,32484,青竹峰大管家,月陌風色,0.72,low_conf
00:21:39.36,32484,青竹峰大管家,bill-华仔-,0.712,low_conf
00:21:39.36,32484,青竹峰大管家,才不眉头9果,0.719,low_conf
00:21:39.36,32484,青竹峰大管家,寒鸦紫羽,0.638,low_conf
00:21:39.36,32484,青竹峰大管家,槽铁,0.478,pending
00:21:39.36,32484,青竹峰大管家,闪新散传表,0.455,pending
00:21:39.36,32484,青竹峰大管家,下二吋瑷情,0.561,pending
00:21:39.36,32484,青竹峰大管家,月于千千,0.51,pending
00:21:39.36,32484,青竹峰大管家,bill 汐萌,0.644,low_conf
00:21:39.36,32484,青竹峰大管家,塞之烟柔不美,0.426,pending
00:21:39.36,32484,青竹峰大管家,户卡,0.264,pending
00:21:39.36,32484,青竹峰大管家,下雨天不要吃灌汤,0.699,low_conf
00:21:39.36,32484,青竹峰大管家,月尾,0.659,low_conf
00:21:39.36,32484,青竹峰大管家,bil像暖风人,0.735,low_conf
00:21:39.36,32484,青竹峰大管家,韩老魔，不善,0.73,low_conf
00:21:39.36,32484,青竹峰大管家,除滑,0.077,pending
00:21:39.36,32484,青竹峰大管家,闪电爆破电,0.661,low_conf
00:21:39.36,32484,青竹峰大管家,下雨天海全,0.513,pending
00:21:39.36,32484,青竹峰大管家,月夕花晨乃,0.686,low_conf
00:21:39.36,32484,青竹峰大管家,bil信芮,0.584,pending
00:21:39.36,32484,青竹峰大管家,陆技,0.393,pending
00:21:39.36,32484,青竹峰大管家,闪蜜冰饭,0.232,pending
00:21:39.36,32484,青竹峰大管家,夏波理,0.67,low_conf
00:21:39.36,32484,青竹峰大管家,月下听啼,0.573,pending
00:21:39.36,32484,青竹峰大管家,彩笔传尺素,0.667,low_conf
00:21:39.36,32484,青竹峰大管家,陆权,0.581,pending
00:21:39.36,32484,青竹峰大管家,闪奥的,0.536,pending
00:21:39.36,32484,青竹峰大管家,夏朝,0.263,pending
00:21:39.36,32484,青竹峰大管家,韩立飞,0.628,low_conf
00:21:39.36,32484,青竹峰大管家,陆,0.446,pending
00:21:39.36,32484,青竹峰大管家,汕头探险小分队,0.676,low_conf
00:21:39.36,32484,青竹峰大管家,复电不知各至,0.541,pending
00:21:39.36,32484,青竹峰大管家,月下你,0.474,pending
00:21:39.36,32484,青竹峰大管家,BliBIBiu,0.669,low_conf
00:21:39.36,32484,青竹峰大管家,踩终,0.662,low_conf
00:21:39.36,32484,青竹峰大管家,韩立你给我,0.722,low_conf
00:21:39.36,32484,青竹峰大管家,小,0.123,pending
00:21:39.36,32484,青竹峰大管家,伤脑伤肾,0.387,pending
00:21:39.36,32484,青竹峰大管家,夏初少夏,0.481,pending
00:21:39.36,32484,青竹峰大管家,月穿琪亚,0.599,pending
00:21:39.36,32484,青竹峰大管家,菜阿啊,0.628,low_conf
00:21:39.36,32484,青竹峰大管家,韩立悄悄退后,0.642,low_conf
00:21:39.36,32484,青竹峰大管家,鹿歌！,0.536,pending
00:21:39.36,32484,青竹峰大管家,伤压大,0.305,pending
00:21:39.36,32484,青竹峰大管家,夏荷伊人果,0.364,pending
00:21:39.36,32484,青竹峰大管家,月野麗琪,0.554,pending
00:21:39.36,32484,青竹峰大管家,菜菜呦呦切克闲,0.688,low_conf
00:21:39.36,32484,青竹峰大管家,鹿吗！,0.413,pending
00:21:39.36,32484,青竹峰大管家,杨河,0.192,pending
00:21:39.36,32484,青竹峰大管家,夏保样轩,0.492,pending
00:21:39.36,32484,青竹峰大管家,月夜塞冰,0.543,pending
00:21:39.36,32484,青竹峰大管家,bl勺子,0.645,low_conf
00:21:39.36,32484,青竹峰大管家,韩菱纱跑为共,0.689,low_conf
00:21:39.36,32484,青竹峰大管家,鹿先,0.476,pending
00:21:39.36,32484,青竹峰大管家,焰管梓龙,0.487,pending
00:21:39.36,32484,青竹峰大管家,夏保哦,0.35,pending
00:21:39.36,32484,青竹峰大管家,月影睿誉君,0.612,low_conf
00:21:39.36,32484,青竹峰大管家,bill月玥,0.7,low_conf
00:21:39.36,32484,青竹峰大管家,Rose,0.686,low_conf
00:21:39.36,32484,青竹峰大管家,韩谋先跑为都,0.727,low_conf
00:21:39.36,32484,青竹峰大管家,鹿纤,0.348,pending
00:21:39.36,32484,青竹峰大管家,上海岸产-老杨,0.736,low_conf
00:21:39.36,32484,青竹峰大管家,夏淼,0.378,pending
00:21:39.36,32484,青竹峰大管家,月月身,0.559,pending
00:21:39.36,32484,青竹峰大管家,MUTT,0.352,pending
00:21:39.36,32484,青竹峰大管家,RO荣,0.714,low_conf
00:21:39.36,32484,青竹峰大管家,电选,0.299,pending
00:21:39.36,32484,青竹峰大管家,上来先天大,0.654,low_conf
00:21:39.36,32484,青竹峰大管家,夏森风,0.54,pending
00:21:39.36,32484,青竹峰大管家,月甲浸漫白,0.454,pending
00:21:43.04,32576,青竹峰大管家,苍日,0.299,pending
00:21:43.04,32576,青竹峰大管家,汉武长平来,0.565,pending
00:21:43.04,32576,青竹峰大管家,路）,0.403,pending
00:21:43.04,32576,青竹峰大管家,上下各五寸,0.729,low_conf
00:21:43.04,32576,青竹峰大管家,香火坚要雨,0.556,pending
00:21:43.04,32576,青竹峰大管家,澳姑春来五村,0.444,pending
00:21:43.04,32576,青竹峰大管家,路易,0.591,pending
00:21:43.04,32576,青竹峰大管家,上那ye,0.606,low_conf
00:21:43.04,32576,青竹峰大管家,夏自的一个雨天,0.731,low_conf
00:21:43.04,32576,青竹峰大管家,Blackiv睡,0.72,low_conf
00:21:43.04,32576,青竹峰大管家,香二菜,0.423,pending
00:21:43.04,32576,青竹峰大管家,淡元盒,0.277,pending
00:21:43.04,32576,青竹峰大管家,路布,0.16,pending
00:21:43.04,32576,青竹峰大管家,烧饼不s,0.576,pending
00:21:43.04,32576,青竹峰大管家,夏复日槐花,0.556,pending
00:21:43.04,32576,青竹峰大管家,篮秘砖菜,0.157,pending
00:21:43.04,32576,青竹峰大管家,精,0.02,pending
00:21:43.04,32576,青竹峰大管家,营琦,0.183,pending
00:21:43.04,32576,青竹峰大管家,夏日里的竹影,0.727,low_conf
00:21:43.04,32576,青竹峰大管家,云边的一缕光,0.683,low_conf
00:21:43.04,32576,青竹峰大管家,Bl嘻为情狂bli,0.731,low_conf
00:21:43.04,32576,青竹峰大管家,白哥,0.37,pending
00:21:43.04,32576,青竹峰大管家,减到来的尖,0.392,pending
00:21:43.04,32576,青竹峰大管家,机轴表片,0.586,pending
00:21:43.04,32576,青竹峰大管家,营,0.132,pending
00:21:43.04,32576,青竹峰大管家,韶啊韶,0.517,pending
00:21:43.04,32576,青竹峰大管家,夏日棠,0.36,pending
00:21:43.04,32576,青竹峰大管家,减起来的尾吧,0.728,low_conf
00:21:43.04,32576,青竹峰大管家,蛇油麦片抓,0.643,low_conf
00:21:43.04,32576,青竹峰大管家,夏筋粥,0.441,pending
00:21:43.04,32576,青竹峰大管家,sabe,0.443,pending
00:21:43.04,32576,青竹峰大管家,曹老极超爱喝,0.713,low_conf
00:21:43.04,32576,青竹峰大管家,豪华版,0.679,low_conf
00:21:43.04,32576,青竹峰大管家,绿,0.473,pending
00:21:43.04,32576,青竹峰大管家,夏收冬麦,0.7,low_conf
00:21:43.04,32576,青竹峰大管家,草船借吃个哦,0.584,pending
00:21:43.04,32576,青竹峰大管家,好等位不如收,0.386,pending
00:21:43.04,32576,青竹峰大管家,绿咖,0.382,pending
00:21:43.04,32576,青竹峰大管家,少年十年,0.669,low_conf
00:21:43.04,32576,青竹峰大管家,云黔雪,0.64,low_conf
00:21:43.04,32576,青竹峰大管家,bomb37,0.725,low_conf
00:21:43.04,32576,青竹峰大管家,草从重吃过,0.575,pending
00:21:43.04,32576,青竹峰大管家,好美尖,0.424,pending
00:21:43.04,32576,青竹峰大管家,绿雪,0.359,pending
00:21:43.04,32576,青竹峰大管家,夏天3700,0.655,low_conf
00:21:43.04,32576,青竹峰大管家,Bommpig,0.719,low_conf
00:21:43.04,32576,青竹峰大管家,sagittarius_Ji,0.74,low_conf
00:21:43.04,32576,青竹峰大管家,草东街年,0.495,pending
00:21:43.04,32576,青竹峰大管家,好个是膜,0.374,pending
00:21:43.04,32576,青竹峰大管家,来再,0.086,pending
00:21:43.04,32576,青竹峰大管家,蛇鳞之姬,0.682,low_conf
00:21:43.04,32576,青竹峰大管家,saiigameentu,0.631,low_conf
00:21:43.04,32576,青竹峰大管家,草莓X冰,0.624,low_conf
00:21:43.04,32576,青竹峰大管家,好哥们,0.716,low_conf
00:21:43.04,32576,青竹峰大管家,医略,0.31,pending
00:21:43.04,32576,青竹峰大管家,草大福,0.572,pending
00:21:43.04,32576,青竹峰大管家,略略,0.653,low_conf
00:21:43.04,32576,青竹峰大管家,夏天是西瓜味的呢,0.692,low_conf
00:21:43.04,32576,青竹峰大管家,云墨山雨,0.701,low_conf
00:21:43.04,32576,青竹峰大管家,草森,0.378,pending
00:21:43.04,32576,青竹峰大管家,好好眸凭好,0.531,pending
00:21:43.04,32576,青竹峰大管家,卓华,0.182,pending
00:21:43.04,32576,青竹峰大管家,好喝的车,0.589,pending
00:21:43.04,32576,青竹峰大管家,射命丸文,0.742,low_conf
00:21:43.04,32576,青竹峰大管家,Brooki,0.606,low_conf
00:21:43.04,32576,青竹峰大管家,零烧包不要包,0.691,low_conf
00:21:43.04,32576,青竹峰大管家,好看的奏老师,0.549,pending
00:21:43.04,32576,青竹峰大管家,略皮,0.605,low_conf
00:21:43.04,32576,青竹峰大管家,复看沫,0.454,pending
00:21:43.04,32576,青竹峰大管家,scarlaregvy,0.665,low_conf
00:21:43.04,32576,青竹峰大管家,双烧包不,0.605,low_conf
00:21:43.04,32576,青竹峰大管家,好看的,0.666,low_conf
00:21:43.04,32576,青竹峰大管家,哈压,0.217,pending
00:21:43.04,32576,青竹峰大管家,谁能拒绝一根真相,0.675,low_conf
00:21:43.04,32576,青竹峰大管家,仙界尊,0.749,low_conf
00:21:43.04,32576,青竹峰大管家,权密样,0.412,pending
00:21:43.04,32576,青竹峰大管家,好李王,0.39,pending
00:21:43.04,32576,青竹峰大管家,轮包,0.458,pending
00:21:43.04,32576,青竹峰大管家,谁你分心,0.638,low_conf
00:21:43.04,32576,青竹峰大管家,云书人间事,0.707,low_conf
00:21:43.04,32576,青竹峰大管家,Scotpiom空司x,0.616,low_conf
00:21:43.04,32576,青竹峰大管家,茶馆量,0.546,pending
00:21:43.04,32576,青竹峰大管家,我罗,0.286,pending
00:21:43.04,32576,青竹峰大管家,谁陪我看夕照,0.74,low_conf
00:21:43.04,32576,青竹峰大管家,云小小缕,0.546,pending
00:21:43.04,32576,青竹峰大管家,bu奈i,0.555,pending
00:21:43.04,32576,青竹峰大管家,泰叶,0.178,pending
00:21:43.04,32576,青竹峰大管家,好各都授说,0.349,pending
00:21:43.04,32576,青竹峰大管家,多多,0.293,pending
00:21:43.04,32576,青竹峰大管家,云崖听箫,0.749,low_conf
00:21:43.04,32576,青竹峰大管家,scourma,0.731,low_conf
00:21:43.04,32576,青竹峰大管家,繁弥多的老铁,0.562,pending
00:21:43.04,32576,青竹峰大管家,好难还择的,0.623,low_conf
00:21:43.04,32576,青竹峰大管家,多小,0.496,pending
00:21:43.04,32576,青竹峰大管家,纤纤嘴,0.687,low_conf
00:21:43.04,32576,青竹峰大管家,云炎将,0.745,low_conf
00:21:43.04,32576,青竹峰大管家,byolie自法子,0.688,low_conf
00:21:43.04,32576,青竹峰大管家,seyhiotM,0.686,low_conf
00:21:43.04,32576,青竹峰大管家,差不多,0.581,pending
00:21:43.04,32576,青竹峰大管家,好奇好好奇灸,0.58,pending
00:21:43.04,32576,青竹峰大管家,多螺虾,0.405,pending
00:21:43.04,32576,青竹峰大管家,谁要吃梵米,0.644,low_conf
00:21:43.04,32576,青竹峰大管家,B-只臭袜子,0.643,low_conf
00:21:43.04,32576,青竹峰大管家,常月升,0.351,pending
00:21:43.04,32576,青竹峰大管家,好人疑,0.442,pending
00:21:43.04,32576,青竹峰大管家,洛克,0.597,pending
00:21:43.04,32576,青竹峰大管家,seasin86T0,0.606,low_conf
00:21:43.04,32576,青竹峰大管家,唱京剧的猫的会,0.734,low_conf
00:21:43.04,32576,青竹峰大管家,洛洗,0.467,pending
00:21:43.04,32576,青竹峰大管家,闲死算了,0.72,low_conf
00:21:43.04,32576,青竹峰大管家,云零寒寒,0.571,pending
00:21:43.04,32576,青竹峰大管家,美,0.101,pending
00:21:43.04,32576,青竹峰大管家,好无的美,0.508,pending
00:21:43.04,32576,青竹峰大管家,洛菌,0.332,pending
00:21:43.04,32576,青竹峰大管家,申九文香,0.366,pending
00:21:43.04,32576,青竹峰大管家,弦月的空寂,0.749,low_conf
00:21:43.04,32576,青竹峰大管家,云中寄书、,0.735,low_conf
00:21:43.04,32576,青竹峰大管家,Seeai小糖n,0.643,low_conf
00:21:43.04,32576,青竹峰大管家,秒能力从员,0.598,pending
00:21:43.04,32576,青竹峰大管家,好智的兄果,0.315,pending
00:21:43.04,32576,青竹峰大管家,洛水,0.59,pending
00:21:43.04,32576,青竹峰大管家,陨落星动,0.484,pending
00:21:43.04,32576,青竹峰大管家,SengiChan,0.736,low_conf
00:21:43.04,32576,青竹峰大管家,超爱金毛邮,0.681,low_conf
00:21:43.04,32576,青竹峰大管家,好您做个懒,0.516,pending
00:21:43.04,32576,青竹峰大管家,落小,0.323,pending
00:21:43.04,32576,青竹峰大管家,伸不吃,0.592,pending
00:21:43.04,32576,青竹峰大管家,威逛,0.47,pending
00:21:43.04,32576,青竹峰大管家,运愁学课代表,0.671,low_conf
00:21:43.04,32576,青竹峰大管家,cajoh42,0.711,low_conf
00:21:43.04,32576,青竹峰大管家,超超星道,0.663,low_conf
00:21:43.04,32576,青竹峰大管家,好像傲不停,0.595,pending
00:21:43.04,32576,青竹峰大管家,洛长,0.557,pending
00:21:43.04,32576,青竹峰大管家,深|液夜,0.459,pending
00:21:43.04,32576,青竹峰大管家,运气,0.649,low_conf
00:21:43.04,32576,青竹峰大管家,超凡颈道,0.518,pending
00:21:43.04,32576,青竹峰大管家,好运来味得鱼,0.657,low_conf
00:21:43.04,32576,青竹峰大管家,落长,0.427,pending
00:21:43.04,32576,青竹峰大管家,咸鱼王277,0.612,low_conf
00:21:43.04,32576,青竹峰大管家,运腾,0.612,low_conf
00:21:43.04,32576,青竹峰大管家,Cardl杨me,0.603,low_conf
00:21:43.04,32576,青竹峰大管家,serv y-cnhe,0.691,low_conf
00:21:43.04,32576,青竹峰大管家,超级抱子师,0.643,low_conf
00:21:43.04,32576,青竹峰大管家,好运来,0.556,pending
00:21:43.04,32576,青竹峰大管家,落笔,0.661,low_conf
00:21:43.04,32576,青竹峰大管家,深并冰呐,0.633,low_conf
00:21:43.04,32576,青竹峰大管家,栖娃鲁朵,0.547,pending
00:21:43.04,32576,青竹峰大管家,Sevenaxi,0.605,low_conf
00:21:43.04,32576,青竹峰大管家,超级昌老师员,0.687,low_conf
00:21:43.04,32576,青竹峰大管家,姑边般长,0.489,pending
00:21:43.04,32576,青竹峰大管家,落尘,0.621,low_conf
00:21:43.04,32576,青竹峰大管家,妊普深杀遗物,0.513,pending
00:21:43.04,32576,青竹峰大管家,catick,0.665,low_conf
00:21:43.04,32576,青竹峰大管家,seveng,0.676,low_conf
00:21:43.04,32576,青竹峰大管家,超级大大会,0.732,low_conf
00:21:43.04,32576,青竹峰大管家,浩机瞻,0.211,pending
00:21:43.04,32576,青竹峰大管家,落落,0.404,pending
00:21:43.04,32576,青竹峰大管家,深蓬范特西,0.734,low_conf
00:21:43.04,32576,青竹峰大管家,乡里别别别,0.749,low_conf
00:21:43.04,32576,青竹峰大管家,再见吧次,0.588,pending
00:21:43.04,32576,青竹峰大管家,超级的骗子,0.682,low_conf
00:21:43.04,32576,青竹峰大管家,浩格喉,0.264,pending
00:21:43.04,32576,青竹峰大管家,落霜,0.354,pending
00:21:43.04,32576,青竹峰大管家,再见-绘梨,0.73,low_conf
00:21:46.72,32668,青竹峰大管家,sherisek0717,0.705,low_conf
00:21:46.72,32668,青竹峰大管家,超级克欢ak,0.575,pending
00:21:46.72,32668,青竹峰大管家,瞬瞬呵笑呵,0.469,pending
00:21:46.72,32668,青竹峰大管家,落楼,0.589,pending
00:21:46.72,32668,青竹峰大管家,CCCW3,0.567,pending
00:21:46.72,32668,青竹峰大管家,超级津涤滨,0.521,pending
00:21:46.72,32668,青竹峰大管家,呵啊葡萄,0.562,pending
00:21:46.72,32668,青竹峰大管家,落会,0.57,pending
00:21:46.72,32668,青竹峰大管家,香椿喵儿,0.742,low_conf
00:21:46.72,32668,青竹峰大管家,CCC超量,0.521,pending
00:21:46.72,32668,青竹峰大管家,SHE815,0.676,low_conf
00:21:46.72,32668,青竹峰大管家,超绝烤荐米,0.559,pending
00:21:46.72,32668,青竹峰大管家,落会！,0.626,low_conf
00:21:46.72,32668,青竹峰大管家,Cech宇,0.599,pending
00:21:46.72,32668,青竹峰大管家,超经力的本中鼠,0.589,pending
00:21:46.72,32668,青竹峰大管家,落会室,0.63,low_conf
00:21:46.72,32668,青竹峰大管家,香蕉臭芭蕉,0.707,low_conf
00:21:46.72,32668,青竹峰大管家,Cerhos,0.57,pending
00:21:46.72,32668,青竹峰大管家,ShibalnuyB,0.673,low_conf
00:21:46.72,32668,青竹峰大管家,超才飞婴团,0.361,pending
00:21:46.72,32668,青竹峰大管家,不汝,0.123,pending
00:21:46.72,32668,青竹峰大管家,妈妈,0.657,low_conf
00:21:46.72,32668,青竹峰大管家,cherinssss,0.702,low_conf
00:21:46.72,32668,青竹峰大管家,shikiwnng,0.64,low_conf
00:21:46.72,32668,青竹峰大管家,超脱芬,0.584,pending
00:21:46.72,32668,青竹峰大管家,香欢宗专属,0.638,low_conf
00:21:46.72,32668,青竹峰大管家,存存,0.576,pending
00:21:46.72,32668,青竹峰大管家,神奇の宝贝,0.688,low_conf
00:21:46.72,32668,青竹峰大管家,在下五里沟二愣子,0.725,low_conf
00:21:46.72,32668,青竹峰大管家,shinWHerODY,0.658,low_conf
00:21:46.72,32668,青竹峰大管家,何必热着现,0.708,low_conf
00:21:46.72,32668,青竹峰大管家,婚婚！,0.291,pending
00:21:46.72,32668,青竹峰大管家,在下丶历飞雨,0.656,low_conf
00:21:46.72,32668,青竹峰大管家,shiroV,0.696,low_conf
00:21:46.72,32668,青竹峰大管家,超小超系,0.736,low_conf
00:21:46.72,32668,青竹峰大管家,何妨吟具,0.464,pending
00:21:46.72,32668,青竹峰大管家,麻辣,0.511,pending
00:21:46.72,32668,青竹峰大管家,在乡下種田,0.742,low_conf
00:21:46.72,32668,青竹峰大管家,shi7789,0.682,low_conf
00:21:46.72,32668,青竹峰大管家,何康老鬼头,0.588,pending
00:21:46.72,32668,青竹峰大管家,祥啊大,0.744,low_conf
00:21:46.72,32668,青竹峰大管家,shmi/ 1314,0.719,low_conf
00:21:46.72,32668,青竹峰大管家,超越世界,0.722,low_conf
00:21:46.72,32668,青竹峰大管家,何人2,0.664,low_conf
00:21:46.72,32668,青竹峰大管家,神一六,0.683,low_conf
00:21:46.72,32668,青竹峰大管家,葬葬葬奘,0.715,low_conf
00:21:46.72,32668,青竹峰大管家,朝形夕酒,0.464,pending
00:21:46.72,32668,青竹峰大管家,何人、,0.719,low_conf
00:21:46.72,32668,青竹峰大管家,麻麻！,0.628,low_conf
00:21:46.72,32668,青竹峰大管家,神佑吾玉米,0.749,low_conf
00:21:46.72,32668,青竹峰大管家,Charone?,0.735,low_conf
00:21:46.72,32668,青竹峰大管家,shun higg,0.665,low_conf
00:21:46.72,32668,青竹峰大管家,朝楼,0.433,pending
00:21:46.72,32668,青竹峰大管家,麻薯,0.663,low_conf
00:21:46.72,32668,青竹峰大管家,早日迎娶韩天尊,0.736,low_conf
00:21:46.72,32668,青竹峰大管家,shylagsz19,0.705,low_conf
00:21:46.72,32668,青竹峰大管家,朝月氏,0.488,pending
00:21:46.72,32668,青竹峰大管家,马百,0.307,pending
00:21:46.72,32668,青竹峰大管家,神閣,0.464,pending
00:21:46.72,32668,青竹峰大管家,识罗贯,0.558,pending
00:21:46.72,32668,青竹峰大管家,cheneyi,0.658,low_conf
00:21:46.72,32668,青竹峰大管家,sihy41,0.713,low_conf
00:21:46.72,32668,青竹峰大管家,潮海包,0.464,pending
00:21:46.72,32668,青竹峰大管家,河北自全,0.446,pending
00:21:46.72,32668,青竹峰大管家,马达,0.561,pending
00:21:46.72,32668,青竹峰大管家,沈纯钧,0.724,low_conf
00:21:46.72,32668,青竹峰大管家,泽熙,0.637,low_conf
00:21:46.72,32668,青竹峰大管家,潮迷LS创作,0.723,low_conf
00:21:46.72,32668,青竹峰大管家,河南在逃胡新,0.716,low_conf
00:21:46.72,32668,青竹峰大管家,马宁,0.576,pending
00:21:46.72,32668,青竹峰大管家,沈行宴,0.714,low_conf
00:21:46.72,32668,青竹峰大管家,澤Clod,0.732,low_conf
00:21:46.72,32668,青竹峰大管家,Chenkelz,0.621,low_conf
00:21:46.72,32668,青竹峰大管家,silenceeeeer,0.713,low_conf
00:21:46.72,32668,青竹峰大管家,马化,0.38,pending
00:21:46.72,32668,青竹峰大管家,沈遇榈风,0.695,low_conf
00:21:46.72,32668,青竹峰大管家,厌难平,0.659,low_conf
00:21:46.72,32668,青竹峰大管家,chent,0.655,low_conf
00:21:46.72,32668,青竹峰大管家,silent言,0.594,pending
00:21:46.72,32668,青竹峰大管家,马克,0.663,low_conf
00:21:46.72,32668,青竹峰大管家,蜜查员,0.51,pending
00:21:46.72,32668,青竹峰大管家,Chemvoh,0.686,low_conf
00:21:46.72,32668,青竹峰大管家,sllvine,0.523,pending
00:21:46.72,32668,青竹峰大管家,炒鸡蛤蛤,0.74,low_conf
00:21:46.72,32668,青竹峰大管家,赫尔墨斯儿,0.533,pending
00:21:46.72,32668,青竹峰大管家,CheunaCHI,0.685,low_conf
00:21:46.72,32668,青竹峰大管家, simberrela,0.717,low_conf
00:21:46.72,32668,青竹峰大管家,中星辰名光,0.572,pending
00:21:46.72,32668,青竹峰大管家,糖水炒,0.206,pending
00:21:46.72,32668,青竹峰大管家,马铃,0.663,low_conf
00:21:46.72,32668,青竹峰大管家,怎么是李米,0.735,low_conf
00:21:46.72,32668,青竹峰大管家,chimingi,0.609,low_conf
00:21:46.72,32668,青竹峰大管家,sin ,0.702,low_conf
00:21:46.72,32668,青竹峰大管家,净事展,0.188,pending
00:21:46.72,32668,青竹峰大管家,果与银,0.525,pending
00:21:46.72,32668,青竹峰大管家,马上,0.592,pending
00:21:46.72,32668,青竹峰大管家,增霸霸α,0.714,low_conf
00:21:46.72,32668,青竹峰大管家,CHINA灰机影,0.716,low_conf
00:21:46.72,32668,青竹峰大管家,激埃汉眠于光年,0.621,low_conf
00:21:46.72,32668,青竹峰大管家,需膀肾者,0.344,pending
00:21:46.72,32668,青竹峰大管家,玛丽,0.557,pending
00:21:46.72,32668,青竹峰大管家,增肥的三师克,0.717,low_conf
00:21:46.72,32668,青竹峰大管家,China秋条,0.734,low_conf
00:21:46.72,32668,青竹峰大管家,-sinw.,0.732,low_conf
00:21:46.72,32668,青竹峰大管家,尘埃骑,0.675,low_conf
00:21:46.72,32668,青竹峰大管家,黑白鹅仙,0.539,pending
00:21:46.72,32668,青竹峰大管家,买不,0.513,pending
00:21:46.72,32668,青竹峰大管家,向曦翩翩舞,0.727,low_conf
00:21:46.72,32668,青竹峰大管家,Chinak,0.593,pending
00:21:46.72,32668,青竹峰大管家,本风一卷,0.366,pending
00:21:46.72,32668,青竹峰大管家,黑斑的白羊,0.724,low_conf
00:21:46.72,32668,青竹峰大管家,迈尔,0.648,low_conf
00:21:46.72,32668,青竹峰大管家,渣男乖仔,0.639,low_conf
00:21:46.72,32668,青竹峰大管家,siveiand,0.71,low_conf
00:21:46.72,32668,青竹峰大管家,尘歌,0.586,pending
00:21:46.72,32668,青竹峰大管家,黑蝶紫,0.462,pending
00:21:46.72,32668,青竹峰大管家,麦当,0.661,low_conf
00:21:46.72,32668,青竹峰大管家,失约于月光,0.713,low_conf
00:21:46.72,32668,青竹峰大管家,吃眼的周星星,0.559,pending
00:21:46.72,32668,青竹峰大管家,ChocniateBoyYu,0.638,low_conf
00:21:46.72,32668,青竹峰大管家,siq1929,0.641,low_conf
00:21:46.72,32668,青竹峰大管家,李染枫,0.466,pending
00:21:46.72,32668,青竹峰大管家,墨滞酷我,0.555,pending
00:21:46.72,32668,青竹峰大管家,麦给里,0.436,pending
00:21:46.72,32668,青竹峰大管家,炸天帮刺,0.569,pending
00:21:46.72,32668,青竹峰大管家,chona4n,0.67,low_conf
00:21:46.72,32668,青竹峰大管家,skaroc,0.702,low_conf
00:21:46.72,32668,青竹峰大管家,洗朵随器,0.317,pending
00:21:46.72,32668,青竹峰大管家,黑发红睡小,0.54,pending
00:21:46.72,32668,青竹峰大管家,麦杰,0.638,low_conf
00:21:46.72,32668,青竹峰大管家,宅男妞甄,0.508,pending
00:21:46.72,32668,青竹峰大管家,skrderl!,0.729,low_conf
00:21:46.72,32668,青竹峰大管家,沉醉独饮,0.744,low_conf
00:21:46.72,32668,青竹峰大管家,黑凤梨梦龙卷,0.611,low_conf
00:21:46.72,32668,青竹峰大管家,麦麦,0.663,low_conf
00:21:46.72,32668,青竹峰大管家,-枭柒-,0.696,low_conf
00:21:46.72,32668,青竹峰大管家,活光,0.447,pending
00:21:46.72,32668,青竹峰大管家,chrislinkge,0.629,low_conf
00:21:46.72,32668,青竹峰大管家,skra,0.735,low_conf
00:21:46.72,32668,青竹峰大管家,虎选强,0.173,pending
00:21:46.72,32668,青竹峰大管家,黑狗果子,0.464,pending
00:21:46.72,32668,青竹峰大管家,麦穗,0.665,low_conf
00:21:46.72,32668,青竹峰大管家,浩光战,0.435,pending
00:21:46.72,32668,青竹峰大管家,Chrisikan,0.458,pending
00:21:46.72,32668,青竹峰大管家,skv里子,0.701,low_conf
00:21:46.72,32668,青竹峰大管家,陈噬Ki,0.487,pending
00:21:46.72,32668,青竹峰大管家,墨寡妇季達,0.54,pending
00:21:46.72,32668,青竹峰大管家,卖火,0.663,low_conf
00:21:46.72,32668,青竹峰大管家,消·逝,0.738,low_conf
00:21:46.72,32668,青竹峰大管家,战长,0.445,pending
00:21:46.72,32668,青竹峰大管家,Chris,0.589,pending
00:21:46.72,32668,青竹峰大管家,陈菲蛇,0.559,pending
00:21:46.72,32668,青竹峰大管家,卖烧,0.659,low_conf
00:21:46.72,32668,青竹峰大管家,斩纸K,0.445,pending
00:21:46.72,32668,青竹峰大管家,Chris年,0.569,pending
00:21:46.72,32668,青竹峰大管家,shorlaxX,0.681,low_conf
00:21:46.72,32668,青竹峰大管家,陈墨逐,0.43,pending
00:21:46.72,32668,青竹峰大管家,黑色田田,0.576,pending
00:21:46.72,32668,青竹峰大管家,卖糖,0.664,low_conf
00:21:46.72,32668,青竹峰大管家,就场大熊猫,0.711,low_conf
00:21:50.40,32760,青竹峰大管家,Sns,0.72,low_conf
00:21:50.40,32760,青竹峰大管家,馒头,0.666,low_conf
00:21:50.40,32760,青竹峰大管家,湿答答111,0.724,low_conf
00:21:50.40,32760,青竹峰大管家,逍遥灵儿,0.725,low_conf
00:21:50.40,32760,青竹峰大管家,陈思涌,0.68,low_conf
00:21:50.40,32760,青竹峰大管家,满楼,0.664,low_conf
00:21:50.40,32760,青竹峰大管家,-逍遥橙子-,0.721,low_conf
00:21:50.40,32760,青竹峰大管家,陈溪溪C,0.612,low_conf
00:21:50.40,32760,青竹峰大管家,曼乐,0.665,low_conf
00:21:50.40,32760,青竹峰大管家,陈先森呦,0.743,low_conf
00:21:50.40,32760,青竹峰大管家,黑夜、微笑,0.729,low_conf
00:21:50.40,32760,青竹峰大管家,慢慢,0.663,low_conf
00:21:50.40,32760,青竹峰大管家,＋花花花,0.69,low_conf
00:21:50.40,32760,青竹峰大管家,陈咬金9,0.62,low_conf
00:21:50.40,32760,青竹峰大管家,漫步,0.625,low_conf
00:21:50.40,32760,青竹峰大管家,张柠檬,0.746,low_conf
00:21:50.40,32760,青竹峰大管家,Chuaiian,0.66,low_conf
00:21:50.40,32760,青竹峰大管家,SomJs,0.745,low_conf
00:21:50.40,32760,青竹峰大管家,漫漫,0.6,low_conf
00:21:50.40,32760,青竹峰大管家,张三的老年生活,0.738,low_conf
00:21:50.40,32760,青竹峰大管家,黑长直罗mic,0.743,low_conf
00:21:50.40,32760,青竹峰大管家,漫予,0.6,low_conf
00:21:50.40,32760,青竹峰大管家,+<,0.492,pending
00:21:50.40,32760,青竹峰大管家,萧铈,0.571,pending
00:21:50.40,32760,青竹峰大管家,陈之潇,0.603,low_conf
00:21:50.40,32760,青竹峰大管家,嘿，gil,0.705,low_conf
00:21:50.40,32760,青竹峰大管家,芒果,0.658,low_conf
00:21:50.40,32760,青竹峰大管家,萧萧潇潇、,0.727,low_conf
00:21:50.40,32760,青竹峰大管家,张,0.499,pending
00:21:50.40,32760,青竹峰大管家,clrae,0.662,low_conf
00:21:50.40,32760,青竹峰大管家,陳麻花,0.6,low_conf
00:21:50.40,32760,青竹峰大管家,猫s,0.646,low_conf
00:21:50.40,32760,青竹峰大管家,傍黯sama,0.643,low_conf
00:21:50.40,32760,青竹峰大管家,张书越,0.749,low_conf
00:21:50.40,32760,青竹峰大管家,陳无情,0.627,low_conf
00:21:50.40,32760,青竹峰大管家,猫薄,0.666,low_conf
00:21:50.40,32760,青竹峰大管家,十一狼J,0.733,low_conf
00:21:50.40,32760,青竹峰大管家,张晓翼,0.749,low_conf
00:21:50.40,32760,青竹峰大管家,CNLV,0.63,low_conf
00:21:50.40,32760,青竹峰大管家,晨木律,0.573,pending
00:21:50.40,32760,青竹峰大管家,猫饼,0.666,low_conf
00:21:50.40,32760,青竹峰大管家,+-、,0.373,pending
00:21:50.40,32760,青竹峰大管家,嘿猛妞,0.746,low_conf
00:21:50.40,32760,青竹峰大管家,猫草,0.665,low_conf
00:21:50.40,32760,青竹峰大管家,晨曦硕光,0.739,low_conf
00:21:50.40,32760,青竹峰大管家,嘿兄贵,0.678,low_conf
00:21:50.40,32760,青竹峰大管家,猫恩,0.666,low_conf
00:21:50.40,32760,青竹峰大管家,石动乃绘,0.744,low_conf
00:21:50.40,32760,青竹峰大管家,张岐岐Z,0.528,pending
00:21:50.40,32760,青竹峰大管家,很银月,0.747,low_conf
00:21:50.40,32760,青竹峰大管家,猫耳r,0.653,low_conf
00:21:50.40,32760,青竹峰大管家,葡瑟風,0.613,low_conf
00:21:50.40,32760,青竹峰大管家,CoCo羽洋,0.674,low_conf
00:21:50.40,32760,青竹峰大管家,晨阳公,0.549,pending
00:21:50.40,32760,青竹峰大管家,恨长缘,0.711,low_conf
00:21:50.40,32760,青竹峰大管家,猫耳,0.666,low_conf
00:21:50.40,32760,青竹峰大管家,薰仙Xiao,0.738,low_conf
00:21:50.40,32760,青竹峰大管家,成分复杂的老罗,0.742,low_conf
00:21:50.40,32760,青竹峰大管家,哼叽唧,0.551,pending
00:21:50.40,32760,青竹峰大管家,猫跟,0.665,low_conf
00:21:50.40,32760,青竹峰大管家,小黑孩,0.749,low_conf
00:21:50.40,32760,青竹峰大管家,长歌9,0.579,pending
00:21:50.40,32760,青竹峰大管家,0,0.125,pending
00:21:50.40,32760,青竹峰大管家,承米需,0.72,low_conf
00:21:50.40,32760,青竹峰大管家,猫猫,0.666,low_conf
00:21:50.40,32760,青竹峰大管家,小izz,0.604,low_conf
00:21:50.40,32760,青竹峰大管家,SP亮他蓄,0.691,low_conf
00:21:50.40,32760,青竹峰大管家,诚挚ZZz2,0.535,pending
00:21:50.40,32760,青竹峰大管家,轰帕尼尼,0.724,low_conf
00:21:50.40,32760,青竹峰大管家,猫咪,0.666,low_conf
00:21:50.40,32760,青竹峰大管家,长夏,0.506,pending
00:21:50.40,32760,青竹峰大管家,红茶小夹,0.71,low_conf
00:21:50.40,32760,青竹峰大管家,城小凡,0.671,low_conf
00:21:50.40,32760,青竹峰大管家,猫星，,0.627,low_conf
00:21:50.40,32760,青竹峰大管家,城因不腰,0.551,pending
00:21:50.40,32760,青竹峰大管家,红枫毛,0.692,low_conf
00:21:50.40,32760,青竹峰大管家,猫幼,0.664,low_conf
00:21:50.40,32760,青竹峰大管家,小安苹,0.706,low_conf
00:21:50.40,32760,青竹峰大管家,红红红红莉桶,0.704,low_conf
00:21:50.40,32760,青竹峰大管家,时崎义刹那,0.746,low_conf
00:21:50.40,32760,青竹峰大管家,澄闪eee,0.67,low_conf
00:21:50.40,32760,青竹峰大管家,红狼大管险,0.706,low_conf
00:21:50.40,32760,青竹峰大管家,猫仙,0.663,low_conf
00:21:50.40,32760,青竹峰大管家,我你了解=,0.732,low_conf
00:21:50.40,32760,青竹峰大管家,coraaaz,0.714,low_conf
00:21:50.40,32760,青竹峰大管家,橙子,0.501,pending
00:21:50.40,32760,青竹峰大管家,毛辣,0.665,low_conf
00:21:50.40,32760,青竹峰大管家,识是攻,0.725,low_conf
00:21:50.40,32760,青竹峰大管家,小白不孤单,0.725,low_conf
00:21:50.40,32760,青竹峰大管家,赵四的是哥,0.417,pending
00:21:50.40,32760,青竹峰大管家,红莲吒少,0.738,low_conf
00:21:50.40,32760,青竹峰大管家,毛利,0.666,low_conf
00:21:50.40,32760,青竹峰大管家,赵相机,0.721,low_conf
00:21:50.40,32760,青竹峰大管家,毛毛,0.655,low_conf
00:21:50.40,32760,青竹峰大管家,拾六梦,0.746,low_conf
00:21:50.40,32760,青竹峰大管家,小白项目教学,0.709,low_conf
00:21:50.40,32760,青竹峰大管家,超小吃,0.304,pending
00:21:50.40,32760,青竹峰大管家,橙子OZi,0.546,pending
00:21:50.40,32760,青竹峰大管家,毛毛器,0.536,pending
00:21:50.40,32760,青竹峰大管家,小白赞,0.595,pending
00:21:50.40,32760,青竹峰大管家,新离安奈BAKA,0.614,low_conf
00:21:50.40,32760,青竹峰大管家,毛毛衫,0.496,pending
00:21:50.40,32760,青竹峰大管家,折都安察,0.511,pending
00:21:50.40,32760,青竹峰大管家,红霜枫烊,0.662,low_conf
00:21:50.40,32760,青竹峰大管家,冒牌,0.619,low_conf
00:21:50.40,32760,青竹峰大管家,小北牛,0.691,low_conf
00:21:50.40,32760,青竹峰大管家,折途看,0.452,pending
00:21:50.40,32760,青竹峰大管家,冒险,0.625,low_conf
00:21:50.40,32760,青竹峰大管家,小…星尔,0.683,low_conf
00:21:50.40,32760,青竹峰大管家,这还合适,0.498,pending
00:21:50.40,32760,青竹峰大管家,没打,0.645,low_conf
00:21:50.40,32760,青竹峰大管家,小鳖惠子,0.6,low_conf
00:21:54.08,32852,青竹峰大管家,没有,0.666,low_conf
00:21:54.08,32852,青竹峰大管家,狐白35,0.71,low_conf
00:21:54.08,32852,青竹峰大管家,小布丁嗽,0.603,low_conf
00:21:54.08,32852,青竹峰大管家,没羽,0.538,pending
00:21:54.08,32852,青竹峰大管家,CZXSZ77,0.666,low_conf
00:21:54.08,32852,青竹峰大管家,梅林,0.665,low_conf
00:21:54.08,32852,青竹峰大管家,胡迷糊,0.737,low_conf
00:21:54.08,32852,青竹峰大管家,梅子,0.665,low_conf
00:21:54.08,32852,青竹峰大管家,这男人就是小帅,0.622,low_conf
00:21:54.08,32852,青竹峰大管家,c风-,0.652,low_conf
00:21:54.08,32852,青竹峰大管家,胡桃树上有古,0.746,low_conf
00:21:54.08,32852,青竹峰大管家,胡天煜,0.742,low_conf
00:21:54.08,32852,青竹峰大管家,每个,0.666,low_conf
00:21:54.08,32852,青竹峰大管家,每月,0.659,low_conf
00:21:54.08,32852,青竹峰大管家,小痴痴-,0.744,low_conf
00:21:54.08,32852,青竹峰大管家,D597-,0.666,low_conf
00:21:54.08,32852,青竹峰大管家,美美容,0.572,pending
00:21:54.08,32852,青竹峰大管家,美食,0.56,pending
00:21:54.08,32852,青竹峰大管家,美穗,0.654,low_conf
00:21:54.08,32852,青竹峰大管家,美陀,0.503,pending
00:21:54.08,32852,青竹峰大管家,丑小鸦ielly,0.684,low_conf
00:21:54.08,32852,青竹峰大管家,美颜,0.665,low_conf
00:21:54.08,32852,青竹峰大管家,是陳所長,0.717,low_conf
00:21:54.08,32852,青竹峰大管家,美贼,0.663,low_conf
00:21:54.08,32852,青竹峰大管家,魅川,0.665,low_conf
00:21:54.08,32852,青竹峰大管家,虎纹咸鱼已经,0.729,low_conf
00:21:54.08,32852,青竹峰大管家,门钉,0.663,low_conf
00:21:54.08,32852,青竹峰大管家,榛阳,0.659,low_conf
00:21:54.08,32852,青竹峰大管家,闷声,0.522,pending
00:21:54.08,32852,青竹峰大管家,萌道(,0.625,low_conf
00:21:54.08,32852,青竹峰大管家,枕上雪至,0.607,low_conf
00:21:54.08,32852,青竹峰大管家,楚歌儿,0.726,low_conf
00:21:54.08,32852,青竹峰大管家,花斑猫点,0.686,low_conf
00:21:54.08,32852,青竹峰大管家,萌化,0.657,low_conf
00:21:54.08,32852,青竹峰大管家,振早间,0.748,low_conf
00:21:54.08,32852,青竹峰大管家,花兵月阵,0.7,low_conf
00:21:54.08,32852,青竹峰大管家,萌妹,0.663,low_conf
00:21:54.08,32852,青竹峰大管家,小二owo,0.719,low_conf
00:21:54.08,32852,青竹峰大管家,触习得,0.747,low_conf
00:21:54.08,32852,青竹峰大管家,萌萌,0.619,low_conf
00:21:54.08,32852,青竹峰大管家,健魅,0.457,pending
00:21:54.08,32852,青竹峰大管家,小妃紫,0.737,low_conf
00:21:54.08,32852,青竹峰大管家,《鸢一折纸,0.64,low_conf
00:21:54.08,32852,青竹峰大管家,萌萌白,0.607,low_conf
00:21:54.08,32852,青竹峰大管家,蒸柿莓栗子,0.745,low_conf
00:21:54.08,32852,青竹峰大管家,川川冲鸭,0.742,low_conf
00:21:54.08,32852,青竹峰大管家,萌拿,0.661,low_conf
00:21:54.08,32852,青竹峰大管家,整根著条,0.576,pending
00:21:54.08,32852,青竹峰大管家,萌妞,0.659,low_conf
00:21:54.08,32852,青竹峰大管家,是暖床呀,0.71,low_conf
00:21:54.08,32852,青竹峰大管家,正使奈德分糖加椰果,0.733,low_conf
00:21:54.08,32852,青竹峰大管家,dawnmj,0.704,low_conf
00:21:54.08,32852,青竹峰大管家,花花溪礼,0.749,low_conf
00:21:54.08,32852,青竹峰大管家,萌物,0.503,pending
00:21:54.08,32852,青竹峰大管家,正常重粉糖加机,0.498,pending
00:21:54.08,32852,青竹峰大管家,DA万仞,0.727,low_conf
00:21:54.08,32852,青竹峰大管家,萌小,0.665,low_conf
00:21:54.08,32852,青竹峰大管家,正是格墨格,0.713,low_conf
00:21:54.08,32852,青竹峰大管家,花玖94,0.701,low_conf
00:21:54.08,32852,青竹峰大管家,萌只,0.661,low_conf
00:21:54.08,32852,青竹峰大管家,正支的奢肠,0.527,pending
00:21:54.08,32852,青竹峰大管家,蒙奇,0.665,low_conf
00:21:54.08,32852,青竹峰大管家,猛男,0.667,low_conf
00:21:54.08,32852,青竹峰大管家,小孩不小啦,0.717,low_conf
00:21:54.08,32852,青竹峰大管家,郑七涤,0.335,pending
00:21:54.08,32852,青竹峰大管家,孟尝,0.578,pending
00:21:54.08,32852,青竹峰大管家,是小屁呐,0.703,low_conf
00:21:54.08,32852,青竹峰大管家,郑行,0.658,low_conf
00:21:57.76,32944,青竹峰大管家,Definy,0.665,low_conf
00:21:57.76,32944,青竹峰大管家,垂眸叹,0.742,low_conf
00:21:57.76,32944,青竹峰大管家,花娣燃,0.556,pending
00:21:57.76,32944,青竹峰大管家,梦…,0.569,pending
00:21:57.76,32944,青竹峰大管家,椎名舒,0.599,pending
00:21:57.76,32944,青竹峰大管家,梦到,0.666,low_conf
00:21:57.76,32944,青竹峰大管家,是雨吖,0.655,low_conf
00:21:57.76,32944,青竹峰大管家,椎生丨恋白,0.718,low_conf
00:21:57.76,32944,青竹峰大管家,梦幻,0.498,pending
00:21:57.76,32944,青竹峰大管家,是在下的狗,0.717,low_conf
00:21:57.76,32944,青竹峰大管家,花生了什么杯,0.747,low_conf
00:21:57.76,32944,青竹峰大管家,知觅鸭,0.744,low_conf
00:21:57.76,32944,青竹峰大管家,梦见,0.666,low_conf
00:21:57.76,32944,青竹峰大管家,释乌,0.66,low_conf
00:21:57.76,32944,青竹峰大管家,知浅很开心,0.722,low_conf
00:21:57.76,32944,青竹峰大管家,梦里,0.654,low_conf
00:21:57.76,32944,青竹峰大管家,花漾若汐,0.735,low_conf
00:21:57.76,32944,青竹峰大管家,梦落,0.667,low_conf
00:21:57.76,32944,青竹峰大管家,誓言,0.53,pending
00:21:57.76,32944,青竹峰大管家,知莺翻雪,0.692,low_conf
00:21:57.76,32944,青竹峰大管家,华南地区原议,0.74,low_conf
00:21:57.76,32944,青竹峰大管家,噬轩歌,0.743,low_conf
00:21:57.76,32944,青竹峰大管家,织萝…行雲,0.667,low_conf
00:21:57.76,32944,青竹峰大管家,梦梦,0.667,low_conf
00:21:57.76,32944,青竹峰大管家,手冲猫猫,0.72,low_conf
00:21:57.76,32944,青竹峰大管家,的家,0.666,low_conf
00:21:57.76,32944,青竹峰大管家,梦,0.5,pending
00:21:57.76,32944,青竹峰大管家,槿陌磅,0.653,low_conf
00:21:57.76,32944,青竹峰大管家,戳衣板,0.743,low_conf
00:21:57.76,32944,青竹峰大管家,梦五,0.641,low_conf
00:21:57.76,32944,青竹峰大管家,梦醒,0.666,low_conf
00:21:57.76,32944,青竹峰大管家,梦寻,0.666,low_conf
00:21:57.76,32944,青竹峰大管家,止水伏流,0.74,low_conf
00:21:57.76,32944,青竹峰大管家,画仪,0.665,low_conf
00:21:57.76,32944,青竹峰大管家,梦伊-,0.513,pending
00:21:57.76,32944,青竹峰大管家,守模人,0.566,pending
00:21:57.76,32944,青竹峰大管家,小枯叶vo,0.744,low_conf
00:21:57.76,32944,青竹峰大管家,Djan90,0.679,low_conf
00:21:57.76,32944,青竹峰大管家,此去路诏,0.662,low_conf
00:21:57.76,32944,青竹峰大管家,梦吃,0.663,low_conf
00:21:57.76,32944,青竹峰大管家,小蓝蓝田,0.741,low_conf
00:21:57.76,32944,青竹峰大管家,梦着,0.665,low_conf
00:21:57.76,32944,青竹峰大管家,热丸,0.417,pending
00:21:57.76,32944,青竹峰大管家,次落酱,0.749,low_conf
00:21:57.76,32944,青竹峰大管家,梦中,0.666,low_conf
00:21:57.76,32944,青竹峰大管家,梦舟,0.653,low_conf
00:21:57.76,32944,青竹峰大管家,小鹿鹿鹿鹿Xxx,0.714,low_conf
00:21:57.76,32944,青竹峰大管家,槐化蚊,0.73,low_conf
00:21:57.76,32944,青竹峰大管家,萝ZW,0.445,pending
00:21:57.76,32944,青竹峰大管家,书生清禾,0.699,low_conf
00:21:57.76,32944,青竹峰大管家,小珞墨,0.749,low_conf
00:21:57.76,32944,青竹峰大管家,坏人怀,0.69,low_conf
00:21:57.76,32944,青竹峰大管家,萝靈,0.516,pending
00:21:57.76,32944,青竹峰大管家,DonWu,0.728,low_conf
00:21:57.76,32944,青竹峰大管家,咪咪,0.666,low_conf
00:21:57.76,32944,青竹峰大管家,小猫121呀,0.684,low_conf
00:21:57.76,32944,青竹峰大管家,叔叔畅,0.737,low_conf
00:21:57.76,32944,青竹峰大管家,纸鹤行,0.749,low_conf
00:21:57.76,32944,青竹峰大管家,TIL,0.567,pending
00:21:57.76,32944,青竹峰大管家,称豆,0.538,pending
00:21:57.76,32944,青竹峰大管家,小猫咪爱「吃小鱼,0.738,low_conf
00:21:57.76,32944,青竹峰大管家,醋欢,0.648,low_conf
00:21:57.76,32944,青竹峰大管家,环游季,0.748,low_conf
00:21:57.76,32944,青竹峰大管家,迷菌,0.645,low_conf
00:21:57.76,32944,青竹峰大管家,小萌翠,0.582,pending
00:21:57.76,32944,青竹峰大管家,指间,0.653,low_conf
00:21:57.76,32944,青竹峰大管家,崔恩,0.657,low_conf
00:21:57.76,32944,青竹峰大管家,迷路,0.664,low_conf
00:21:57.76,32944,青竹峰大管家,小谜陆,0.69,low_conf
00:21:57.76,32944,青竹峰大管家,谜底,0.659,low_conf
00:21:57.76,32944,青竹峰大管家,治文的术瑞,0.607,low_conf
00:21:57.76,32944,青竹峰大管家,Dsl,0.534,pending
00:21:57.76,32944,青竹峰大管家,幻境中的紫苑,0.714,low_conf
00:21:57.76,32944,青竹峰大管家,麋鹿,0.474,pending
00:21:57.76,32944,青竹峰大管家,智想时味哦,0.32,pending
00:21:57.76,32944,青竹峰大管家,米德,0.655,low_conf
00:21:57.76,32944,青竹峰大管家,精冒吃,0.208,pending
00:21:57.76,32944,青竹峰大管家,duckshy,0.735,low_conf
00:21:57.76,32944,青竹峰大管家,米尔,0.622,low_conf
00:21:57.76,32944,青竹峰大管家,米饭,0.666,low_conf
00:21:57.76,32944,青竹峰大管家,树夜魂,0.644,low_conf
00:21:57.76,32944,青竹峰大管家,小年糕3号,0.742,low_conf
00:21:57.76,32944,青竹峰大管家,中衣深别救我,0.62,low_conf
00:21:57.76,32944,青竹峰大管家,Duskink,0.739,low_conf
00:21:57.76,32944,青竹峰大管家,米兰,0.658,low_conf
00:21:57.76,32944,青竹峰大管家,-树之-,0.742,low_conf
00:21:57.76,32944,青竹峰大管家,中俄文辅法,0.611,low_conf
00:22:01.44,33036,青竹峰大管家,患名字,0.748,low_conf
00:22:01.44,33036,青竹峰大管家,米思,0.604,low_conf
00:22:01.44,33036,青竹峰大管家,澍泽沁,0.499,pending
00:22:01.44,33036,青竹峰大管家,小奇狩哦,0.624,low_conf
00:22:01.44,33036,青竹峰大管家,荒数,0.525,pending
00:22:01.44,33036,青竹峰大管家,米浴,0.662,low_conf
00:22:01.44,33036,青竹峰大管家,皇帝电话,0.707,low_conf
00:22:01.44,33036,青竹峰大管家,半密,0.542,pending
00:22:01.44,33036,青竹峰大管家,小强强,0.72,low_conf
00:22:01.44,33036,青竹峰大管家,凰琛,0.636,low_conf
00:22:01.44,33036,青竹峰大管家,TT!,0.123,pending
00:22:01.44,33036,青竹峰大管家,系守,0.56,pending
00:22:01.44,33036,青竹峰大管家,帅气小伙子儿,0.739,low_conf
00:22:01.44,33036,青竹峰大管家,达令李,0.725,low_conf
00:22:01.44,33036,青竹峰大管家,黄豆面丶,0.695,low_conf
00:22:01.44,33036,青竹峰大管家,觅长,0.634,low_conf
00:22:01.44,33036,青竹峰大管家,终极大习,0.704,low_conf
00:22:01.44,33036,青竹峰大管家,密斯,0.661,low_conf
00:22:01.44,33036,青竹峰大管家,蜜瓜,0.664,low_conf
00:22:01.44,33036,青竹峰大管家,双生-花,0.724,low_conf
00:22:01.44,33036,青竹峰大管家,小权同志,0.693,low_conf
00:22:01.44,33036,青竹峰大管家,黄金枪哥,0.7,low_conf
00:22:01.44,33036,青竹峰大管家,蜜蜜,0.665,low_conf
00:22:01.44,33036,青竹峰大管家,钟启田,0.743,low_conf
00:22:01.44,33036,青竹峰大管家,黄泉姐,0.66,low_conf
00:22:01.44,33036,青竹峰大管家,蜜桃,0.666,low_conf
00:22:01.44,33036,青竹峰大管家,霜晨,0.648,low_conf
00:22:01.44,33036,青竹峰大管家,终,0.366,pending
00:22:01.44,33036,青竹峰大管家,黄杉杉,0.74,low_conf
00:22:01.44,33036,青竹峰大管家,霜风栖,0.727,low_conf
00:22:01.44,33036,青竹峰大管家,锤亞偷,0.597,pending
00:22:01.44,33036,青竹峰大管家,達V達,0.461,pending
00:22:01.44,33036,青竹峰大管家,黄心野,0.748,low_conf
00:22:01.44,33036,青竹峰大管家,绵绵,0.663,low_conf
00:22:01.44,33036,青竹峰大管家,花花苑葡能花花,0.259,pending
00:22:01.44,33036,青竹峰大管家,棉花,0.659,low_conf
00:22:01.44,33036,青竹峰大管家,霜鱼yu,0.738,low_conf
00:22:01.44,33036,青竹峰大管家,輝华智算,0.653,low_conf
00:22:01.44,33036,青竹峰大管家,花髪,0.314,pending
00:22:01.44,33036,青竹峰大管家,恍恍您您cyr,0.705,low_conf
00:22:01.44,33036,青竹峰大管家,面白,0.646,low_conf
00:22:01.44,33036,青竹峰大管家,小填想父十战二月,0.638,low_conf
00:22:01.44,33036,青竹峰大管家,仲夏与贰,0.742,low_conf
00:22:01.44,33036,青竹峰大管家,面带,0.665,low_conf
00:22:01.44,33036,青竹峰大管家,面巾,0.624,low_conf
00:22:01.44,33036,青竹峰大管家,水晶星主-耀,0.737,low_conf
00:22:01.44,33036,青竹峰大管家,面具,0.57,pending
00:22:01.44,33036,青竹峰大管家,喵爆,0.665,low_conf
00:22:01.44,33036,青竹峰大管家,水墨-青衫,0.703,low_conf
00:22:01.44,33036,青竹峰大管家,小蔚之柳,0.732,low_conf
00:22:01.44,33036,青竹峰大管家,周藜麦,0.744,low_conf
00:22:01.44,33036,青竹峰大管家,tz/45,0.623,low_conf
00:22:01.44,33036,青竹峰大管家,珲萌萌,0.691,low_conf
00:22:01.44,33036,青竹峰大管家,喵酱,0.664,low_conf
00:22:01.44,33036,青竹峰大管家,小昊开,0.693,low_conf
00:22:01.44,33036,青竹峰大管家,Tzi,0.595,pending
00:22:01.44,33036,青竹峰大管家,辉耀,0.665,low_conf
00:22:01.44,33036,青竹峰大管家,喵了！,0.657,low_conf
00:22:01.44,33036,青竹峰大管家,水青木,0.741,low_conf
00:22:01.44,33036,青竹峰大管家,小羲嘻嘻,0.667,low_conf
00:22:01.44,33036,青竹峰大管家,周弦,0.539,pending
00:22:01.44,33036,青竹峰大管家,粑粑t,0.664,low_conf
00:22:01.44,33036,青竹峰大管家,喵猫,0.665,low_conf
00:22:01.44,33036,青竹峰大管家,周舟,0.411,pending
00:22:01.44,33036,青竹峰大管家,EMC-周冥,0.733,low_conf
00:22:01.44,33036,青竹峰大管家,T环洋葱T,0.738,low_conf
00:22:01.44,33036,青竹峰大管家,徽常帅,0.629,low_conf
00:22:01.44,33036,青竹峰大管家,喵喵,0.641,low_conf
00:22:01.44,33036,青竹峰大管家,粥喝粥水,0.74,low_conf
00:22:01.44,33036,青竹峰大管家,大阪的张无忌,0.745,low_conf
00:22:01.44,33036,青竹峰大管家,回自己是春得,0.713,low_conf
00:22:01.44,33036,青竹峰大管家,水屿宴,0.523,pending
00:22:01.44,33036,青竹峰大管家,纣主亦君,0.603,low_conf
00:22:01.44,33036,青竹峰大管家,Eolem,0.716,low_conf
00:22:01.44,33036,青竹峰大管家,回少,0.655,low_conf
00:22:01.44,33036,青竹峰大管家,喵喵,0.665,low_conf
00:22:01.44,33036,青竹峰大管家,小仙吸,0.742,low_conf
00:22:01.44,33036,青竹峰大管家,朱丽哈,0.533,pending
00:22:01.44,33036,青竹峰大管家,小小段砸,0.71,low_conf
00:22:01.44,33036,青竹峰大管家,朱美丽,0.326,pending
00:22:01.44,33036,青竹峰大管家,小小黑木,0.615,low_conf
00:22:01.44,33036,青竹峰大管家,未蛋烤,0.31,pending
00:22:01.44,33036,青竹峰大管家,回忆\清,0.673,low_conf
00:22:01.44,33036,青竹峰大管家,喵鸣,0.532,pending
00:22:01.44,33036,青竹峰大管家,小小宴月,0.654,low_conf
00:22:01.44,33036,青竹峰大管家,保德能,0.533,pending
00:22:01.44,33036,青竹峰大管家,会弹吉他的艾,0.728,low_conf
00:22:01.44,33036,青竹峰大管家,喵鸣！,0.508,pending
00:22:01.44,33036,青竹峰大管家,送篇卦烤鱼,0.554,pending
00:22:01.44,33036,青竹峰大管家,喵星,0.664,low_conf
00:22:01.44,33036,青竹峰大管家,诸葛唐风,0.737,low_conf
00:22:01.44,33036,青竹峰大管家,喵爷,0.636,low_conf
00:22:01.44,33036,青竹峰大管家,小小小陈下士,0.74,low_conf
00:22:01.44,33036,青竹峰大管家,U平U,0.686,low_conf
00:22:01.44,33036,青竹峰大管家,喵总,0.664,low_conf
00:22:01.44,33036,青竹峰大管家,猪两只联,0.612,low_conf
00:22:05.12,33128,青竹峰大管家,详与,0.377,pending
00:22:05.12,33128,青竹峰大管家,顺序随,0.632,low_conf
00:22:05.12,33128,青竹峰大管家,小小菌酒,0.536,pending
00:22:05.12,33128,青竹峰大管家,Vev24,0.737,low_conf
00:22:05.12,33128,青竹峰大管家,魂逸枣,0.623,low_conf
00:22:05.12,33128,青竹峰大管家,灰,0.273,pending
00:22:05.12,33128,青竹峰大管家,进,0.216,pending
00:22:05.12,33128,青竹峰大管家,小小韧滴生不爱画,0.704,low_conf
00:22:05.12,33128,青竹峰大管家,闵行！,0.638,low_conf
00:22:05.12,33128,青竹峰大管家,丝滑进,0.657,low_conf
00:22:05.12,33128,青竹峰大管家,小小郑先,0.667,low_conf
00:22:05.12,33128,青竹峰大管家,大狗说,0.734,low_conf
00:22:05.12,33128,青竹峰大管家,名称,0.66,low_conf
00:22:05.12,33128,青竹峰大管家,马灭神,0.294,pending
00:22:05.12,33128,青竹峰大管家,小小笠签者,0.433,pending
00:22:05.12,33128,青竹峰大管家,混个日子,0.626,low_conf
00:22:05.12,33128,青竹峰大管家,名取,0.628,low_conf
00:22:05.12,33128,青竹峰大管家,徒爱看诸葛,0.692,low_conf
00:22:05.12,33128,青竹峰大管家,小晓夜,0.621,low_conf
00:22:05.12,33128,青竹峰大管家,<Deler,0.731,low_conf
00:22:05.12,33128,青竹峰大管家,活儿,0.666,low_conf
00:22:05.12,33128,青竹峰大管家,名为,0.656,low_conf
00:22:05.12,33128,青竹峰大管家,惠无邪二号种子,0.688,low_conf
00:22:05.12,33128,青竹峰大管家,小心家的妹子,0.696,low_conf
00:22:05.12,33128,青竹峰大管家,~ Leoric,0.745,low_conf
00:22:05.12,33128,青竹峰大管家,e鱼之泪,0.723,low_conf
00:22:05.12,33128,青竹峰大管家,名则,0.655,low_conf
00:22:05.12,33128,青竹峰大管家,斯色达际,0.7,low_conf
00:22:05.12,33128,青竹峰大管家,小心酒家的妹子,0.469,pending
00:22:05.12,33128,青竹峰大管家,、冰柠檬丶,0.714,low_conf
00:22:05.12,33128,青竹峰大管家,明曼,0.633,low_conf
00:22:05.12,33128,青竹峰大管家,斯文国际,0.721,low_conf
00:22:05.12,33128,青竹峰大管家,小在,0.437,pending
00:22:05.12,33128,青竹峰大管家,、差点、,0.536,pending
00:22:05.12,33128,青竹峰大管家,火爱舞,0.742,low_conf
00:22:05.12,33128,青竹峰大管家,明明,0.661,low_conf
00:22:05.12,33128,青竹峰大管家,小鑫开机,0.648,low_conf
00:22:05.12,33128,青竹峰大管家,、韩老祖、,0.671,low_conf
00:22:05.12,33128,青竹峰大管家,明月,0.659,low_conf
00:22:05.12,33128,青竹峰大管家,小鑫g,0.42,pending
00:22:05.12,33128,青竹峰大管家,、何必啊,0.665,low_conf
00:22:05.12,33128,青竹峰大管家,死东纲悦海小风,0.518,pending
00:22:05.12,33128,青竹峰大管家,小星9,0.569,pending
00:22:05.12,33128,青竹峰大管家,大橘末重啊,0.748,low_conf
00:22:05.12,33128,青竹峰大管家,火灵月,0.679,low_conf
00:22:05.12,33128,青竹峰大管家,明栈,0.634,low_conf
00:22:05.12,33128,青竹峰大管家,小寻春看车,0.564,pending
00:22:05.12,33128,青竹峰大管家,焦糖\,0.591,pending
00:22:05.12,33128,青竹峰大管家,明子,0.614,low_conf
00:22:05.12,33128,青竹峰大管家,小颜看看车,0.686,low_conf
00:22:05.12,33128,青竹峰大管家,实宴,0.139,pending
00:22:05.12,33128,青竹峰大管家,四骐翼真,0.459,pending
00:22:05.12,33128,青竹峰大管家,小眼粉,0.426,pending
00:22:05.12,33128,青竹峰大管家,墨嫣、,0.442,pending
00:22:05.12,33128,青竹峰大管家,摸骨,0.635,low_conf
00:22:05.12,33128,青竹峰大管家,四四方方小硬市,0.663,low_conf
00:22:05.12,33128,青竹峰大管家,小杨香模天开,0.575,pending
00:22:05.12,33128,青竹峰大管家,摸头,0.654,low_conf
00:22:05.12,33128,青竹峰大管家,四叶飞旋杀,0.688,low_conf
00:22:05.12,33128,青竹峰大管家,小楼设有大,0.584,pending
00:22:05.12,33128,青竹峰大管家,差猜油体君导,0.479,pending
00:22:05.12,33128,青竹峰大管家,小耗没有韵饭团,0.619,low_conf
00:22:05.12,33128,青竹峰大管家,、千克尘,0.443,pending
00:22:05.12,33128,青竹峰大管家,摸全,0.382,pending
00:22:05.12,33128,青竹峰大管家,精养衰油,0.553,pending
00:22:05.12,33128,青竹峰大管家,小野己郎的,0.576,pending
00:22:05.12,33128,青竹峰大管家,大米巴,0.714,low_conf
00:22:05.12,33128,青竹峰大管家,唯Cola,0.693,low_conf
00:22:05.12,33128,青竹峰大管家,摸鱼,0.661,low_conf
00:22:05.12,33128,青竹峰大管家,松吹品,0.371,pending
00:22:05.12,33128,青竹峰大管家,小野,0.653,low_conf
00:22:05.12,33128,青竹峰大管家,松伏曜珠理套,0.721,low_conf
00:22:05.12,33128,青竹峰大管家,小药暗傷,0.4,pending
00:22:05.12,33128,青竹峰大管家,-孩,0.357,pending
00:22:05.12,33128,青竹峰大管家,FGD鎏,0.698,low_conf
00:22:05.12,33128,青竹峰大管家,粉饼,0.468,pending
00:22:05.12,33128,青竹峰大管家,松开珠,0.55,pending
00:22:05.12,33128,青竹峰大管家,小侵暗缘夏,0.432,pending
00:22:05.12,33128,青竹峰大管家,膜漆,0.415,pending
00:22:05.12,33128,青竹峰大管家,松梅森草元银柳液,0.612,low_conf
00:22:05.12,33128,青竹峰大管家,小易子,0.567,pending
00:22:05.12,33128,青竹峰大管家,鸡腿这么好叶,0.73,low_conf
00:22:05.12,33128,青竹峰大管家,摩尔,0.63,low_conf
00:22:05.12,33128,青竹峰大管家,朱梅茶,0.223,pending
00:22:05.12,33128,青竹峰大管家,小子/S1,0.506,pending
00:22:05.12,33128,青竹峰大管家,主教孜观,0.248,pending
00:22:05.12,33128,青竹峰大管家,大木tour,0.673,low_conf
00:22:05.12,33128,青竹峰大管家,姬桩,0.56,pending
00:22:05.12,33128,青竹峰大管家,摩光,0.655,low_conf
00:22:05.12,33128,青竹峰大管家,未银元瓶,0.615,low_conf
00:22:05.12,33128,青竹峰大管家,小桶yu锦鲤版,0.63,low_conf
00:22:05.12,33128,青竹峰大管家,基尔蒂斯·,0.732,low_conf
00:22:05.12,33128,青竹峰大管家,摩蝎,0.458,pending
00:22:05.12,33128,青竹峰大管家,送你拌乐,0.461,pending
00:22:05.12,33128,青竹峰大管家,小鱼90锅虾5,0.673,low_conf
00:22:05.12,33128,青竹峰大管家,主流浅唱e,0.58,pending
00:22:05.12,33128,青竹峰大管家,吉大祥如小意,0.702,low_conf
00:22:05.12,33128,青竹峰大管家,魔豆,0.548,pending
00:22:05.12,33128,青竹峰大管家,苏打择可求功的,0.623,low_conf
00:22:05.12,33128,青竹峰大管家,滤迷律Ce,0.409,pending
00:22:05.12,33128,青竹峰大管家,吉琥琥,0.747,low_conf
00:22:05.12,33128,青竹峰大管家,魔法,0.632,low_conf
00:22:05.12,33128,青竹峰大管家,苏大择会成城,0.487,pending
00:22:05.12,33128,青竹峰大管家,小鱼角,0.63,low_conf
00:22:05.12,33128,青竹峰大管家,在的于叔,0.391,pending
00:22:05.12,33128,青竹峰大管家,wei威thi,0.68,low_conf
00:22:05.12,33128,青竹峰大管家,大榕树下的容嬷娘,0.716,low_conf
00:22:05.12,33128,青竹峰大管家,吉司,0.637,low_conf
00:22:05.12,33128,青竹峰大管家,魔教,0.663,low_conf
00:22:05.12,33128,青竹峰大管家,苏家婚牛液,0.555,pending
00:22:05.12,33128,青竹峰大管家,小惠7斯昕,0.452,pending
00:22:05.12,33128,青竹峰大管家,注册表站解,0.536,pending
00:22:05.12,33128,青竹峰大管家,魔蝎,0.452,pending
00:22:05.12,33128,青竹峰大管家,苏利文老重复,0.629,low_conf
00:22:05.12,33128,青竹峰大管家,小国零新所,0.295,pending
00:22:05.12,33128,青竹峰大管家,Wen沫,0.596,pending
00:22:05.12,33128,青竹峰大管家,大鲨豪,0.743,low_conf
00:22:05.12,33128,青竹峰大管家,魔了！,0.535,pending
00:22:05.12,33128,青竹峰大管家,苏维博老师,0.479,pending
00:22:05.12,33128,青竹峰大管家,小原魅非酒,0.311,pending
00:22:05.12,33128,青竹峰大管家,纯细,0.099,pending
00:22:05.12,33128,青竹峰大管家,魔力！,0.671,low_conf
00:22:05.12,33128,青竹峰大管家,苏维埃,0.555,pending
00:22:05.12,33128,青竹峰大管家,小原的垒涮B站,0.698,low_conf
00:22:05.12,33128,青竹峰大管家,铸钰,0.508,pending
00:22:05.12,33128,青竹峰大管家,wty!,0.676,low_conf
00:22:05.12,33128,青竹峰大管家,魔神,0.55,pending
00:22:05.12,33128,青竹峰大管家,傣球春知,0.386,pending
00:22:05.12,33128,青竹峰大管家,小绿轮套利,0.254,pending
00:22:05.12,33128,青竹峰大管家,拽比兽,0.701,low_conf
00:22:08.80,33220,青竹峰大管家,疾风剑豪--,0.686,low_conf
00:22:08.80,33220,青竹峰大管家,洗心,0.159,pending
00:22:08.80,33220,青竹峰大管家,速冻仍威鱼,0.369,pending
00:22:08.80,33220,青竹峰大管家,小awaz,0.424,pending
00:22:08.80,33220,青竹峰大管家,大牵名,0.42,pending
00:22:08.80,33220,青竹峰大管家,疾行自熊,0.736,low_conf
00:22:08.80,33220,青竹峰大管家,深然,0.43,pending
00:22:08.80,33220,青竹峰大管家,澳源中汉,0.287,pending
00:22:08.80,33220,青竹峰大管家,小张不高冷力,0.665,low_conf
00:22:08.80,33220,青竹峰大管家,WixL,0.544,pending
00:22:08.80,33220,青竹峰大管家,大头会,0.697,low_conf
00:22:08.80,33220,青竹峰大管家,鹤雞望繁,0.238,pending
00:22:08.80,33220,青竹峰大管家,柔利,0.285,pending
00:22:08.80,33220,青竹峰大管家,随风中海忆,0.555,pending
00:22:08.80,33220,青竹峰大管家,大碗,0.487,pending
00:22:08.80,33220,青竹峰大管家,九初求芯,0.275,pending
00:22:08.80,33220,青竹峰大管家,陌茶,0.505,pending
00:22:08.80,33220,青竹峰大管家,大主巡五行山,0.719,low_conf
00:22:08.80,33220,青竹峰大管家,挤爆番酱,0.296,pending
00:22:08.80,33220,青竹峰大管家,陌大,0.239,pending
00:22:08.80,33220,青竹峰大管家,随目前行,0.698,low_conf
00:22:08.80,33220,青竹峰大管家,小看楼,0.351,pending
00:22:08.80,33220,青竹峰大管家,陌情,0.538,pending
00:22:08.80,33220,青竹峰大管家,随影,0.662,low_conf
00:22:08.80,33220,青竹峰大管家,小是婷婷,0.656,low_conf
00:22:08.80,33220,青竹峰大管家,追光前行的小岩,0.659,low_conf
00:22:08.80,33220,青竹峰大管家,技机上厕所,0.681,low_conf
00:22:08.80,33220,青竹峰大管家,陷上,0.425,pending
00:22:08.80,33220,青竹峰大管家,随想,0.502,pending
00:22:08.80,33220,青竹峰大管家,寂静烈永恒,0.649,low_conf
00:22:08.80,33220,青竹峰大管家,陌上,0.208,pending
00:22:08.80,33220,青竹峰大管家,小想的好,0.606,low_conf
00:22:08.80,33220,青竹峰大管家,Wooooop,0.592,pending
00:22:08.80,33220,青竹峰大管家,寂静孤独,0.65,low_conf
00:22:08.80,33220,青竹峰大管家,阳香,0.258,pending
00:22:08.80,33220,青竹峰大管家,随缘考社,0.542,pending
00:22:08.80,33220,青竹峰大管家,追逐、FU,0.737,low_conf
00:22:08.80,33220,青竹峰大管家,教静猎人,0.631,low_conf
00:22:08.80,33220,青竹峰大管家,陌接,0.208,pending
00:22:08.80,33220,青竹峰大管家,碎步粑,0.397,pending
00:22:08.80,33220,青竹峰大管家,wqapie,0.708,low_conf
00:22:08.80,33220,青竹峰大管家,大区飞哥,0.682,low_conf
00:22:08.80,33220,青竹峰大管家,寂冀de贪吃！,0.594,pending
00:22:08.80,33220,青竹峰大管家,百描,0.106,pending
00:22:08.80,33220,青竹峰大管家,孙斌把,0.625,low_conf
00:22:08.80,33220,青竹峰大管家,小猪y。,0.579,pending
00:22:08.80,33220,青竹峰大管家,大雄297,0.694,low_conf
00:22:08.80,33220,青竹峰大管家,教大爷,0.35,pending
00:22:08.80,33220,青竹峰大管家,莫感,0.094,pending
00:22:08.80,33220,青竹峰大管家,孙双圣哈哈哈哈,0.614,low_conf
00:22:08.80,33220,青竹峰大管家,灼道Y火,0.692,low_conf
00:22:08.80,33220,青竹峰大管家,大鸭纸,0.71,low_conf
00:22:08.80,33220,青竹峰大管家,教的方哥,0.607,low_conf
00:22:08.80,33220,青竹峰大管家,真优,0.282,pending
00:22:08.80,33220,青竹峰大管家,孙河龙,0.621,low_conf
00:22:08.80,33220,青竹峰大管家,小猪上雀,0.46,pending
00:22:08.80,33220,青竹峰大管家,大圆管同学,0.666,low_conf
00:22:08.80,33220,青竹峰大管家,寂冀的小烟书,0.532,pending
00:22:08.80,33220,青竹峰大管家,wsamai..,0.72,low_conf
00:22:08.80,33220,青竹峰大管家,莫如,0.265,pending
00:22:08.80,33220,青竹峰大管家,笋澜大大,0.518,pending
00:22:08.80,33220,青竹峰大管家,小芳轩,0.661,low_conf
00:22:08.80,33220,青竹峰大管家,大宅a的,0.624,low_conf
00:22:08.80,33220,青竹峰大管家,寂奠是,0.408,pending
00:22:08.80,33220,青竹峰大管家,忘,0.172,pending
00:22:08.80,33220,青竹峰大管家,铺痕的噗叻,0.333,pending
00:22:08.80,33220,青竹峰大管家,晓安,0.523,pending
00:22:08.80,33220,青竹峰大管家,wuli卿印,0.568,pending
00:22:08.80,33220,青竹峰大管家,我琦,0.149,pending
00:22:08.80,33220,青竹峰大管家,澳,0.056,pending
00:22:08.80,33220,青竹峰大管家,喷北西楼,0.321,pending
00:22:08.80,33220,青竹峰大管家,晓柏水,0.348,pending
00:22:08.80,33220,青竹峰大管家,资林耶,0.749,low_conf
00:22:08.80,33220,青竹峰大管家,wul微笑,0.694,low_conf
00:22:08.80,33220,青竹峰大管家,澳吨,0.174,pending
00:22:08.80,33220,青竹峰大管家,您与猫伤,0.493,pending
00:22:08.80,33220,青竹峰大管家,资振文,0.624,low_conf
00:22:08.80,33220,青竹峰大管家,呆水弱丝,0.714,low_conf
00:22:08.80,33220,青竹峰大管家,加费报资加,0.621,low_conf
00:22:08.80,33220,青竹峰大管家,澳甲,0.214,pending
00:22:08.80,33220,青竹峰大管家,晓小菜,0.588,pending
00:22:08.80,33220,青竹峰大管家,某头鸟阿室,0.644,low_conf
00:22:08.80,33220,青竹峰大管家,加菲狗狗哦味,0.35,pending
00:22:08.80,33220,青竹峰大管家,黑桶,0.2,pending
00:22:08.80,33220,青竹峰大管家,她落樱海,0.6,low_conf
00:22:08.80,33220,青竹峰大管家,晓藜-Wu,0.596,pending
00:22:08.80,33220,青竹峰大管家,紫菜Liz,0.714,low_conf
00:22:08.80,33220,青竹峰大管家,呆头小呆脑涵,0.671,low_conf
00:22:08.80,33220,青竹峰大管家,墨霜,0.137,pending
00:22:08.80,33220,青竹峰大管家,她景小短眼阿,0.676,low_conf
00:22:08.80,33220,青竹峰大管家,烧小敦,0.51,pending
00:22:08.80,33220,青竹峰大管家,wWshwa,0.694,low_conf
00:22:08.80,33220,青竹峰大管家,味莽撞人,0.503,pending
00:22:08.80,33220,青竹峰大管家,加里宇狮,0.575,pending
00:22:08.80,33220,青竹峰大管家,秦风,0.368,pending
00:22:08.80,33220,青竹峰大管家,她她愿队,0.352,pending
00:22:08.80,33220,青竹峰大管家,紫风旋律入云端,0.744,low_conf
00:22:08.80,33220,青竹峰大管家,wwwwalt,0.717,low_conf
00:22:08.80,33220,青竹峰大管家,来心的暴有,0.682,low_conf
00:22:08.80,33220,青竹峰大管家,来明,0.1,pending
00:22:08.80,33220,青竹峰大管家,她与清风紫过客,0.737,low_conf
00:22:08.80,33220,青竹峰大管家,紫枫,0.389,pending
00:22:08.80,33220,青竹峰大管家,WwwWx,0.501,pending
00:22:08.80,33220,青竹峰大管家,佳海命里有,0.74,low_conf
00:22:08.80,33220,青竹峰大管家,秦明,0.431,pending
00:22:08.80,33220,青竹峰大管家,塔布技沃,0.484,pending
00:22:08.80,33220,青竹峰大管家,紫珺选瑶南富婉,0.55,pending
00:22:08.80,33220,青竹峰大管家,Www雯,0.414,pending
00:22:08.80,33220,青竹峰大管家,代心雪,0.713,low_conf
00:22:08.80,33220,青竹峰大管家,佳催请出标,0.395,pending
00:22:08.80,33220,青竹峰大管家,黑染！,0.38,pending
00:22:08.80,33220,青竹峰大管家,紫更元,0.448,pending
00:22:08.80,33220,青竹峰大管家,Griel,0.669,low_conf
00:22:08.80,33220,青竹峰大管家,Wwxidi,0.692,low_conf
00:22:08.80,33220,青竹峰大管家,佳能在家味,0.685,low_conf
00:22:08.80,33220,青竹峰大管家,墨染,0.292,pending
00:22:08.80,33220,青竹峰大管家,塔菲尔,0.595,pending
00:22:08.80,33220,青竹峰大管家,紫等+46,0.557,pending
00:22:08.80,33220,青竹峰大管家,lrkh,0.648,low_conf
00:22:08.80,33220,青竹峰大管家,茄子沉,0.616,low_conf
00:22:08.80,33220,青竹峰大管家,墨柔,0.15,pending
00:22:08.80,33220,青竹峰大管家,塔米,0.446,pending
00:22:08.80,33220,青竹峰大管家,笑樽前,0.474,pending
00:22:08.80,33220,青竹峰大管家,紫色水无4,0.439,pending
00:22:08.80,33220,青竹峰大管家,wwywy,0.382,pending
00:22:08.80,33220,青竹峰大管家,带看梦,0.665,low_conf
00:22:08.80,33220,青竹峰大管家,迦尴边的骤于,0.511,pending
00:22:08.80,33220,青竹峰大管家,果漆,0.132,pending
00:22:08.80,33220,青竹峰大管家,塔嘴喵喵,0.627,low_conf
00:22:08.80,33220,青竹峰大管家,紫雪宇,0.439,pending
00:22:08.80,33220,青竹峰大管家,戴森6,0.697,low_conf
00:22:08.80,33220,青竹峰大管家,家南边的聚中,0.645,low_conf
00:22:08.80,33220,青竹峰大管家,黑末,0.12,pending
00:22:08.80,33220,青竹峰大管家,踏风舞,0.577,pending
00:22:08.80,33220,青竹峰大管家,那不修,0.614,low_conf
00:22:08.80,33220,青竹峰大管家,紫夜风筝飘,0.692,low_conf
00:22:08.80,33220,青竹峰大管家,丹hxt,0.714,low_conf
00:22:08.80,33220,青竹峰大管家,家麦是日片,0.664,low_conf
00:22:08.80,33220,青竹峰大管家,果的,0.279,pending
00:22:08.80,33220,青竹峰大管家,踏九州区,0.581,pending
00:22:08.80,33220,青竹峰大管家,邪恶大蕃薯,0.728,low_conf
00:22:08.80,33220,青竹峰大管家,自爆哦,0.737,low_conf
00:22:08.80,33220,青竹峰大管家,单态天惹,0.659,low_conf
00:22:08.80,33220,青竹峰大管家,家有2只吨,0.705,low_conf
00:22:08.80,33220,青竹峰大管家,哈博乐,0.406,pending
00:22:12.48,33312,青竹峰大管家,Great子,0.719,low_conf
00:22:12.48,33312,青竹峰大管家,xiangyaol,0.739,low_conf
00:22:12.48,33312,青竹峰大管家,单小度横抽象,0.385,pending
00:22:12.48,33312,青竹峰大管家,贾斯号博,0.607,low_conf
00:22:12.48,33312,青竹峰大管家,绿敏,0.145,pending
00:22:12.48,33312,青竹峰大管家,太白汤,0.508,pending
00:22:12.48,33312,青竹峰大管家,邪尊主,0.549,pending
00:22:12.48,33312,青竹峰大管家,Greenv,0.693,low_conf
00:22:12.48,33312,青竹峰大管家,xiaoje,0.707,low_conf
00:22:12.48,33312,青竹峰大管家,胆小不抽家,0.704,low_conf
00:22:12.48,33312,青竹峰大管家,惯斯江牙,0.154,pending
00:22:12.48,33312,青竹峰大管家,现,0.077,pending
00:22:12.48,33312,青竹峰大管家,xiaoxuxiu,0.655,low_conf
00:22:12.48,33312,青竹峰大管家,稻小圆头,0.307,pending
00:22:12.48,33312,青竹峰大管家,假值体验卡,0.503,pending
00:22:12.48,33312,青竹峰大管家,某科,0.584,pending
00:22:12.48,33312,青竹峰大管家,GTAtal7,0.604,low_conf
00:22:12.48,33312,青竹峰大管家,xi,0.36,pending
00:22:12.48,33312,青竹峰大管家,但原地获雨,0.536,pending
00:22:12.48,33312,青竹峰大管家,绒默途,0.521,pending
00:22:12.48,33312,青竹峰大管家,某魏,0.22,pending
00:22:12.48,33312,青竹峰大管家,屑羞脸哎嘿,0.508,pending
00:22:12.48,33312,青竹峰大管家,自律西瓜,0.689,low_conf
00:22:12.48,33312,青竹峰大管家,GTA,0.67,low_conf
00:22:12.48,33312,青竹峰大管家,XimeN!,0.657,low_conf
00:22:12.48,33312,青竹峰大管家,但送大有,0.239,pending
00:22:12.48,33312,青竹峰大管家,验救圾说主宴,0.303,pending
00:22:12.48,33312,青竹峰大管家,母惠,0.173,pending
00:22:12.48,33312,青竹峰大管家,自青川,0.747,low_conf
00:22:12.48,33312,青竹峰大管家,xioth,0.591,pending
00:22:12.48,33312,青竹峰大管家,澳珠惊毛谁,0.22,pending
00:22:12.48,33312,青竹峰大管家,捡孕圾的,0.426,pending
00:22:12.48,33312,青竹峰大管家,母猪,0.565,pending
00:22:12.48,33312,青竹峰大管家,尽子哦,0.456,pending
00:22:12.48,33312,青竹峰大管家,自然的馒头,0.733,low_conf
00:22:12.48,33312,青竹峰大管家,Guardisar,0.721,low_conf
00:22:12.48,33312,青竹峰大管家,XIXIOS,0.535,pending
00:22:12.48,33312,青竹峰大管家,淡淡的看谁,0.625,low_conf
00:22:12.48,33312,青竹峰大管家,将单的用师,0.671,low_conf
00:22:12.48,33312,青竹峰大管家,未木得,0.255,pending
00:22:12.48,33312,青竹峰大管家,XR1212e,0.499,pending
00:22:12.48,33312,青竹峰大管家,简特纳的等,0.637,low_conf
00:22:12.48,33312,青竹峰大管家,未等！,0.269,pending
00:22:12.48,33312,青竹峰大管家,泰勒良,0.68,low_conf
00:22:12.48,33312,青竹峰大管家,心甘场,0.491,pending
00:22:12.48,33312,青竹峰大管家,Gumurulyi,0.65,low_conf
00:22:12.48,33312,青竹峰大管家,XR127,0.7,low_conf
00:22:12.48,33312,青竹峰大管家,淡透的,0.558,pending
00:22:12.48,33312,青竹峰大管家,简特萌的猫,0.498,pending
00:22:12.48,33312,青竹峰大管家,柔某,0.382,pending
00:22:12.48,33312,青竹峰大管家,贪梦,0.549,pending
00:22:12.48,33312,青竹峰大管家,h-mingx,0.636,low_conf
00:22:12.48,33312,青竹峰大管家,xs,0.263,pending
00:22:12.48,33312,青竹峰大管家,淡然新雨,0.68,low_conf
00:22:12.48,33312,青竹峰大管家,创哈猫,0.249,pending
00:22:12.48,33312,青竹峰大管家,朵柔,0.349,pending
00:22:12.48,33312,青竹峰大管家,心无所特、,0.717,low_conf
00:22:12.48,33312,青竹峰大管家,hn3inted,0.718,low_conf
00:22:12.48,33312,青竹峰大管家,XITSX,0.508,pending
00:22:12.48,33312,青竹峰大管家,淡然如新,0.514,pending
00:22:12.48,33312,青竹峰大管家,创,0.153,pending
00:22:12.48,33312,青竹峰大管家,柔车,0.456,pending
00:22:12.48,33312,青竹峰大管家,食欲,0.559,pending
00:22:12.48,33312,青竹峰大管家,心武笑,0.584,pending
00:22:12.48,33312,青竹峰大管家,x要1988,0.688,low_conf
00:22:12.48,33312,青竹峰大管家,蛋饼摊,0.638,low_conf
00:22:12.48,33312,青竹峰大管家,剑前痕,0.544,pending
00:22:12.48,33312,青竹峰大管家,木琴,0.364,pending
00:22:12.48,33312,青竹峰大管家,檀cc.,0.34,pending
00:22:12.48,33312,青竹峰大管家,子书青,0.746,low_conf
00:22:12.48,33312,青竹峰大管家,halbiar,0.71,low_conf
00:22:12.48,33312,青竹峰大管家,xuanick,0.693,low_conf
00:22:12.48,33312,青竹峰大管家,蛋蚕瓜,0.491,pending
00:22:12.48,33312,青竹峰大管家,剑印场,0.565,pending
00:22:12.48,33312,青竹峰大管家,木森,0.485,pending
00:22:12.48,33312,青竹峰大管家,檀先生的姐己,0.663,low_conf
00:22:12.48,33312,青竹峰大管家,hao读,0.576,pending
00:22:12.48,33312,青竹峰大管家,xuerink,0.657,low_conf
00:22:12.48,33312,青竹峰大管家,着阿符的,0.709,low_conf
00:22:12.48,33312,青竹峰大管家,健康on1,0.64,low_conf
00:22:12.48,33312,青竹峰大管家,未上,0.441,pending
00:22:12.48,33312,青竹峰大管家,心逸,0.656,low_conf
00:22:12.48,33312,青竹峰大管家,鲸神,0.496,pending
00:22:12.48,33312,青竹峰大管家,Hanabng,0.717,low_conf
00:22:12.48,33312,青竹峰大管家,xurshi8,0.645,low_conf
00:22:12.48,33312,青竹峰大管家,当捐须能得的养,0.569,pending
00:22:12.48,33312,青竹峰大管家,柔高,0.382,pending
00:22:12.48,33312,青竹峰大管家,汤烫糖唐,0.72,low_conf
00:22:12.48,33312,青竹峰大管家,Hancong,0.55,pending
00:22:12.48,33312,青竹峰大管家,xxxh188x,0.681,low_conf
00:22:12.48,33312,青竹峰大管家,当妖不就能得到,0.708,low_conf
00:22:12.48,33312,青竹峰大管家,健康沙漆,0.677,low_conf
00:22:12.48,33312,青竹峰大管家,柔多,0.317,pending
00:22:12.48,33312,青竹峰大管家,汤团猪,0.745,low_conf
00:22:12.48,33312,青竹峰大管家,心之味比,0.737,low_conf
00:22:12.48,33312,青竹峰大管家,总有刁民想害朕p,0.73,low_conf
00:22:12.48,33312,青竹峰大管家,HANDbE,0.535,pending
00:22:12.48,33312,青竹峰大管家,xxbisibxks,0.597,pending
00:22:12.48,33312,青竹峰大管家,当时谁是冠,0.519,pending
00:22:12.48,33312,青竹峰大管家,健康城,0.693,low_conf
00:22:12.48,33312,青竹峰大管家,未恰,0.312,pending
00:22:12.48,33312,青竹峰大管家,纵不思,0.74,low_conf
00:22:12.48,33312,青竹峰大管家,HanghhhEN,0.609,low_conf
00:22:12.48,33312,青竹峰大管家,xysellioxkson,0.64,low_conf
00:22:12.48,33312,青竹峰大管家,学的谁辞花,0.478,pending
00:22:12.48,33312,青竹峰大管家,健全城散步,0.546,pending
00:22:12.48,33312,青竹峰大管家,柔纸,0.446,pending
00:22:12.48,33312,青竹峰大管家,辛耶,0.623,low_conf
00:22:12.48,33312,青竹峰大管家,xyxe,0.496,pending
00:22:12.48,33312,青竹峰大管家,家润茅花,0.161,pending
00:22:12.48,33312,青竹峰大管家,江非大,0.327,pending
00:22:12.48,33312,青竹峰大管家,自观,0.58,pending
00:22:12.48,33312,青竹峰大管家,昕绮汀,0.728,low_conf
00:22:12.48,33312,青竹峰大管家,hanyannans,0.733,low_conf
00:22:12.48,33312,青竹峰大管家,Xzhunger,0.687,low_conf
00:22:12.48,33312,青竹峰大管家,深请和情情,0.431,pending
00:22:12.48,33312,青竹峰大管家,江泰生,0.324,pending
00:22:12.48,33312,青竹峰大管家,昌光,0.408,pending
00:22:12.48,33312,青竹峰大管家,Haze,0.518,pending
00:22:12.48,33312,青竹峰大管家,ung,0.598,pending
00:22:12.48,33312,青竹峰大管家,汤汤和情信,0.677,low_conf
00:22:12.48,33312,青竹峰大管家,江边客0,0.5,pending
00:22:12.48,33312,青竹峰大管家,沐柏,0.378,pending
00:22:12.48,33312,青竹峰大管家,唐宗李世民,0.728,low_conf
00:22:12.48,33312,青竹峰大管家,欣言木水,0.623,low_conf
00:22:12.48,33312,青竹峰大管家,Xata,0.497,pending
00:22:12.48,33312,青竹峰大管家,汤漾时,0.446,pending
00:22:12.48,33312,青竹峰大管家,汁风菜,0.494,pending
00:22:12.48,33312,青竹峰大管家,深霜,0.504,pending
00:22:12.48,33312,青竹峰大管家,走进莫斯科,0.728,low_conf
00:22:12.48,33312,青竹峰大管家,HEEDE,0.207,pending
00:22:12.48,33312,青竹峰大管家,Yahtlo,0.51,pending
00:22:12.48,33312,青竹峰大管家,刀,0.168,pending
00:22:12.48,33312,青竹峰大管家,江翰森作品,0.711,low_conf
00:22:12.48,33312,青竹峰大管家,沐歌,0.66,low_conf
00:22:12.48,33312,青竹峰大管家,棠梨煎雪杉,0.74,low_conf
00:22:12.48,33312,青竹峰大管家,新聪爱,0.749,low_conf
00:22:12.48,33312,青竹峰大管家,HDispety,0.679,low_conf
00:22:12.48,33312,青竹峰大管家,江河呼海,0.548,pending
00:22:12.48,33312,青竹峰大管家,沐沐,0.466,pending
00:22:12.48,33312,青竹峰大管家,走上,0.469,pending
00:22:12.48,33312,青竹峰大管家,HDisnetatoo,0.743,low_conf
00:22:12.48,33312,青竹峰大管家,yangihezxis,0.661,low_conf
00:22:12.48,33312,青竹峰大管家,力菱视域,0.401,pending
00:22:12.48,33312,青竹峰大管家,江湖大称大,0.618,low_conf
00:22:12.48,33312,青竹峰大管家,深,0.347,pending
00:22:12.48,33312,青竹峰大管家,赶真,0.273,pending
00:22:12.48,33312,青竹峰大管家,Yao的学,0.398,pending
00:22:12.48,33312,青竹峰大管家,刀塔加松露,0.641,low_conf
00:22:12.48,33312,青竹峰大管家,江滩之水都汇,0.668,low_conf
00:22:12.48,33312,青竹峰大管家,沐雪,0.489,pending
00:22:12.48,33312,青竹峰大管家,糖油果油,0.675,low_conf
00:22:12.48,33312,青竹峰大管家,新开噗噗,0.668,low_conf
00:22:12.48,33312,青竹峰大管家,爵踩蕉皮,0.444,pending
00:22:12.48,33312,青竹峰大管家,heenven33,0.681,low_conf
00:22:12.48,33312,青竹峰大管家,yao．的小,0.604,low_conf
00:22:12.48,33312,青竹峰大管家,功,0.167,pending
00:22:12.48,33312,青竹峰大管家,江江江江都,0.625,low_conf
00:22:12.48,33312,青竹峰大管家,最爱迷,0.627,low_conf
00:22:12.48,33312,青竹峰大管家,YabYeats,0.726,low_conf
00:22:12.48,33312,青竹峰大管家,eeha,0.65,low_conf
00:22:12.48,33312,青竹峰大管家,江四第江鹤,0.546,pending
00:22:12.48,33312,青竹峰大管家,沐叶,0.64,low_conf
00:22:12.48,33312,青竹峰大管家,最骨泡,0.457,pending
00:22:12.48,33312,青竹峰大管家,Helerm,0.673,low_conf
00:22:12.48,33312,青竹峰大管家,YD的吉娃娃,0.677,low_conf
00:22:12.48,33312,青竹峰大管家,村持en,0.2,pending
00:22:12.48,33312,青竹峰大管家,江岛无意漆康,0.468,pending
00:22:12.48,33312,青竹峰大管家,沐雨,0.662,low_conf
00:22:12.48,33312,青竹峰大管家,馨素小妖,0.499,pending
00:22:12.48,33312,青竹峰大管家,么名字好,0.674,low_conf
00:22:12.48,33312,青竹峰大管家,Yel的sin,0.517,pending
00:22:12.48,33312,青竹峰大管家,到村抢片气,0.413,pending
00:22:12.48,33312,青竹峰大管家,江小,0.595,pending
00:22:12.48,33312,青竹峰大管家,深月,0.461,pending
00:22:12.48,33312,青竹峰大管家,逃离晴天,0.685,low_conf
00:22:12.48,33312,青竹峰大管家,新小面,0.739,low_conf
00:22:12.48,33312,青竹峰大管家,heLLCA12333,0.733,low_conf
00:22:12.48,33312,青竹峰大管家,Yeldsn告,0.643,low_conf
00:22:12.48,33312,青竹峰大管家,到版超人奖,0.513,pending
00:22:12.48,33312,青竹峰大管家,江小蔡,0.503,pending
00:22:12.48,33312,青竹峰大管家,牧少,0.635,low_conf
00:22:12.48,33312,青竹峰大管家,桃,0.492,pending
00:22:12.48,33312,青竹峰大管家,薪释,0.666,low_conf
00:22:12.48,33312,青竹峰大管家,最光荫,0.624,low_conf
00:22:12.48,33312,青竹峰大管家,Yeung,0.71,low_conf
00:22:12.48,33312,青竹峰大管家,适版题人mpan,0.533,pending
00:22:12.48,33312,青竹峰大管家,江心秋目白,0.574,pending
00:22:12.48,33312,青竹峰大管家,牧特,0.664,low_conf
00:22:12.48,33312,青竹峰大管家,最后的轻语、,0.737,low_conf
00:22:16.16,33404,青竹峰大管家,bhhhhtt,0.565,pending
00:22:16.16,33404,青竹峰大管家,道友不用送,0.648,low_conf
00:22:16.16,33404,青竹峰大管家,慕寒,0.648,low_conf
00:22:16.16,33404,青竹峰大管家,星杰烦了,0.552,pending
00:22:16.16,33404,青竹峰大管家,hhh士奇先生,0.689,low_conf
00:22:16.16,33404,青竹峰大管家,YInZF,0.524,pending
00:22:16.16,33404,青竹峰大管家,道-域,0.664,low_conf
00:22:16.16,33404,青竹峰大管家,慕沛,0.657,low_conf
00:22:16.16,33404,青竹峰大管家,hi sVVid,0.557,pending
00:22:16.16,33404,青竹峰大管家,烟,0.135,pending
00:22:16.16,33404,青竹峰大管家,蒋缺水,0.696,low_conf
00:22:16.16,33404,青竹峰大管家,慕容,0.658,low_conf
00:22:16.16,33404,青竹峰大管家,hidez,0.595,pending
00:22:16.16,33404,青竹峰大管家,羽环,0.575,pending
00:22:16.16,33404,青竹峰大管家,道simon,0.682,low_conf
00:22:16.16,33404,青竹峰大管家,降狱のRORO,0.713,low_conf
00:22:16.16,33404,青竹峰大管家,慕容！,0.679,low_conf
00:22:16.16,33404,青竹峰大管家,桃雨溪,0.748,low_conf
00:22:16.16,33404,青竹峰大管家,星斗南,0.704,low_conf
00:22:16.16,33404,青竹峰大管家,hiroe730,0.74,low_conf
00:22:16.16,33404,青竹峰大管家,YJHH,0.708,low_conf
00:22:16.16,33404,青竹峰大管家,酱堡巧克哩,0.731,low_conf
00:22:16.16,33404,青竹峰大管家,Hiz刘谦,0.682,low_conf
00:22:16.16,33404,青竹峰大管家,德尔,0.381,pending
00:22:16.16,33404,青竹峰大管家,慕蓉,0.66,low_conf
00:22:16.16,33404,青竹峰大管家,H白水术,0.516,pending
00:22:16.16,33404,青竹峰大管家,Vmhe,0.625,low_conf
00:22:16.16,33404,青竹峰大管家,慕雪,0.654,low_conf
00:22:16.16,33404,青竹峰大管家,hi傻水,0.641,low_conf
00:22:16.16,33404,青竹峰大管家,YMI影芝,0.713,low_conf
00:22:16.16,33404,青竹峰大管家,地精很萌,0.666,low_conf
00:22:16.16,33404,青竹峰大管家,酱油Q晨,0.637,low_conf
00:22:16.16,33404,青竹峰大管家,慕渔,0.657,low_conf
00:22:16.16,33404,青竹峰大管家,Hi俊能弟,0.509,pending
00:22:16.16,33404,青竹峰大管家,慕、,0.325,pending
00:22:16.16,33404,青竹峰大管家,特访者,0.749,low_conf
00:22:16.16,33404,青竹峰大管家,星回月十二,0.663,low_conf
00:22:16.16,33404,青竹峰大管家,l小熊,0.376,pending
00:22:16.16,33404,青竹峰大管家,Yongs,0.698,low_conf
00:22:16.16,33404,青竹峰大管家,地球小滑狗,0.734,low_conf
00:22:16.16,33404,青竹峰大管家,酱字辈的舟,0.704,low_conf
00:22:16.16,33404,青竹峰大管家,暮不,0.471,pending
00:22:16.16,33404,青竹峰大管家,星魂猪猪,0.729,low_conf
00:22:16.16,33404,青竹峰大管家,Yopilus,0.584,pending
00:22:16.16,33404,青竹峰大管家,骄傲的布鲁,0.737,low_conf
00:22:16.16,33404,青竹峰大管家,-暮光,0.612,low_conf
00:22:16.16,33404,青竹峰大管家,hkkkkss,0.749,low_conf
00:22:16.16,33404,青竹峰大管家,YOR 1ch,0.662,low_conf
00:22:16.16,33404,青竹峰大管家,地月系,0.714,low_conf
00:22:16.16,33404,青竹峰大管家,暮色,0.566,pending
00:22:16.16,33404,青竹峰大管家,HLL854R路人,0.743,low_conf
00:22:16.16,33404,青竹峰大管家,校猬小子玄骨,0.684,low_conf
00:22:16.16,33404,青竹峰大管家,暮夜！,0.642,low_conf
00:22:16.16,33404,青竹峰大管家,提利昂,0.742,low_conf
00:22:16.16,33404,青竹峰大管家,Hmor123g,0.662,low_conf
00:22:16.16,33404,青竹峰大管家,Yotoog,0.713,low_conf
00:22:16.16,33404,青竹峰大管家,灯火熄明夜,0.731,low_conf
00:22:16.16,33404,青竹峰大管家,暮雨,0.554,pending
00:22:16.16,33404,青竹峰大管家,醉长苏,0.748,low_conf
00:22:16.16,33404,青竹峰大管家,灯火幽灵,0.564,pending
00:22:16.16,33404,青竹峰大管家,脚滑的分字,0.659,low_conf
00:22:16.16,33404,青竹峰大管家,提斯尼,0.71,low_conf
00:22:16.16,33404,青竹峰大管家,nxwy,0.545,pending
00:22:16.16,33404,青竹峰大管家,灯下拾贝君,0.684,low_conf
00:22:16.16,33404,青竹峰大管家,脚滑的小子,0.734,low_conf
00:22:16.16,33404,青竹峰大管家,穆懿,0.649,low_conf
00:22:16.16,33404,青竹峰大管家,yowey,0.554,pending
00:22:16.16,33404,青竹峰大管家,灯心驾,0.673,low_conf
00:22:16.16,33404,青竹峰大管家,嗯嗮,0.293,pending
00:22:16.16,33404,青竹峰大管家,星岚雪,0.744,low_conf
00:22:16.16,33404,青竹峰大管家,yoyui,0.694,low_conf
00:22:16.16,33404,青竹峰大管家,灯月烧,0.616,low_conf
00:22:16.16,33404,青竹峰大管家,叫我川页就女,0.728,low_conf
00:22:16.16,33404,青竹峰大管家,嗯嗯！,0.5,pending
00:22:16.16,33404,青竹峰大管家,星柒骝,0.734,low_conf
00:22:16.16,33404,青竹峰大管家,yo琳的带土,0.705,low_conf
00:22:16.16,33404,青竹峰大管家,登出者Rys,0.734,low_conf
00:22:16.16,33404,青竹峰大管家,哪来,0.663,low_conf
00:22:16.16,33404,青竹峰大管家,星祁,0.665,low_conf
00:22:16.16,33404,青竹峰大管家,左近L,0.586,pending
00:22:16.16,33404,青竹峰大管家,Howisavlor,0.734,low_conf
00:22:16.16,33404,青竹峰大管家,Y-O,0.405,pending
00:22:16.16,33404,青竹峰大管家,等待董姆苏醒的每,0.706,low_conf
00:22:16.16,33404,青竹峰大管家,哪里,0.628,low_conf
00:22:16.16,33404,青竹峰大管家,HPW,0.371,pending
00:22:16.16,33404,青竹峰大管家,yayih,0.641,low_conf
00:22:16.16,33404,青竹峰大管家,等风的目子nice,0.703,low_conf
00:22:16.16,33404,青竹峰大管家,叫我黄岛主6,0.713,low_conf
00:22:16.16,33404,青竹峰大管家,那,0.495,pending
00:22:16.16,33404,青竹峰大管家,星颂KK,0.695,low_conf
00:22:16.16,33404,青竹峰大管家,左那米右紫录,0.639,low_conf
00:22:16.16,33404,青竹峰大管家,那个,0.663,low_conf
00:22:16.16,33404,青竹峰大管家,左注凝右,0.534,pending
00:22:16.16,33404,青竹峰大管家,天秤云翼,0.707,low_conf
00:22:16.16,33404,青竹峰大管家,左有至and银豆,0.566,pending
00:22:16.16,33404,青竹峰大管家,Yt凡人传,0.661,low_conf
00:22:16.16,33404,青竹峰大管家,等一直爆,0.718,low_conf
00:22:16.16,33404,青竹峰大管家,叫我晓明就,0.731,low_conf
00:22:16.16,33404,青竹峰大管家,那個,0.656,low_conf
00:22:16.16,33404,青竹峰大管家,左存者,0.382,pending
00:22:16.16,33404,青竹峰大管家,叫我仲基响,0.683,low_conf
00:22:16.16,33404,青竹峰大管家,那就,0.666,low_conf
00:22:16.16,33404,青竹峰大管家,星夜12du,0.745,low_conf
00:22:16.16,33404,青竹峰大管家,作伴看克,0.383,pending
00:22:16.16,33404,青竹峰大管家,ht蹦,0.663,low_conf
00:22:16.16,33404,青竹峰大管家,那句,0.643,low_conf
00:22:16.16,33404,青竹峰大管家,天河梦璃,0.723,low_conf
00:22:16.16,33404,青竹峰大管家,星云七,0.744,low_conf
00:22:16.16,33404,青竹峰大管家,作业俊说减肥啦,0.594,pending
00:22:16.16,33404,青竹峰大管家,低古拉斯气压,0.733,low_conf
00:22:16.16,33404,青竹峰大管家,叫小墨,0.527,pending
00:22:16.16,33404,青竹峰大管家,那抹,0.666,low_conf
00:22:16.16,33404,青竹峰大管家,星子云,0.617,low_conf
00:22:16.16,33404,青竹峰大管家,年来道说的你也信,0.616,low_conf
00:22:16.16,33404,青竹峰大管家,Yukoo蒸蒸zzz,0.72,low_conf
00:22:16.16,33404,青竹峰大管家,低龄少年,0.749,low_conf
00:22:16.16,33404,青竹峰大管家,那年,0.665,low_conf
00:22:16.16,33404,青竹峰大管家,天狐小空幻,0.705,low_conf
00:22:16.16,33404,青竹峰大管家,猩空,0.66,low_conf
00:22:16.16,33404,青竹峰大管家,做个纯镜的人,0.671,low_conf
00:22:16.16,33404,青竹峰大管家,hychaz,0.748,low_conf
00:22:16.16,33404,青竹峰大管家,那破！,0.581,pending
00:22:16.16,33404,青竹峰大管家,做啥自見梦呢,0.735,low_conf
00:22:16.16,33404,青竹峰大管家,hyc 13,0.616,low_conf
00:22:16.16,33404,青竹峰大管家,滴您好,0.741,low_conf
00:22:16.16,33404,青竹峰大管家,那是,0.666,low_conf
00:22:16.16,33404,青竹峰大管家,邢部弦子,0.748,low_conf
00:22:16.16,33404,青竹峰大管家,优璀,0.226,pending
00:22:16.16,33404,青竹峰大管家,狄莱,0.535,pending
00:22:16.16,33404,青竹峰大管家,杰塞,0.399,pending
00:22:16.16,33404,青竹峰大管家,那-瞬,0.737,low_conf
00:22:16.16,33404,青竹峰大管家,沐生,0.625,low_conf
00:22:19.84,33496,青竹峰大管家,荻海,0.659,low_conf
00:22:19.84,33496,青竹峰大管家,茱骜的晨风,0.603,low_conf
00:22:19.84,33496,青竹峰大管家,奶爸,0.666,low_conf
00:22:19.84,33496,青竹峰大管家,天冷兮兮,0.682,low_conf
00:22:19.84,33496,青竹峰大管家,桀桀桀我是求,0.596,pending
00:22:19.84,33496,青竹峰大管家,奶里,0.644,low_conf
00:22:19.84,33496,青竹峰大管家,幸福的熊患,0.729,low_conf
00:22:19.84,33496,青竹峰大管家,YZIiLYHHHHHH,0.707,low_conf
00:22:19.84,33496,青竹峰大管家,奶糖,0.667,low_conf
00:22:19.84,33496,青竹峰大管家,y小翼y,0.697,low_conf
00:22:19.84,33496,青竹峰大管家,帝王家,0.675,low_conf
00:22:19.84,33496,青竹峰大管家,桀桀2333,0.722,low_conf
00:22:19.84,33496,青竹峰大管家,奶香,0.666,low_conf
00:22:19.84,33496,青竹峰大管家,解之南,0.73,low_conf
00:22:19.84,33496,青竹峰大管家,奶学,0.666,low_conf
00:22:19.84,33496,青竹峰大管家,天南双圣,0.687,low_conf
00:22:19.84,33496,青竹峰大管家,[夜愿,0.529,pending
00:22:19.84,33496,青竹峰大管家,Y袁Y圈圈,0.587,pending
00:22:19.84,33496,青竹峰大管家,荠末汤圆…,0.599,pending
00:22:19.84,33496,青竹峰大管家,奈丝,0.654,low_conf
00:22:19.84,33496,青竹峰大管家,蒂法湿,0.727,low_conf
00:22:19.84,33496,青竹峰大管家,男孩,0.657,low_conf
00:22:19.84,33496,青竹峰大管家,-th-,0.59,pending
00:22:19.84,33496,青竹峰大管家,男人,0.664,low_conf
00:22:19.84,33496,青竹峰大管家,沙湖萝卜须,0.746,low_conf
00:22:19.84,33496,青竹峰大管家,zaltto,0.688,low_conf
00:22:19.84,33496,青竹峰大管家,南北,0.557,pending
00:22:19.84,33496,青竹峰大管家,性感六,0.749,low_conf
00:22:19.84,33496,青竹峰大管家,C轻风,0.624,low_conf
00:22:19.84,33496,青竹峰大管家,今天喝阿嬷,0.741,low_conf
00:22:19.84,33496,青竹峰大管家,南部,0.663,low_conf
00:22:19.84,33496,青竹峰大管家,点雨落山凰,0.695,low_conf
00:22:19.84,33496,青竹峰大管家,-南赐,0.746,low_conf
00:22:19.84,33496,青竹峰大管家,天鸟的向往,0.718,low_conf
00:22:19.84,33496,青竹峰大管家,1,0.187,pending
00:22:19.84,33496,青竹峰大管家,点、大人,0.646,low_conf
00:22:19.84,33496,青竹峰大管家,南方,0.545,pending
00:22:19.84,33496,青竹峰大管家,天遣神责,0.73,low_conf
00:22:19.84,33496,青竹峰大管家,苏莫莫(,0.559,pending
00:22:19.84,33496,青竹峰大管家,iovoi.,0.658,low_conf
00:22:19.84,33496,青竹峰大管家,点、滴di,0.742,low_conf
00:22:19.84,33496,青竹峰大管家,南风,0.655,low_conf
00:22:19.84,33496,青竹峰大管家,天然呆vvvv,0.622,low_conf
00:22:19.84,33496,青竹峰大管家,乃爱,0.654,low_conf
00:22:19.84,33496,青竹峰大管家,今天没啥劲哪,0.707,low_conf
00:22:19.84,33496,青竹峰大管家,白,0.254,pending
00:22:19.84,33496,青竹峰大管家,Iris1小寒,0.743,low_conf
00:22:19.84,33496,青竹峰大管家,今天上课忘吉,0.702,low_conf
00:22:19.84,33496,青竹峰大管家,城南旧事,0.719,low_conf
00:22:19.84,33496,青竹峰大管家,南歌,0.666,low_conf
00:22:19.84,33496,青竹峰大管家,熊猫早川,0.722,low_conf
00:22:19.84,33496,青竹峰大管家,南宫,0.663,low_conf
00:22:19.84,33496,青竹峰大管家,天随风V7,0.726,low_conf
00:22:19.84,33496,青竹峰大管家,熊熊兽,0.659,low_conf
00:22:19.84,33496,青竹峰大管家,南宫,0.657,low_conf
00:22:19.84,33496,青竹峰大管家,休小言,0.743,low_conf
00:22:19.84,33496,青竹峰大管家,吊锤皮皮虎,0.681,low_conf
00:22:19.84,33496,青竹峰大管家,南国,0.66,low_conf
00:22:19.84,33496,青竹峰大管家,天堂之舞,0.745,low_conf
00:22:19.84,33496,青竹峰大管家,阿甘1:,0.51,pending
00:22:19.84,33496,青竹峰大管家,调包君,0.74,low_conf
00:22:19.84,33496,青竹峰大管家,南海）,0.612,low_conf
00:22:19.84,33496,青竹峰大管家,修道修仙,0.703,low_conf
00:22:19.84,33496,青竹峰大管家,此企谷-八幡[,0.716,low_conf
00:22:19.84,33496,青竹峰大管家,金梦曦,0.748,low_conf
00:22:19.84,33496,青竹峰大管家,南航,0.658,low_conf
00:22:19.84,33496,青竹峰大管家,迷来,0.185,pending
00:22:19.84,33496,青竹峰大管家,南鹤！,0.665,low_conf
00:22:19.84,33496,青竹峰大管家,小至子nb,0.549,pending
00:22:19.84,33496,青竹峰大管家,Zion6,0.694,low_conf
00:22:19.84,33496,青竹峰大管家,叠翠星,0.726,low_conf
00:22:19.84,33496,青竹峰大管家,金色の閃光,0.701,low_conf
00:22:19.84,33496,青竹峰大管家,南汇,0.556,pending
00:22:19.84,33496,青竹峰大管家,Jiun,0.667,low_conf
00:22:19.84,33496,青竹峰大管家,于二煎饺,0.585,pending
00:22:19.84,33496,青竹峰大管家,南娇,0.666,low_conf
00:22:19.84,33496,青竹峰大管家,袖雪千里,0.731,low_conf
00:22:19.84,33496,青竹峰大管家,Jackhuo1983,0.748,low_conf
00:22:19.84,33496,青竹峰大管家,叮叮于十=,0.592,pending
00:22:19.84,33496,青竹峰大管家,南街,0.666,low_conf
00:22:19.84,33496,青竹峰大管家, 嗅爱吃肉,0.677,low_conf
00:22:19.84,33496,青竹峰大管家,筋骨师父,0.731,low_conf
00:22:19.84,33496,青竹峰大管家,南柯,0.665,low_conf
00:22:19.84,33496,青竹峰大管家,南林,0.665,low_conf
00:22:19.84,33496,青竹峰大管家,锦开区,0.747,low_conf
00:22:19.84,33496,青竹峰大管家,南陵,0.666,low_conf
00:22:19.84,33496,青竹峰大管家,虚空神殿,0.707,low_conf
00:22:19.84,33496,青竹峰大管家,南门,0.666,low_conf
00:22:19.84,33496,青竹峰大管家,需要元气的硬币,0.747,low_conf
00:22:19.84,33496,青竹峰大管家,劲人宇,0.722,low_conf
00:22:19.84,33496,青竹峰大管家,南派,0.535,pending
00:22:19.84,33496,青竹峰大管家,徐傲筱,0.746,low_conf
00:22:23.52,33588,青竹峰大管家,东东渺渺,0.747,low_conf
00:22:23.52,33588,青竹峰大管家,南嫌,0.666,low_conf
00:22:23.52,33588,青竹峰大管家,天悬梦影,0.727,low_conf
00:22:23.52,33588,青竹峰大管家,东東姨,0.593,pending
00:22:23.52,33588,青竹峰大管家,南阳,0.65,low_conf
00:22:23.52,33588,玄阻岛修士,zx醉醒,0.633,low_conf
00:22:23.52,33588,玄阻岛修士,跌芬奇,0.718,low_conf
00:22:23.52,33588,玄阻岛修士,九离离,0.747,low_conf
00:22:23.52,33588,玄阻岛修士,达玲霖,0.302,pending
00:22:23.52,33588,玄阻岛修士,九漫摄,0.342,pending
00:22:23.52,33588,玄阻岛修士,那个表克,0.557,pending
00:22:23.52,33588,玄阻岛修士,涛tao涛涛涛,0.698,low_conf
00:22:23.52,33588,玄阻岛修士,美运使错的优惠卷版,0.503,pending
00:22:23.52,33588,玄阻岛修士,北龙,0.392,pending
00:22:23.52,33588,玄阻岛修士,九重神,0.622,low_conf
00:22:23.52,33588,玄阻岛修士,帮了部迈凯伦,0.683,low_conf
00:22:23.52,33588,玄阻岛修士,推evet,0.378,pending
00:22:23.52,33588,玄阻岛修士,炭北,0.397,pending
00:22:23.52,33588,玄阻岛修士,★窝主哈迪斯★,0.727,low_conf
00:22:23.52,33588,玄阻岛修士,东方球鸣,0.634,low_conf
00:22:23.52,33588,玄阻岛修士,久梦木,0.335,pending
00:22:23.52,33588,玄阻岛修士,纳塔机,0.469,pending
00:22:23.52,33588,玄阻岛修士,桃,0.473,pending
00:22:23.52,33588,玄阻岛修士,雄性海豚,0.619,low_conf
00:22:23.52,33588,玄阻岛修士,食堂阿姨手不抖,0.714,low_conf
00:22:23.52,33588,玄阻岛修士,Hub,0.394,pending
00:22:23.52,33588,玄阻岛修士,阿qihxy,0.706,low_conf
00:22:23.52,33588,玄阻岛修士,东方抄驹,0.587,pending
00:22:23.52,33588,玄阻岛修士,久学成,0.671,low_conf
00:22:23.52,33588,玄阻岛修士,男增款鸡涌,0.535,pending
00:22:23.52,33588,玄阻岛修士,雕性海豚冰三分糖,0.731,low_conf
00:22:23.52,33588,玄阻岛修士,食全,0.104,pending
00:22:23.52,33588,玄阻岛修士,hwabh,0.502,pending
00:22:23.52,33588,玄阻岛修士,阿吧就,0.745,low_conf
00:22:23.52,33588,玄阻岛修士,东方列,0.465,pending
00:22:23.52,33588,玄阻岛修士,久字,0.373,pending
00:22:23.52,33588,玄阻岛修士,男款鸡,0.662,low_conf
00:22:23.52,33588,玄阻岛修士,秘坏瘦子那条好腿,0.573,pending
00:22:23.52,33588,玄阻岛修士,熊小好的冰,0.325,pending
00:22:23.52,33588,玄阻岛修士,晕乃闪耀的芝十蛋挞,0.709,low_conf
00:22:23.52,33588,玄阻岛修士,hxh16zoz,0.633,low_conf
00:22:23.52,33588,玄阻岛修士,阿灯-,0.653,low_conf
00:22:23.52,33588,玄阻岛修士,东南一,0.33,pending
00:22:23.52,33588,玄阻岛修士,玖颗油,0.466,pending
00:22:23.52,33588,玄阻岛修士,天,0.021,pending
00:22:23.52,33588,玄阻岛修士,核不好的,0.469,pending
00:22:23.52,33588,玄阻岛修士,-音蛋强,0.463,pending
00:22:23.52,33588,玄阻岛修士,iamfa,0.634,low_conf
00:22:23.52,33588,玄阻岛修士,玖玖无,0.673,low_conf
00:22:23.52,33588,玄阻岛修士,天铜禁玻,0.261,pending
00:22:23.52,33588,玄阻岛修士,秒柔白菜,0.407,pending
00:22:23.52,33588,玄阻岛修士,稻草人,0.531,pending
00:22:23.52,33588,玄阻岛修士,阿尔法不吃饭,0.739,low_conf
00:22:23.52,33588,玄阻岛修士,非球光,0.146,pending
00:22:23.52,33588,玄阻岛修士,南风哟,0.381,pending
00:22:23.52,33588,玄阻岛修士,天润磨璃,0.267,pending
00:22:23.52,33588,玄阻岛修士,虚做,0.198,pending
00:22:23.52,33588,玄阻岛修士,13路31841,0.725,low_conf
00:22:23.52,33588,玄阻岛修士,icescamte,0.706,low_conf
00:22:23.52,33588,玄阻岛修士,动汽锁,0.295,pending
00:22:23.52,33588,玄阻岛修士,满花香,0.325,pending
00:22:23.52,33588,玄阻岛修士,南风嘲嘎相型,0.492,pending
00:22:23.52,33588,玄阻岛修士,天澜雁影塞,0.511,pending
00:22:23.52,33588,玄阻岛修士,徐微校,0.325,pending
00:22:27.20,33680,玄阻岛修士,inaru,0.656,low_conf
00:22:27.20,33680,玄阻岛修士,阿梨h,0.737,low_conf
00:22:27.20,33680,玄阻岛修士,纯纯里糖糖秘究,0.561,pending
00:22:27.20,33680,玄阻岛修士,就是阿,0.448,pending
00:22:27.20,33680,玄阻岛修士,南竹北路y,0.422,pending
00:22:27.20,33680,玄阻岛修士,天然呆嫩呜,0.616,low_conf
00:22:27.20,33680,玄阻岛修士,Isjims,0.609,low_conf
00:22:27.20,33680,玄阻岛修士,阿里郎爸,0.719,low_conf
00:22:27.20,33680,玄阻岛修士,S的大黄！,0.676,low_conf
00:22:27.20,33680,玄阻岛修士,无定鸟,0.215,pending
00:22:27.20,33680,玄阻岛修士,南方的夜,0.649,low_conf
00:22:27.20,33680,玄阻岛修士,天然味哦哦,0.657,low_conf
00:22:27.20,33680,玄阻岛修士,科的只,0.304,pending
00:22:27.20,33680,玄阻岛修士,桔槽少,0.422,pending
00:22:27.20,33680,玄阻岛修士,脑凋疼腹阔疼脑阔浆,0.634,low_conf
00:22:27.20,33680,玄阻岛修士,天蒸小凉粉,0.505,pending
00:22:27.20,33680,玄阻岛修士,i闲,0.362,pending
00:22:27.20,33680,玄阻岛修士,阿猫阿狗阿啊,0.708,low_conf
00:22:27.20,33680,玄阻岛修士,持包必还是节卖,0.629,low_conf
00:22:27.20,33680,玄阻岛修士,桔檀艺,0.327,pending
00:22:27.20,33680,玄阻岛修士,因阁疼肥,0.297,pending
00:22:27.20,33680,玄阻岛修士,天上院东存飞,0.507,pending
00:22:27.20,33680,玄阻岛修士,+最情薰定,0.194,pending
00:22:27.20,33680,玄阻岛修士,21,0.289,pending
00:22:27.20,33680,玄阻岛修士,呼哈险,0.302,pending
00:22:27.20,33680,玄阻岛修士,阿能你最厉割,0.646,low_conf
00:22:27.20,33680,玄阻岛修士,独爱陆连是,0.447,pending
00:22:27.20,33680,玄阻岛修士,精荐大,0.357,pending
00:22:27.20,33680,玄阻岛修士,天使院临到我身边吸,0.693,low_conf
00:22:27.20,33680,玄阻岛修士,玄骨老魔肃送,0.473,pending
00:22:27.20,33680,玄阻岛修士,呀哈哈,0.507,pending
00:22:27.20,33680,玄阻岛修士,阿能11,0.529,pending
00:22:27.20,33680,玄阻岛修士,独爱陆东案蓝,0.499,pending
00:22:27.20,33680,玄阻岛修士,橘子味,0.593,pending
00:22:27.20,33680,玄阻岛修士,妮能所呢,0.496,pending
00:22:27.20,33680,玄阻岛修士,天使网临,0.468,pending
00:22:27.20,33680,玄阻岛修士,玄膏卡人的遇,0.455,pending
00:22:27.20,33680,玄阻岛修士,JAUA核浆,0.657,low_conf
00:22:27.20,33680,玄阻岛修士,独断冷的瓷,0.657,low_conf
00:22:27.20,33680,玄阻岛修士,妮的拉咔伯爵,0.531,pending
00:22:27.20,33680,玄阻岛修士,天随花郎,0.462,pending
00:22:27.20,33680,玄阻岛修士,玄室子220,0.574,pending
00:22:27.20,33680,玄阻岛修士,JagA将ahar,0.675,low_conf
00:22:27.20,33680,玄阻岛修士,阿伊莎各公,0.472,pending
00:22:27.20,33680,玄阻岛修士,新中的,0.262,pending
00:22:27.20,33680,玄阻岛修士,奉,0.133,pending
00:22:27.20,33680,玄阻岛修士,尼克叔,0.255,pending
00:22:27.20,33680,玄阻岛修士,天星散修,0.459,pending
00:22:27.20,33680,玄阻岛修士,玄清岛22鹿营,0.531,pending
00:22:27.20,33680,玄阻岛修士,34500,0.578,pending
00:22:27.20,33680,玄阻岛修士,Jasen-samd,0.615,low_conf
00:22:27.20,33680,玄阻岛修士,阿乐们的夏天,0.666,low_conf
00:22:27.20,33680,玄阻岛修士,断更来雄,0.632,low_conf
00:22:27.20,33680,玄阻岛修士,其泽,0.331,pending
00:22:27.20,33680,玄阻岛修士,泥蔻大教啊,0.409,pending
00:22:27.20,33680,玄阻岛修士,天星城敏修落人,0.668,low_conf
00:22:27.20,33680,玄阻岛修士,玄阴,0.223,pending
00:22:27.20,33680,玄阻岛修士,阿崎啊小蔓茶,0.528,pending
00:22:27.20,33680,玄阻岛修士,断动,0.374,pending
00:22:27.20,33680,玄阻岛修士,请小,0.123,pending
00:22:27.20,33680,玄阻岛修士,亿要睡宽购,0.355,pending
00:22:27.20,33680,玄阻岛修士,大淮海用,0.387,pending
00:22:27.20,33680,玄阻岛修士,旋生,0.657,low_conf
00:22:27.20,33680,玄阻岛修士,3/枚3749,0.622,low_conf
00:22:27.20,33680,玄阻岛修士,jayHoo2520,0.63,low_conf
00:22:27.20,33680,玄阻岛修士,啊取个小學好烦,0.595,pending
00:22:27.20,33680,玄阻岛修士,队长勋感的宝,0.652,low_conf
00:22:27.20,33680,玄阻岛修士,蝶小,0.202,pending
00:22:27.20,33680,玄阻岛修士,你才是傻,0.707,low_conf
00:22:27.20,33680,玄阻岛修士,大佑猪,0.678,low_conf
00:22:27.20,33680,玄阻岛修士,薛肉,0.248,pending
00:22:27.20,33680,玄阻岛修士,3枚硬市,0.749,low_conf
00:22:27.20,33680,玄阻岛修士,jayles,0.723,low_conf
00:22:27.20,33680,玄阻岛修士,浆52,0.539,pending
00:22:27.20,33680,玄阻岛修士,多想慧感的宅,0.603,low_conf
00:22:27.20,33680,玄阻岛修士,峨纪商,0.241,pending
00:22:27.20,33680,玄阻岛修士,田花落,0.535,pending
00:22:27.20,33680,玄阻岛修士,3岁没10,0.449,pending
00:22:27.20,33680,玄阻岛修士,JC猫主,0.535,pending
00:22:27.20,33680,玄阻岛修士,番赛冰奶,0.52,pending
00:22:27.20,33680,玄阻岛修士,多喝热水少睾喉,0.677,low_conf
00:22:27.20,33680,玄阻岛修士,君珀,0.356,pending
00:22:27.20,33680,玄阻岛修士,由关,0.141,pending
00:22:27.20,33680,玄阻岛修士,Jeltin,0.518,pending
00:22:27.20,33680,玄阻岛修士,的韩老模,0.537,pending
00:22:27.20,33680,玄阻岛修士,多满福,0.747,low_conf
00:22:27.20,33680,玄阻岛修士,君古,0.178,pending
00:22:27.20,33680,玄阻岛修士,你看啊,0.676,low_conf
00:22:27.20,33680,玄阻岛修士,甜水不甜,0.672,low_conf
00:22:27.20,33680,玄阻岛修士,雪夜听雨,0.737,low_conf
00:22:27.20,33680,玄阻岛修士,爱把的韩老模,0.672,low_conf
00:22:27.20,33680,玄阻岛修士,君问忧,0.588,pending
00:22:27.20,33680,玄阻岛修士,5t5-,0.663,low_conf
00:22:27.20,33680,玄阻岛修士,ilifk,0.492,pending
00:22:27.20,33680,玄阻岛修士,爱吃泳皮的沙越耶,0.651,low_conf
00:22:27.20,33680,玄阻岛修士,呛厄呛呛,0.472,pending
00:22:27.20,33680,玄阻岛修士,君子豪,0.534,pending
00:22:27.20,33680,玄阻岛修士,条本环奈,0.681,low_conf
00:22:27.20,33680,玄阻岛修士,荀令飞,0.675,low_conf
00:22:27.20,33680,玄阻岛修士,耳东尘之,0.584,pending
00:22:27.20,33680,玄阻岛修士,菌是璃,0.728,low_conf
00:22:27.20,33680,玄阻岛修士,YYE,0.687,low_conf
00:22:27.20,33680,玄阻岛修士,爱吃的刺猫饼喵喵,0.725,low_conf
00:22:27.20,33680,玄阻岛修士,三次元饼干,0.733,low_conf
00:22:27.20,33680,玄阻岛修士,保哚“,0.336,pending
00:22:27.20,33680,玄阻岛修士,你是西米露,0.748,low_conf
00:22:27.20,33680,玄阻岛修士,鸭老魔,0.712,low_conf
00:22:27.20,33680,玄阻岛修士,爱吃风梨的嘀喵啡,0.531,pending
00:22:27.20,33680,玄阻岛修士,咖啡不,0.746,low_conf
00:22:27.20,33680,玄阻岛修士,听唔清你讲,0.74,low_conf
00:22:27.20,33680,玄阻岛修士,二狗家的土豆猫,0.747,low_conf
00:22:27.20,33680,玄阻岛修士,卡格耶,0.749,low_conf
00:22:27.20,33680,玄阻岛修士,7大熊,0.736,low_conf
00:22:27.20,33680,玄阻岛修士,三合四,0.731,low_conf
00:22:27.20,33680,玄阻岛修士,卡卡羽,0.704,low_conf
00:22:27.20,33680,玄阻岛修士,三奎，,0.503,pending
00:22:27.20,33680,玄阻岛修士,卡乐泡,0.746,low_conf
00:22:27.20,33680,玄阻岛修士,铜狮张,0.749,low_conf
00:22:27.20,33680,玄阻岛修士,烟酒猫,0.749,low_conf
00:22:27.20,33680,玄阻岛修士,三萌66,0.65,low_conf
00:22:27.20,33680,玄阻岛修士,卡其脱,0.744,low_conf
00:22:27.20,33680,玄阻岛修士,匿名的V,0.603,low_conf
00:22:27.20,33680,玄阻岛修士,言太多了,0.64,low_conf
00:22:27.20,33680,玄阻岛修士,isstbh,0.713,low_conf
00:22:27.20,33680,玄阻岛修士,卡哇伊！,0.618,low_conf
00:22:27.20,33680,玄阻岛修士,年糕尧,0.729,low_conf
00:22:27.20,33680,玄阻岛修士,瞳安安,0.683,low_conf
00:22:27.20,33680,玄阻岛修士,jun隆,0.69,low_conf
00:22:27.20,33680,玄阻岛修士,卡西法,0.748,low_conf
00:22:27.20,33680,玄阻岛修士,炎君云,0.745,low_conf
00:22:27.20,33680,玄阻岛修士,透剧,0.514,pending
00:22:27.20,33680,玄阻岛修士,开心的,0.748,low_conf
00:22:27.20,33680,玄阻岛修士,念头通脊,0.721,low_conf
00:22:27.20,33680,玄阻岛修士,突然开溜,0.732,low_conf
00:22:27.20,33680,玄阻岛修士,颜誓,0.555,pending
00:22:27.20,33680,玄阻岛修士,樊冷,0.667,low_conf
00:22:27.20,33680,玄阻岛修士,开原教,0.745,low_conf
00:22:27.20,33680,玄阻岛修士,突突湾壁,0.681,low_conf
00:22:27.20,33680,玄阻岛修士,开着绿,0.741,low_conf
00:22:27.20,33680,玄阻岛修士,聂离歌,0.712,low_conf
00:22:27.20,33680,玄阻岛修士,AAAaprilin,0.717,low_conf
00:22:27.20,33680,玄阻岛修士,兔A叽,0.615,low_conf
00:22:27.20,33680,玄阻岛修士,凯凯枫,0.741,low_conf
00:22:27.20,33680,玄阻岛修士,糯米子,0.748,low_conf
00:22:27.20,33680,玄阻岛修士,看的推,0.744,low_conf
00:22:30.88,33772,玄阻岛修士,可恶名,0.631,low_conf
00:22:30.88,33772,玄阻岛修士,安琪生,0.749,low_conf
00:22:30.88,33772,玄阻岛修士,可可,0.666,low_conf
00:22:30.88,33772,玄阻岛修士,AlzzW,0.691,low_conf
00:22:30.88,33772,玄阻岛修士,菲天熊,0.749,low_conf
00:22:30.88,33772,玄阻岛修士,可乐猪,0.749,low_conf
00:22:30.88,33772,玄阻岛修士,克依,0.627,low_conf
00:22:30.88,33772,玄阻岛修士,拍子达,0.695,low_conf
00:22:30.88,33772,玄阻岛修士,玩火上人,0.74,low_conf
00:22:30.88,33772,玄阻岛修士,刻骨铭,0.748,low_conf
00:22:30.88,33772,玄阻岛修士,kiliace,0.747,low_conf
00:22:30.88,33772,玄阻岛修士,废柴特,0.657,low_conf
00:22:30.88,33772,玄阻岛修士,刻叶紫,0.748,low_conf
00:22:30.88,33772,玄阻岛修士,咬人猿,0.736,low_conf
00:22:30.88,33772,玄阻岛修士,暗幽爵√,0.637,low_conf
00:22:30.88,33772,玄阻岛修士,焚星×,0.575,pending
00:22:30.88,33772,玄阻岛修士,空格空,0.726,low_conf
00:22:30.88,33772,玄阻岛修士,晚安喵,0.736,low_conf
00:22:30.88,33772,玄阻岛修士,空气中,0.72,low_conf
00:22:30.88,33772,玄阻岛修士,笙膜心,0.576,pending
00:22:30.88,33772,玄阻岛修士,要没時間了,0.731,low_conf
00:22:30.88,33772,玄阻岛修士,口地哥,0.747,low_conf
00:22:30.88,33772,玄阻岛修士,口水游,0.694,low_conf
00:22:30.88,33772,玄阻岛修士,皮蛋瘦瘦,0.714,low_conf
00:22:30.88,33772,玄阻岛修士,-萬语,0.726,low_conf
00:22:30.88,33772,玄阻岛修士,苦力怕,0.701,low_conf
00:22:30.88,33772,玄阻岛修士,皮卡七七77,0.739,low_conf
00:22:30.88,33772,玄阻岛修士,汪明泽,0.749,low_conf
00:22:30.88,33772,玄阻岛修士,叶香伦丶,0.693,low_conf
00:22:30.88,33772,玄阻岛修士,苦涩茶,0.745,low_conf
00:22:30.88,33772,玄阻岛修士,库-白,0.649,low_conf
00:22:30.88,33772,玄阻岛修士,裤汉丢,0.648,low_conf
00:22:30.88,33772,玄阻岛修士,夜色凄凄,0.745,low_conf
00:22:30.88,33772,玄阻岛修士,酷酷的,0.592,pending
00:22:30.88,33772,玄阻岛修士,夜星尘,0.644,low_conf
00:22:30.88,33772,玄阻岛修士,Kwip,0.747,low_conf
00:22:30.88,33772,玄阻岛修士,巴斯光年驾到,0.747,low_conf
00:22:30.88,33772,玄阻岛修士,缥缈濛龍,0.723,low_conf
00:22:30.88,33772,玄阻岛修士,王冷盐,0.71,low_conf
00:22:30.88,33772,玄阻岛修士,ars-zl,0.679,low_conf
00:22:30.88,33772,玄阻岛修士,拔灌王,0.705,low_conf
00:22:30.88,33772,玄阻岛修士,封寒江夜,0.713,low_conf
00:22:30.88,33772,玄阻岛修士,狂风般,0.737,low_conf
00:22:30.88,33772,玄阻岛修士,王世公,0.746,low_conf
00:22:30.88,33772,玄阻岛修士,狂热的,0.748,low_conf
00:22:30.88,33772,玄阻岛修士,乒论员,0.742,low_conf
00:22:30.88,33772,玄阻岛修士,王铁豆,0.745,low_conf
00:22:30.88,33772,玄阻岛修士,Lance浑,0.718,low_conf
00:22:30.88,33772,玄阻岛修士,幸雯癫癫,0.439,pending
00:22:30.88,33772,玄阻岛修士,矿山卡,0.749,low_conf
00:22:30.88,33772,玄阻岛修士,Asuril,0.686,low_conf
00:22:30.88,33772,玄阻岛修士,鄂华无言,0.702,low_conf
00:22:30.88,33772,玄阻岛修士,坤噶ku,0.744,low_conf
00:22:30.88,33772,玄阻岛修士,凤砀素,0.314,pending
00:22:30.88,33772,玄阻岛修士,坤子同,0.747,low_conf
00:22:30.88,33772,玄阻岛修士,忘记不起,0.729,low_conf
00:22:30.88,33772,玄阻岛修士,—杰西一,0.602,low_conf
00:22:30.88,33772,玄阻岛修士,昆仑紫,0.707,low_conf
00:22:30.88,33772,玄阻岛修士,忘美LL1,0.722,low_conf
00:22:30.88,33772,玄阻岛修士,Ayaji.,0.646,low_conf
00:22:30.88,33772,玄阻岛修士,白七竹,0.689,low_conf
00:22:30.88,33772,玄阻岛修士,腹黑小懒龙,0.677,low_conf
00:22:30.88,33772,玄阻岛修士,锟先生,0.609,low_conf
00:22:30.88,33772,玄阻岛修士,颗梅兹,0.745,low_conf
00:22:30.88,33772,玄阻岛修士,白日梦想家,0.745,low_conf
00:22:30.88,33772,玄阻岛修士,拉兹兰,0.706,low_conf
00:22:30.88,33772,玄阻岛修士,啦啦啦,0.701,low_conf
00:22:30.88,33772,玄阻岛修士,一块榨檬茶,0.658,low_conf
00:22:30.88,33772,玄阻岛修士,来回瞎,0.653,low_conf
00:22:30.88,33772,玄阻岛修士,一岚曦家,0.622,low_conf
00:22:30.88,33772,玄阻岛修士,来年结,0.737,low_conf
00:22:30.88,33772,玄阻岛修士,两二三四-,0.678,low_conf
00:22:30.88,33772,玄阻岛修士,来人Vs,0.637,low_conf
00:22:30.88,33772,玄阻岛修士,威乐乐,0.749,low_conf
00:22:30.88,33772,玄阻岛修士,一枚宝元,0.675,low_conf
00:22:30.88,33772,玄阻岛修士,A滕罗,0.603,low_conf
00:22:30.88,33772,玄阻岛修士,百百月,0.749,low_conf
00:22:30.88,33772,玄阻岛修士,来自大,0.656,low_conf
00:22:30.88,33772,玄阻岛修士,威仔小v,0.683,low_conf
00:22:30.88,33772,玄阻岛修士,一念安然Z,0.67,low_conf
00:22:30.88,33772,玄阻岛修士,杠杠）,0.48,pending
00:22:30.88,33772,玄阻岛修士,莱迪雅,0.681,low_conf
00:22:34.56,33864,玄阻岛修士,斑斓生命,0.738,low_conf
00:22:34.56,33864,玄阻岛修士,蓝心小,0.746,low_conf
00:22:34.56,33864,玄阻岛修士,奇刻,0.664,low_conf
00:22:34.56,33864,玄阻岛修士,蓝钰,0.662,low_conf
00:22:34.56,33864,玄阻岛修士,奇奇怪怪′,0.736,low_conf
00:22:34.56,33864,玄阻岛修士,澜月SEV,0.711,low_conf
00:22:34.56,33864,玄阻岛修士,尾兽劍八,0.668,low_conf
00:22:34.56,33864,玄阻岛修士,一夜入道,0.694,low_conf
00:22:34.56,33864,玄阻岛修士,蓝天武,0.719,low_conf
00:22:34.56,33864,玄阻岛修士,委酱呀,0.726,low_conf
00:22:34.56,33864,玄阻岛修士,LzZon,0.699,low_conf
00:22:34.56,33864,玄阻岛修士,懒癌附,0.739,low_conf
00:22:34.56,33864,玄阻岛修士,格林威治的格机,0.744,low_conf
00:22:34.56,33864,玄阻岛修士,懒癌晚,0.729,low_conf
00:22:34.56,33864,玄阻岛修士,麒兒少爷,0.748,low_conf
00:22:34.56,33864,玄阻岛修士,豹爷冲冲冲,0.713,low_conf
00:22:34.56,33864,玄阻岛修士,麒麒,0.657,low_conf
00:22:34.56,33864,玄阻岛修士,一只阿给,0.596,pending
00:22:34.56,33864,玄阻岛修士,暴雨临世,0.734,low_conf
00:22:34.56,33864,玄阻岛修士,浪海,0.664,low_conf
00:22:34.56,33864,玄阻岛修士,一只苦手,0.643,low_conf
00:22:34.56,33864,玄阻岛修士,崂山老,0.748,low_conf
00:22:34.56,33864,玄阻岛修士,魏辞盈,0.725,low_conf
00:22:34.56,33864,玄阻岛修士,伊0,0.476,pending
00:22:34.56,33864,玄阻岛修士,老大坐,0.712,low_conf
00:22:34.56,33864,玄阻岛修士,契风,0.514,pending
00:22:34.56,33864,玄阻岛修士,魏鱼ci,0.671,low_conf
00:22:34.56,33864,玄阻岛修士,masa哦,0.681,low_conf
00:22:34.56,33864,玄阻岛修士,老-魔-,0.558,pending
00:22:34.56,33864,玄阻岛修士,恰冰粉儿,0.733,low_conf
00:22:34.56,33864,玄阻岛修士,伊村学术草履虫,0.619,low_conf
00:22:34.56,33864,玄阻岛修士,北冥有鱼1240,0.725,low_conf
00:22:34.56,33864,玄阻岛修士,氢指啦,0.542,pending
00:22:34.56,33864,玄阻岛修士,老法,0.663,low_conf
00:22:34.56,33864,玄阻岛修士,左岁霜,0.334,pending
00:22:34.56,33864,玄阻岛修士,温如己,0.525,pending
00:22:34.56,33864,玄阻岛修士,伊莱文和摩卡,0.689,low_conf
00:22:34.56,33864,玄阻岛修士,北砀落繁花,0.713,low_conf
00:22:34.56,33864,玄阻岛修士,呱唧是只喵,0.686,low_conf
00:22:34.56,33864,玄阻岛修士,老朋友,0.604,low_conf
00:22:34.56,33864,玄阻岛修士,温时年,0.739,low_conf
00:22:34.56,33864,玄阻岛修士,+,0.036,pending
00:22:34.56,33864,玄阻岛修士,北星辰,0.623,low_conf
00:22:34.56,33864,玄阻岛修士,咕噜子牛啦,0.68,low_conf
00:22:34.56,33864,玄阻岛修士,老清新,0.732,low_conf
00:22:34.56,33864,玄阻岛修士,前辈闻够了没有,0.65,low_conf
00:22:34.56,33864,玄阻岛修士,温逸明,0.702,low_conf
00:22:34.56,33864,玄阻岛修士,遗意的江南,0.669,low_conf
00:22:34.56,33864,玄阻岛修士,老谁家,0.625,low_conf
00:22:34.56,33864,玄阻岛修士,钱钱美坨子,0.749,low_conf
00:22:34.56,33864,玄阻岛修士,闻涵韵,0.641,low_conf
00:22:34.56,33864,玄阻岛修士,以忘妃,0.565,pending
00:22:34.56,33864,玄阻岛修士,孤独的灰,0.669,low_conf
00:22:34.56,33864,玄阻岛修士,老司机,0.567,pending
00:22:34.56,33864,玄阻岛修士,间此閣惊鸿,0.591,pending
00:22:34.56,33864,玄阻岛修士,左切如梦,0.42,pending
00:22:34.56,33864,玄阻岛修士,孤独皮灿烂的宝,0.672,low_conf
00:22:34.56,33864,玄阻岛修士,老谢机,0.532,pending
00:22:34.56,33864,玄阻岛修士,凌,0.134,pending
00:22:34.56,33864,玄阻岛修士,我此同你人啦,0.613,low_conf
00:22:34.56,33864,玄阻岛修士,交岛逃老汉儿,0.602,low_conf
00:22:34.56,33864,玄阻岛修士,食,0.087,pending
00:22:34.56,33864,玄阻岛修士,抓点素久,0.352,pending
00:22:34.56,33864,玄阻岛修士,老渠遇,0.294,pending
00:22:34.56,33864,玄阻岛修士,浅陋的小红帽,0.747,low_conf
00:22:34.56,33864,玄阻岛修士,我爱不摄,0.448,pending
00:22:34.56,33864,玄阻岛修士,亿乐任,0.37,pending
00:22:34.56,33864,玄阻岛修士,Minner gina,0.728,low_conf
00:22:34.56,33864,玄阻岛修士,孤鸿云条,0.488,pending
00:22:34.56,33864,玄阻岛修士,老东起,0.524,pending
00:22:34.56,33864,玄阻岛修士,墙裂畸小,0.27,pending
00:22:34.56,33864,玄阻岛修士,我视人,0.521,pending
00:22:34.56,33864,玄阻岛修士,亿练行,0.577,pending
00:22:34.56,33864,玄阻岛修士,Missvend,0.729,low_conf
00:22:34.56,33864,玄阻岛修士,套跑小嘟嘟,0.675,low_conf
00:22:34.56,33864,玄阻岛修士,抓红尘,0.359,pending
00:22:34.56,33864,玄阻岛修士,雷欧斯,0.478,pending
00:22:34.56,33864,玄阻岛修士,精弱,0.042,pending
00:22:34.56,33864,玄阻岛修士,我不是吐城雄,0.56,pending
00:22:34.56,33864,玄阻岛修士,亿线锂行yQ,0.469,pending
00:22:34.56,33864,玄阻岛修士,missyn,0.492,pending
00:22:34.56,33864,玄阻岛修士,奔它哥,0.63,low_conf
00:22:34.56,33864,玄阻岛修士,身林乡,0.267,pending
00:22:34.56,33864,玄阻岛修士,雷,0.137,pending
00:22:34.56,33864,玄阻岛修士,桥洞庄下盖个铺,0.698,low_conf
00:22:34.56,33864,玄阻岛修士,我不是多哦,0.488,pending
00:22:34.56,33864,玄阻岛修士,忆成,0.441,pending
00:22:34.56,33864,玄阻岛修士,bll 38608791214,0.725,low_conf
00:22:34.56,33864,玄阻岛修士,mix,0.47,pending
00:22:34.56,33864,玄阻岛修士,無孔噬喵嘴,0.286,pending
00:22:34.56,33864,玄阻岛修士,大,0.287,pending
00:22:34.56,33864,玄阻岛修士,桥洞y,0.237,pending
00:22:34.56,33864,玄阻岛修士,我报拉多,0.368,pending
00:22:34.56,33864,玄阻岛修士,亿英,0.18,pending
00:22:34.56,33864,玄阻岛修士,mIzu着小蛾子,0.665,low_conf
00:22:34.56,33864,玄阻岛修士,北海重深Dtts,0.654,low_conf
00:22:34.56,33864,玄阻岛修士,+子麦刷,0.328,pending
00:22:34.56,33864,玄阻岛修士,雪注,0.142,pending
00:22:34.56,33864,玄阻岛修士,巧克bhy,0.454,pending
00:22:34.56,33864,玄阻岛修士,我擦勒十木,0.655,low_conf
00:22:34.56,33864,玄阻岛修士,亦目,0.449,pending
00:22:34.56,33864,玄阻岛修士,mim只小蛾,0.73,low_conf
00:22:34.56,33864,玄阻岛修士,郎添更殊判无期,0.62,low_conf
00:22:34.56,33864,玄阻岛修士,敢府港别,0.464,pending
00:22:34.56,33864,玄阻岛修士,温注法,0.502,pending
00:22:34.56,33864,玄阻岛修士,软binsu,0.486,pending
00:22:34.56,33864,玄阻岛修士,我的周本,0.517,pending
00:22:34.56,33864,玄阻岛修士,水图图零,0.165,pending
00:22:34.56,33864,玄阻岛修士,Momo\做介宝男有点,0.686,low_conf
00:22:34.56,33864,玄阻岛修士,顾青遇,0.593,pending
00:22:34.56,33864,玄阻岛修士,含2,0.349,pending
00:22:34.56,33864,玄阻岛修士,钦凰甲RSU点有9%,0.578,pending
00:22:34.56,33864,玄阻岛修士,我的闲落呢,0.74,low_conf
00:22:34.56,33864,玄阻岛修士,Motnlet,0.494,pending
00:22:34.56,33864,玄阻岛修士,闭锁偷摸零,0.689,low_conf
00:22:34.56,33864,玄阻岛修士,顾着晟,0.492,pending
00:22:34.56,33864,玄阻岛修士,利乾狗,0.383,pending
00:22:34.56,33864,玄阻岛修士,零里,0.184,pending
00:22:34.56,33864,玄阻岛修士,我酒来你纳尔！,0.69,low_conf
00:22:34.56,33864,玄阻岛修士,益达36266,0.648,low_conf
00:22:34.56,33864,玄阻岛修士,Mortal兔,0.706,low_conf
00:22:34.56,33864,玄阻岛修士,随锂偷摸APP,0.533,pending
00:22:34.56,33864,玄阻岛修士,瓜籽狸豆,0.623,low_conf
00:22:34.56,33864,玄阻岛修士,梨老狗,0.742,low_conf
00:22:34.56,33864,玄阻岛修士,青戈千魅,0.408,pending
00:22:34.56,33864,玄阻岛修士,moustach神分著,0.694,low_conf
00:22:34.56,33864,玄阻岛修士,啤喱吧啦呦呦,0.655,low_conf
00:22:34.56,33864,玄阻岛修士,美美海号,0.416,pending
00:22:34.56,33864,玄阻岛修士,漓江边,0.679,low_conf
00:22:34.56,33864,玄阻岛修士,青絲华年,0.642,low_conf
00:22:34.56,33864,玄阻岛修士,柔喱种吃,0.395,pending
00:22:34.56,33864,玄阻岛修士,黎明,0.567,pending
00:22:34.56,33864,玄阻岛修士,青城山下白素真,0.699,low_conf
00:22:34.56,33864,玄阻岛修士,M鑫蓉,0.643,low_conf
00:22:34.56,33864,玄阻岛修士,异子,0.362,pending
00:22:34.56,33864,玄阻岛修士,观夏虫不可语汐,0.652,low_conf
00:22:34.56,33864,玄阻岛修士,主,0.102,pending
00:22:34.56,33864,玄阻岛修士,青风翊,0.614,low_conf
00:22:34.56,33864,玄阻岛修士,我控萝莉的,0.691,low_conf
00:22:34.56,33864,玄阻岛修士,Mvkevin,0.709,low_conf
00:22:34.56,33864,玄阻岛修士,别跟我多比比了,0.737,low_conf
00:22:34.56,33864,玄阻岛修士,季蛋蛋,0.6,low_conf
00:22:34.56,33864,玄阻岛修士,青花葬,0.675,low_conf
00:22:38.24,33956,玄阻岛修士,冰纤条24,0.599,pending
00:22:38.24,33956,玄阻岛修士,轨,0.309,pending
00:22:38.24,33956,玄阻岛修士,李糖,0.311,pending
00:22:38.24,33956,玄阻岛修士,青青山见我,0.531,pending
00:22:38.24,33956,玄阻岛修士,我是虏头膏小青年,0.622,low_conf
00:22:38.24,33956,玄阻岛修士,bl 46703952288,0.741,low_conf
00:22:38.24,33956,玄阻岛修士,冰影木梦,0.548,pending
00:22:38.24,33956,玄阻岛修士,花猫,0.208,pending
00:22:38.24,33956,玄阻岛修士,手有你,0.336,pending
00:22:38.24,33956,玄阻岛修士,青衣寨子wu,0.633,low_conf
00:22:38.24,33956,玄阻岛修士,我是尼勒呀,0.74,low_conf
00:22:38.24,33956,玄阻岛修士,bll4881271257,0.746,low_conf
00:22:38.24,33956,玄阻岛修士,冰影大季,0.284,pending
00:22:38.24,33956,玄阻岛修士,桂圆大猫猫，,0.712,low_conf
00:22:38.24,33956,玄阻岛修士,理智的,0.664,low_conf
00:22:38.24,33956,玄阻岛修士,青衣楼楼主,0.541,pending
00:22:38.24,33956,玄阻岛修士,我是小阵阿,0.665,low_conf
00:22:38.24,33956,玄阻岛修士,菠萝炒饭专业户,0.599,pending
00:22:38.24,33956,玄阻岛修士,「橘子先生！,0.61,low_conf
00:22:38.24,33956,玄阻岛修士,鲤技技,0.672,low_conf
00:22:38.24,33956,玄阻岛修士,轻卷拥致半大,0.376,pending
00:22:38.24,33956,玄阻岛修士,我是有媒阿,0.686,low_conf
00:22:38.24,33956,玄阻岛修士,哟哟大神,0.727,low_conf
00:22:38.24,33956,玄阻岛修士,Ngyeo.,0.676,low_conf
00:22:38.24,33956,玄阻岛修士,彼罗乐乐,0.521,pending
00:22:38.24,33956,玄阻岛修士,「乱于首！,0.349,pending
00:22:38.24,33956,玄阻岛修士,利莉丝,0.451,pending
00:22:38.24,33956,玄阻岛修士,Nice-h,0.67,low_conf
00:22:38.24,33956,玄阻岛修士,但车,0.103,pending
00:22:38.24,33956,玄阻岛修士,「缺德天尊！,0.687,low_conf
00:22:38.24,33956,玄阻岛修士,俩期3V,0.413,pending
00:22:38.24,33956,玄阻岛修士,不卦子,0.394,pending
00:22:38.24,33956,玄阻岛修士,倾城一笑037020,0.745,low_conf
00:22:38.24,33956,玄阻岛修士,我小弟硬椰椰,0.702,low_conf
00:22:38.24,33956,玄阻岛修士,永-恒·,0.492,pending
00:22:38.24,33956,玄阻岛修士,不爱吃化望壳,0.495,pending
00:22:38.24,33956,玄阻岛修士,连针,0.641,low_conf
00:22:38.24,33956,玄阻岛修士,卿涩后妈,0.726,low_conf
00:22:38.24,33956,玄阻岛修士,廉墨辰,0.589,pending
00:22:38.24,33956,玄阻岛修士,不吃小笼,0.555,pending
00:22:38.24,33956,玄阻岛修士,哈哈青,0.515,pending
00:22:38.24,33956,玄阻岛修士,脸黑也,0.728,low_conf
00:22:38.24,33956,玄阻岛修士,清泉映,0.745,low_conf
00:22:38.24,33956,玄阻岛修士,不出买年！,0.696,low_conf
00:22:38.24,33956,玄阻岛修士,凉风不,0.743,low_conf
00:22:38.24,33956,玄阻岛修士,哈皮,0.657,low_conf
00:22:38.24,33956,玄阻岛修士,凉信mi,0.685,low_conf
00:22:38.24,33956,玄阻岛修士,南星,0.208,pending
00:22:38.24,33956,玄阻岛修士,不明n,0.739,low_conf
00:22:38.24,33956,玄阻岛修士,嗨乐游戏,0.734,low_conf
00:22:38.24,33956,玄阻岛修士,两点就,0.688,low_conf
00:22:38.24,33956,玄阻岛修士,两岫青,0.614,low_conf
00:22:38.24,33956,玄阻岛修士,幽冥“若楠,0.654,low_conf
00:22:38.24,33956,玄阻岛修士,of757,0.607,low_conf
00:22:38.24,33956,玄阻岛修士,两元三,0.605,low_conf
00:22:38.24,33956,玄阻岛修士,邻居家,0.749,low_conf
00:22:38.24,33956,玄阻岛修士,okfep,0.698,low_conf
00:22:38.24,33956,玄阻岛修士,海风哈,0.747,low_conf
00:22:38.24,33956,玄阻岛修士,林钦科,0.638,low_conf
00:22:38.24,33956,玄阻岛修士,游毕尚,0.707,low_conf
00:22:38.24,33956,玄阻岛修士,林泉声,0.702,low_conf
00:22:38.24,33956,玄阻岛修士,巫文文,0.672,low_conf
00:22:38.24,33956,玄阻岛修士,林执夏,0.735,low_conf
00:22:38.24,33956,玄阻岛修士,莺·,0.32,pending
00:22:38.24,33956,玄阻岛修士,游小溪,0.749,low_conf
00:22:38.24,33956,玄阻岛修士,不净道人,0.705,low_conf
00:22:38.24,33956,玄阻岛修士,林中寒,0.732,low_conf
00:22:38.24,33956,玄阻岛修士,）熊猫,0.611,low_conf
00:22:38.24,33956,玄阻岛修士,霖霄雨,0.749,low_conf
00:22:38.24,33956,玄阻岛修士,邱啦啦i,0.695,low_conf
00:22:38.24,33956,玄阻岛修士,霖瑶達,0.679,low_conf
00:22:38.24,33956,玄阻岛修士,0o花想蓉00,0.631,low_conf
00:22:38.24,33956,玄阻岛修士,霖总会,0.736,low_conf
00:22:38.24,33956,玄阻岛修士,无-风,0.693,low_conf
00:22:38.24,33956,玄阻岛修士,0铲屎官。,0.644,low_conf
00:22:38.24,33956,玄阻岛修士,不善刀兵,0.746,low_conf
00:22:38.24,33956,玄阻岛修士,寒清冷,0.745,low_conf
00:22:38.24,33956,玄阻岛修士,凌渡凝,0.733,low_conf
00:22:38.24,33956,玄阻岛修士,无菌,0.614,low_conf
00:22:38.24,33956,玄阻岛修士,有谱…,0.715,low_conf
00:22:38.24,33956,玄阻岛修士,0紫电青霜0,0.692,low_conf
00:22:38.24,33956,玄阻岛修士,凌夏川,0.745,low_conf
00:22:38.24,33956,玄阻岛修士,有纸巾,0.707,low_conf
00:22:38.24,33956,玄阻岛修士,寒—-,0.614,low_conf
00:22:38.24,33956,玄阻岛修士,凌摇光,0.679,low_conf
00:22:38.24,33956,玄阻岛修士,秋月冷,0.749,low_conf
00:22:38.24,33956,玄阻岛修士,寒月明霜,0.727,low_conf
00:22:38.24,33956,玄阻岛修士,零崎祥,0.749,low_conf
00:22:38.24,33956,玄阻岛修士,楸淑,0.325,pending
00:22:38.24,33956,玄阻岛修士,溜溜面,0.749,low_conf
00:22:38.24,33956,玄阻岛修士,虬柯结霉淞,0.733,low_conf
00:22:38.24,33956,玄阻岛修士,刘嗽,0.536,pending
00:22:38.24,33956,玄阻岛修士,余弦丨cos,0.748,low_conf
00:22:38.24,33956,玄阻岛修士,刘小旖,0.683,low_conf
00:22:38.24,33956,玄阻岛修士,曲奇）饼干,0.718,low_conf
00:22:38.24,33956,玄阻岛修士,刘越A,0.749,low_conf
00:22:38.24,33956,玄阻岛修士,鱼梧,0.661,low_conf
00:22:38.24,33956,玄阻岛修士,流浪青,0.748,low_conf
00:22:38.24,33956,玄阻岛修士,吴飞羽,0.72,low_conf
00:22:41.92,34048,玄阻岛修士,汉幼,0.665,low_conf
00:22:41.92,34048,玄阻岛修士,胧崎君,0.723,low_conf
00:22:41.92,34048,玄阻岛修士,染魂令,0.744,low_conf
00:22:41.92,34048,玄阻岛修士,無缺,0.666,low_conf
00:22:41.92,34048,玄阻岛修士,噜炉卤,0.746,low_conf
00:22:41.92,34048,玄阻岛修士,無澈霸王龍戟士,0.712,low_conf
00:22:41.92,34048,玄阻岛修士,撸铁的,0.716,low_conf
00:22:41.92,34048,玄阻岛修士,人心多,0.715,low_conf
00:22:41.92,34048,玄阻岛修士,与君归远山,0.718,low_conf
00:22:41.92,34048,玄阻岛修士,鲁冰冰,0.65,low_conf
00:22:41.92,34048,玄阻岛修士,Q-_-Y-_-Q,0.686,low_conf
00:22:41.92,34048,玄阻岛修士,沧海南风,0.722,low_conf
00:22:41.92,34048,玄阻岛修士,鲁特jo,0.713,low_conf
00:22:41.92,34048,玄阻岛修士,-戎歌,0.742,low_conf
00:22:41.92,34048,玄阻岛修士,鹿辞,0.65,low_conf
00:22:41.92,34048,玄阻岛修士,荣68,0.644,low_conf
00:22:41.92,34048,玄阻岛修士,五猫八,0.747,low_conf
00:22:41.92,34048,玄阻岛修士,羽白xi,0.74,low_conf
00:22:41.92,34048,玄阻岛修士,苍火坠,0.747,low_conf
00:22:41.92,34048,玄阻岛修士,碌碌无,0.698,low_conf
00:22:41.92,34048,玄阻岛修士,路客疯,0.749,low_conf
00:22:41.92,34048,玄阻岛修士,伍声、伍声,0.735,low_conf
00:22:41.92,34048,玄阻岛修士,羽绫微,0.65,low_conf
00:22:41.92,34048,玄阻岛修士,吕布布,0.7,low_conf
00:22:41.92,34048,玄阻岛修士,伍天柒,0.739,low_conf
00:22:41.92,34048,玄阻岛修士,羽青疏,0.712,low_conf
00:22:41.92,34048,玄阻岛修士,好釉,0.663,low_conf
00:22:41.92,34048,玄阻岛修士,茶叶宝蛋,0.706,low_conf
00:22:41.92,34048,玄阻岛修士,察狐,0.65,low_conf
00:22:41.92,34048,玄阻岛修士,耗烙の,0.68,low_conf
00:22:41.92,34048,玄阻岛修士,绿猪骑,0.71,low_conf
00:22:41.92,34048,玄阻岛修士,元自不一,0.749,low_conf
00:22:41.92,34048,玄阻岛修士,栾积柘,0.737,low_conf
00:22:41.92,34048,玄阻岛修士,撒旦,0.626,low_conf
00:22:41.92,34048,玄阻岛修士,乱星海,0.747,low_conf
00:22:41.92,34048,玄阻岛修士,塞尔吉啸、,0.711,low_conf
00:22:41.92,34048,玄阻岛修士,雾里、,0.676,low_conf
00:22:41.92,34048,玄阻岛修士,或辛已,0.553,pending
00:22:41.92,34048,玄阻岛修士,乱星遗,0.742,low_conf
00:22:41.92,34048,玄阻岛修士,雾言、,0.745,low_conf
00:22:41.92,34048,玄阻岛修士,略不略,0.749,low_conf
00:22:41.92,34048,玄阻岛修士,雾影之磅,0.692,low_conf
00:22:41.92,34048,玄阻岛修士,轮回店(,0.679,low_conf
00:22:41.92,34048,玄阻岛修士,三水-清,0.73,low_conf
00:22:41.92,34048,玄阻岛修士,罗德岛,0.748,low_conf
00:22:41.92,34048,玄阻岛修士,汐舞,0.666,low_conf
00:22:41.92,34048,玄阻岛修士,黑狗王子,0.683,low_conf
00:22:41.92,34048,玄阻岛修士,罗罗诺,0.745,low_conf
00:22:41.92,34048,玄阻岛修士,西吧谷,0.734,low_conf
00:22:41.92,34048,玄阻岛修士,原来是小杰杰呀,0.713,low_conf
00:22:41.92,34048,玄阻岛修士,洛某不,0.73,low_conf
00:22:41.92,34048,玄阻岛修士,叁参陆壹,0.672,low_conf
00:22:41.92,34048,玄阻岛修士,洛慕轩,0.738,low_conf
00:22:41.92,34048,玄阻岛修士,原力叔叔,0.748,low_conf
00:22:41.92,34048,玄阻岛修士,黑木智子,0.631,low_conf
00:22:41.92,34048,玄阻岛修士,散修哈士奇,0.703,low_conf
00:22:41.92,34048,玄阻岛修士,原野逐梦,0.695,low_conf
00:22:41.92,34048,玄阻岛修士,炒冷饭仙火,0.725,low_conf
00:22:41.92,34048,玄阻岛修士,黑漆漆滴人,0.688,low_conf
00:22:41.92,34048,玄阻岛修士,落幕纷,0.741,low_conf
00:22:41.92,34048,玄阻岛修士,散修土豆侠,0.712,low_conf
00:22:41.92,34048,玄阻岛修士,车太咸兄,0.733,low_conf
00:22:41.92,34048,玄阻岛修士,黑兔铁翼,0.672,low_conf
00:22:41.92,34048,玄阻岛修士,落魄啦,0.72,low_conf
00:22:41.92,34048,玄阻岛修士,杀之吉不快战,0.605,low_conf
00:22:41.92,34048,玄阻岛修士,西溪西,0.735,low_conf
00:22:41.92,34048,玄阻岛修士,缘自秋沐,0.55,pending
00:22:41.92,34048,玄阻岛修士,黑限图图圈,0.336,pending
00:22:41.92,34048,玄阻岛修士,麻辣烫,0.745,low_conf
00:22:41.92,34048,玄阻岛修士,尘器癌,0.722,low_conf
00:22:41.92,34048,玄阻岛修士,嘿早睡早起,0.71,low_conf
00:22:41.92,34048,玄阻岛修士,麻薯老,0.708,low_conf
00:22:41.92,34048,玄阻岛修士,昔目致瑰以期名流,0.654,low_conf
00:22:41.92,34048,玄阻岛修士,远云如瑶,0.52,pending
00:22:41.92,34048,玄阻岛修士,roner蕊,0.743,low_conf
00:22:41.92,34048,玄阻岛修士,马首亿,0.414,pending
00:22:41.92,34048,玄阻岛修士,姆萌大叔123,0.677,low_conf
00:22:41.92,34048,玄阻岛修士,浠沐阳子,0.555,pending
00:22:41.92,34048,玄阻岛修士,辰午xualwgy,0.748,low_conf
00:22:41.92,34048,玄阻岛修士,嘿喂嘿的小黑是,0.602,low_conf
00:22:41.92,34048,玄阻岛修士,马春梅,0.732,low_conf
00:22:41.92,34048,玄阻岛修士,山南傻不拉叭,0.553,pending
00:22:41.92,34048,玄阻岛修士,光下de等待,0.689,low_conf
00:22:41.92,34048,玄阻岛修士,麦帕尼尼,0.671,low_conf
00:22:41.92,34048,玄阻岛修士,马刺售,0.491,pending
00:22:41.92,34048,玄阻岛修士,出南PP,0.684,low_conf
00:22:41.92,34048,玄阻岛修士,熙语遥梦,0.564,pending
00:22:41.92,34048,玄阻岛修士,月见轻尘,0.597,pending
00:22:45.60,34140,玄阻岛修士,麦兜派,0.656,low_conf
00:22:45.60,34140,玄阻岛修士,上下各五寸,0.679,low_conf
00:22:45.60,34140,玄阻岛修士,下午时分,0.706,low_conf
00:22:45.60,34140,玄阻岛修士,麦琪琪,0.744,low_conf
00:22:45.60,34140,玄阻岛修士,韶轶,0.661,low_conf
00:22:45.60,34140,玄阻岛修士,胡汉椒,0.694,low_conf
00:22:45.60,34140,玄阻岛修士,麦子胖,0.734,low_conf
00:22:45.60,34140,玄阻岛修士,设计-洲,0.633,low_conf
00:22:45.60,34140,玄阻岛修士,夏朝怡,0.675,low_conf
00:22:45.60,34140,玄阻岛修士,ci1713,0.601,low_conf
00:22:45.60,34140,玄阻岛修士,卖烧饼,0.635,low_conf
00:22:45.60,34140,玄阻岛修士,夏初汐夏末,0.654,low_conf
00:22:45.60,34140,玄阻岛修士,吃豹了撑的_u,0.712,low_conf
00:22:45.60,34140,玄阻岛修士,虎眼,0.648,low_conf
00:22:45.60,34140,玄阻岛修士,蚕狂猫,0.51,pending
00:22:45.60,34140,玄阻岛修士,夏自的小娇妻,0.685,low_conf
00:22:45.60,34140,玄阻岛修士,会深涛涛,0.689,low_conf
00:22:45.60,34140,玄阻岛修士,吃容中登,0.663,low_conf
00:22:45.60,34140,玄阻岛修士,花城oi,0.659,low_conf
00:22:45.60,34140,玄阻岛修士,慢头哺,0.533,pending
00:22:45.60,34140,玄阻岛修士,夏染染77,0.618,low_conf
00:22:45.60,34140,玄阻岛修士,会深理,0.188,pending
00:22:45.60,34140,玄阻岛修士,clbryan!,0.724,low_conf
00:22:45.60,34140,玄阻岛修士,花蛋嫩,0.739,low_conf
00:22:45.60,34140,玄阻岛修士,满脑子,0.635,low_conf
00:22:45.60,34140,玄阻岛修士,谁你分心,0.669,low_conf
00:22:45.60,34140,玄阻岛修士,夏柔的夏陌,0.683,low_conf
00:22:45.60,34140,玄阻岛修士,云气阿,0.559,pending
00:22:45.60,34140,玄阻岛修士,花雷,0.458,pending
00:22:45.60,34140,玄阻岛修士,慢热型,0.598,pending
00:22:45.60,34140,玄阻岛修士,身你志残律,0.342,pending
00:22:45.60,34140,玄阻岛修士,夏鱼行复2AV,0.593,pending
00:22:45.60,34140,玄阻岛修士,速被沣册打死你,0.568,pending
00:22:45.60,34140,玄阻岛修士,crae,0.573,pending
00:22:45.60,34140,玄阻岛修士,sin ,0.704,low_conf
00:22:45.60,34140,玄阻岛修士,痴饭呈孚,0.517,pending
00:22:45.60,34140,玄阻岛修士,花明老板,0.623,low_conf
00:22:45.60,34140,玄阻岛修士,漫求的,0.591,pending
00:22:45.60,34140,玄阻岛修士,纯手派头金肯奇,0.485,pending
00:22:45.60,34140,玄阻岛修士,夏氧Veah,0.466,pending
00:22:45.60,34140,玄阻岛修士,早被注剧丹,0.441,pending
00:22:45.60,34140,玄阻岛修士,CnsanG,0.746,low_conf
00:22:45.60,34140,玄阻岛修士,痴了啥,0.484,pending
00:22:45.60,34140,玄阻岛修士,花胶一麦酒,0.729,low_conf
00:22:45.60,34140,玄阻岛修士,猫恩的,0.343,pending
00:22:45.60,34140,玄阻岛修士,深海燃大,0.521,pending
00:22:45.60,34140,玄阻岛修士,闲鱼客,0.384,pending
00:22:45.60,34140,玄阻岛修士,早8好周丹,0.648,low_conf
00:22:45.60,34140,玄阻岛修士,snorlenx,0.555,pending
00:22:45.60,34140,玄阻岛修士,花里胡哨wear,0.531,pending
00:22:45.60,34140,玄阻岛修士,猫狗戏,0.327,pending
00:22:45.60,34140,玄阻岛修士,深洲水,0.562,pending
00:22:45.60,34140,玄阻岛修士,威鱼宝各wQ,0.555,pending
00:22:45.60,34140,玄阻岛修士,净,0.071,pending
00:22:45.60,34140,玄阻岛修士,coddoW1,0.598,pending
00:22:45.60,34140,玄阻岛修士,softae,0.578,pending
00:22:45.60,34140,玄阻岛修士,赤犬星气,0.642,low_conf
00:22:45.60,34140,玄阻岛修士,花墨胡味知,0.565,pending
00:22:45.60,34140,玄阻岛修士,猫猫的,0.686,low_conf
00:22:45.60,34140,玄阻岛修士,保洲鱼什么虾,0.559,pending
00:22:45.60,34140,玄阻岛修士,咸鱼打挺LWJ,0.64,low_conf
00:22:45.60,34140,玄阻岛修士,洋羽d,0.281,pending
00:22:45.60,34140,玄阻岛修士,codeNamec,0.731,low_conf
00:22:45.60,34140,玄阻岛修士,somebeug,0.725,low_conf
00:22:45.60,34140,玄阻岛修士,赤宇人间,0.541,pending
00:22:45.60,34140,玄阻岛修士,花落化柔来人家,0.474,pending
00:22:45.60,34140,玄阻岛修士,神自理件,0.345,pending
00:22:45.60,34140,玄阻岛修士,咸鱼打挺,0.701,low_conf
00:22:45.60,34140,玄阻岛修士,澤帅,0.293,pending
00:22:45.60,34140,玄阻岛修士,Coinstarm,0.685,low_conf
00:22:45.60,34140,玄阻岛修士,SONEERO90000,0.585,pending
00:22:45.60,34140,玄阻岛修士,炽火少年9527,0.736,low_conf
00:22:45.60,34140,玄阻岛修士,花洛流车,0.535,pending
00:22:45.60,34140,玄阻岛修士,猫貌,0.482,pending
00:22:45.60,34140,玄阻岛修士,神岛,0.327,pending
00:22:45.60,34140,玄阻岛修士,咸鱼影究,0.62,low_conf
00:22:45.60,34140,玄阻岛修士,贼师那个,0.726,low_conf
00:22:45.60,34140,玄阻岛修士,CONSRrk康,0.63,low_conf
00:22:45.60,34140,玄阻岛修士,花钱家族,0.707,low_conf
00:22:45.60,34140,玄阻岛修士,猫素精,0.504,pending
00:22:45.60,34140,玄阻岛修士,神榻陈,0.369,pending
00:22:45.60,34140,玄阻岛修士,咸化射手,0.559,pending
00:22:45.60,34140,玄阻岛修士,增霸霸子,0.395,pending
00:22:45.60,34140,玄阻岛修士,CONsOiRa康,0.574,pending
00:22:45.60,34140,玄阻岛修士,Sonsczu,0.54,pending
00:22:45.60,34140,玄阻岛修士,天马捷木楼,0.209,pending
00:22:45.60,34140,玄阻岛修士,花蝶燃树,0.619,low_conf
00:22:45.60,34140,玄阻岛修士,晟盛精,0.518,pending
00:22:45.60,34140,玄阻岛修士,神槟陈子23,0.676,low_conf
00:22:45.60,34140,玄阻岛修士,报化神射律遇,0.517,pending
00:22:45.60,34140,玄阻岛修士,宅屋舒舒,0.623,low_conf
00:22:45.60,34140,玄阻岛修士,Conspr,0.624,low_conf
00:22:45.60,34140,玄阻岛修士,sohssid,0.326,pending
00:22:45.60,34140,玄阻岛修士,初撞22,0.605,low_conf
00:22:45.60,34140,玄阻岛修士,华幅杂物小刷场,0.597,pending
00:22:45.60,34140,玄阻岛修士,富牌辉,0.557,pending
00:22:45.60,34140,玄阻岛修士,神师,0.368,pending
00:22:45.60,34140,玄阻岛修士,相请效偶,0.407,pending
00:22:45.60,34140,玄阻岛修士,新星回亿,0.477,pending
00:22:45.60,34140,玄阻岛修士,初梦亦碰,0.495,pending
00:22:45.60,34140,玄阻岛修士,华幅知物小剧场,0.745,low_conf
00:22:45.60,34140,玄阻岛修士,貌美,0.638,low_conf
00:22:45.60,34140,玄阻岛修士,神奇张老师,0.702,low_conf
00:22:45.60,34140,玄阻岛修士,香莱故故畏,0.391,pending
00:22:45.60,34140,玄阻岛修士,Cosw,0.526,pending
00:22:45.60,34140,玄阻岛修士,ssindk,0.513,pending
00:22:45.60,34140,玄阻岛修士,初秒茶,0.455,pending
00:22:45.60,34140,玄阻岛修士,貌似是,0.707,low_conf
00:22:45.60,34140,玄阻岛修士,香蕉奶音碎碎冰,0.556,pending
00:22:45.60,34140,玄阻岛修士,ssam151515,0.714,low_conf
00:22:45.60,34140,玄阻岛修士,韧汉珠条,0.181,pending
00:22:45.60,34140,玄阻岛修士,盗么嗒,0.204,pending
00:22:45.60,34140,玄阻岛修士,香季的,0.426,pending
00:22:45.60,34140,玄阻岛修士,战舞不剩,0.702,low_conf
00:22:45.60,34140,玄阻岛修士,楚汉,0.27,pending
00:22:45.60,34140,玄阻岛修士,环琦,0.643,low_conf
00:22:45.60,34140,玄阻岛修士,没关系,0.631,low_conf
00:22:45.60,34140,玄阻岛修士,祥哥大,0.54,pending
00:22:45.60,34140,玄阻岛修士,处吗,0.278,pending
00:22:45.60,34140,玄阻岛修士,壳数,0.478,pending
00:22:45.60,34140,玄阻岛修士,没康只,0.35,pending
00:22:45.60,34140,玄阻岛修士,神六,0.475,pending
00:22:45.60,34140,玄阻岛修士,祥吉德,0.742,low_conf
00:22:45.60,34140,玄阻岛修士,处大家店,0.503,pending
00:22:45.60,34140,玄阻岛修士,没有群,0.712,low_conf
00:22:45.60,34140,玄阻岛修士,沈夜S-,0.626,low_conf
00:22:45.60,34140,玄阻岛修士,张汗汗,0.73,low_conf
00:22:45.60,34140,玄阻岛修士,安差金巷蹈跃,0.266,pending
00:22:45.60,34140,玄阻岛修士,玫瑰与,0.637,low_conf
00:22:45.60,34140,玄阻岛修士,翔大烈,0.441,pending
00:22:45.60,34140,玄阻岛修士,张少南11111,0.73,low_conf
00:22:45.60,34140,玄阻岛修士,穿看拖鞋,0.525,pending
00:22:45.60,34140,玄阻岛修士,眉黛青,0.679,low_conf
00:22:45.60,34140,玄阻岛修士,想习难联,0.744,low_conf
00:22:45.60,34140,玄阻岛修士,吹吹风,0.703,low_conf
00:22:45.60,34140,玄阻岛修士,梅林坨,0.673,low_conf
00:22:45.60,34140,玄阻岛修士,失叶落,0.662,low_conf
00:22:45.60,34140,玄阻岛修士,张寻欢咯,0.709,low_conf
00:22:45.60,34140,玄阻岛修士,syuuga,0.689,low_conf
00:22:45.60,34140,玄阻岛修士,春花t,0.534,pending
00:22:45.60,34140,玄阻岛修士,梅子爱,0.651,low_conf
00:22:45.60,34140,玄阻岛修士,每天45,0.72,low_conf
00:22:45.60,34140,玄阻岛修士,向曦翩翩舞,0.725,low_conf
00:22:45.60,34140,玄阻岛修士,春之月,0.742,low_conf
00:22:45.60,34140,玄阻岛修士,每天都,0.66,low_conf
00:22:45.60,34140,玄阻岛修士,纯白尾,0.737,low_conf
00:22:45.60,34140,玄阻岛修士,每天一,0.657,low_conf
00:22:45.60,34140,玄阻岛修士,长亭,0.651,low_conf
00:22:45.60,34140,玄阻岛修士,纯黑ad,0.712,low_conf
00:22:45.60,34140,玄阻岛修士,魂逸岑,0.712,low_conf
00:22:45.60,34140,玄阻岛修士,美美的,0.741,low_conf
00:22:49.28,34232,玄阻岛修士,Deftiny,0.728,low_conf
00:22:49.28,34232,玄阻岛修士,此人唯爱小绰关,0.624,low_conf
00:22:49.28,34232,玄阻岛修士,门德莱,0.709,low_conf
00:22:49.28,34232,玄阻岛修士,此生唯爱小绵单,0.615,low_conf
00:22:49.28,34232,玄阻岛修士,基德、观悟版,0.738,low_conf
00:22:49.28,34232,玄阻岛修士,门钉肉,0.744,low_conf
00:22:49.28,34232,玄阻岛修士,萧,0.498,pending
00:22:49.28,34232,玄阻岛修士,demo-777,0.747,low_conf
00:22:49.28,34232,玄阻岛修士,此物在,0.739,low_conf
00:22:49.28,34232,玄阻岛修士,基里连科公,0.697,low_conf
00:22:49.28,34232,玄阻岛修士,门沙沙,0.744,low_conf
00:22:49.28,34232,玄阻岛修士,denilia,0.608,low_conf
00:22:49.28,34232,玄阻岛修士,葱面条,0.716,low_conf
00:22:49.28,34232,玄阻岛修士,萌萌哒,0.745,low_conf
00:22:49.28,34232,玄阻岛修士,萧瑟献風,0.516,pending
00:22:49.28,34232,玄阻岛修士,吉良吉影wwi,0.692,low_conf
00:22:49.28,34232,玄阻岛修士,萌萌路,0.702,low_conf
00:22:49.28,34232,玄阻岛修士,萌只鲲,0.746,low_conf
00:22:49.28,34232,玄阻岛修士,dhdjddifij,0.614,low_conf
00:22:49.28,34232,玄阻岛修士,从二结束,0.719,low_conf
00:22:49.28,34232,玄阻岛修士,孟尝7,0.542,pending
00:22:49.28,34232,玄阻岛修士,真栗,0.581,pending
00:22:49.28,34232,玄阻岛修士,梦间由,0.694,low_conf
00:22:49.28,34232,玄阻岛修士,小白赞,0.741,low_conf
00:22:49.28,34232,玄阻岛修士,梦想每,0.668,low_conf
00:22:49.28,34232,玄阻岛修士,Trixx.,0.651,low_conf
00:22:49.28,34232,玄阻岛修士,村口奠大郎,0.717,low_conf
00:22:49.28,34232,玄阻岛修士,DING楷彬,0.74,low_conf
00:22:49.28,34232,玄阻岛修士,季果子,0.737,low_conf
00:22:49.28,34232,玄阻岛修士,梦醒时,0.741,low_conf
00:22:49.28,34232,玄阻岛修士,季卿笑,0.74,low_conf
00:22:49.28,34232,玄阻岛修士,梦幽Q,0.749,low_conf
00:22:49.28,34232,玄阻岛修士,是滴哦死哦,0.745,low_conf
00:22:49.28,34232,玄阻岛修士,琳恩,0.666,low_conf
00:22:49.28,34232,玄阻岛修士,迷你路,0.748,low_conf
00:22:49.28,34232,玄阻岛修士,迷人的,0.744,low_conf
00:22:49.28,34232,玄阻岛修士,VC闻西,0.724,low_conf
00:22:49.28,34232,玄阻岛修士,赢髪,0.205,pending
00:22:49.28,34232,玄阻岛修士,迷死你,0.729,low_conf
00:22:49.28,34232,玄阻岛修士,米兰城,0.697,low_conf
00:22:49.28,34232,玄阻岛修士,是暖床呀,0.728,low_conf
00:22:49.28,34232,玄阻岛修士,小丑M2,0.727,low_conf
00:22:49.28,34232,玄阻岛修士,米罗琳,0.748,low_conf
00:22:49.28,34232,玄阻岛修士,米其林5,0.629,low_conf
00:22:49.28,34232,玄阻岛修士,是苏合哎,0.693,low_conf
00:22:49.28,34232,玄阻岛修士,米曲爱,0.748,low_conf
00:22:49.28,34232,玄阻岛修士,噬云轩,0.749,low_conf
00:22:49.28,34232,玄阻岛修士,迦尴0,0.647,low_conf
00:22:49.28,34232,玄阻岛修士,米斯里,0.744,low_conf
00:22:49.28,34232,玄阻岛修士,棉花塘,0.745,low_conf
00:22:49.28,34232,玄阻岛修士,Elsie呀,0.718,low_conf
00:22:49.28,34232,玄阻岛修士,免贵姓,0.744,low_conf
00:22:49.28,34232,玄阻岛修士,间特猛,0.691,low_conf
00:22:49.28,34232,玄阻岛修士,免姬君,0.739,low_conf
00:22:49.28,34232,玄阻岛修士,小孩不小啦,0.669,low_conf
00:22:49.28,34232,玄阻岛修士,见隐山,0.687,low_conf
00:22:49.28,34232,玄阻岛修士,面包小,0.69,low_conf
00:22:49.28,34232,玄阻岛修士,守护丶呆,0.738,low_conf
00:22:49.28,34232,玄阻岛修士,喵啊喵,0.742,low_conf
00:22:49.28,34232,玄阻岛修士,瘦北极,0.635,low_conf
00:22:49.28,34232,玄阻岛修士,终焉烽火,0.685,low_conf
00:22:49.28,34232,玄阻岛修士,大發肩,0.735,low_conf
00:22:49.28,34232,玄阻岛修士,喵系族,0.74,low_conf
00:22:49.28,34232,玄阻岛修士,钟启田,0.74,low_conf
00:22:49.28,34232,玄阻岛修士,eop小,0.74,low_conf
00:22:49.28,34232,玄阻岛修士,苗日羊,0.746,low_conf
00:22:49.28,34232,玄阻岛修士,钟莹一生,0.719,low_conf
00:22:49.28,34232,玄阻岛修士,大黄小咪,0.733,low_conf
00:22:49.28,34232,玄阻岛修士,秒池,0.66,low_conf
00:22:49.28,34232,玄阻岛修士,锤离牧遥,0.686,low_conf
00:22:49.28,34232,玄阻岛修士,妙成山,0.735,low_conf
00:22:49.28,34232,玄阻岛修士,江南烟雨不行舟,0.717,low_conf
00:22:49.28,34232,玄阻岛修士,妙妙势,0.591,pending
00:22:49.28,34232,玄阻岛修士,忘像,0.404,pending
00:22:49.28,34232,玄阻岛修士,wfy!,0.658,low_conf
00:22:49.28,34232,玄阻岛修士,姜天赋,0.746,low_conf
00:22:49.28,34232,玄阻岛修士,名悠字,0.742,low_conf
00:22:52.96,34324,玄阻岛修士,摸头白,0.73,low_conf
00:22:52.96,34324,玄阻岛修士,水源G,0.744,low_conf
00:22:52.96,34324,玄阻岛修士,FD丶坑爹,0.741,low_conf
00:22:52.96,34324,玄阻岛修士,摸鱼混,0.734,low_conf
00:22:52.96,34324,玄阻岛修士,诸晓白,0.658,low_conf
00:22:52.96,34324,玄阻岛修士,摸鱼王,0.738,low_conf
00:22:52.96,34324,玄阻岛修士,小勺比,0.709,low_conf
00:22:52.96,34324,玄阻岛修士,fizwbs,0.71,low_conf
00:22:52.96,34324,玄阻岛修士,大赢子,0.745,low_conf
00:22:52.96,34324,玄阻岛修士,模型小,0.736,low_conf
00:22:52.96,34324,玄阻岛修士,竹糕槐,0.748,low_conf
00:22:52.96,34324,玄阻岛修士,磨合集,0.743,low_conf
00:22:52.96,34324,玄阻岛修士,Ncollapse \,0.711,low_conf
00:22:52.96,34324,玄阻岛修士,魔教妖,0.749,low_conf
00:22:52.96,34324,玄阻岛修士,大猪嘀,0.715,low_conf
00:22:52.96,34324,玄阻岛修士,魔羯orz,0.641,low_conf
00:22:52.96,34324,玄阻岛修士,呆呆牛,0.737,low_conf
00:22:52.96,34324,玄阻岛修士,魔王日,0.734,low_conf
00:22:52.96,34324,玄阻岛修士,渐诺,0.323,pending
00:22:52.96,34324,玄阻岛修士,沫然回,0.747,low_conf
00:22:52.96,34324,玄阻岛修士,Fyyy ~,0.653,low_conf
00:22:52.96,34324,玄阻岛修士,呆兔带土,0.716,low_conf
00:22:52.96,34324,玄阻岛修士,陌西陌,0.74,low_conf
00:22:52.96,34324,玄阻岛修士,陌宵咕,0.727,low_conf
00:22:52.96,34324,玄阻岛修士,单片镜,0.749,low_conf
00:22:52.96,34324,玄阻岛修士,陌小星,0.747,low_conf
00:22:52.96,34324,玄阻岛修士,xxx_胖球儿,0.715,low_conf
00:22:52.96,34324,玄阻岛修士,今子同学,0.672,low_conf
00:22:52.96,34324,玄阻岛修士,莫慌抱,0.724,low_conf
00:22:52.96,34324,玄阻岛修士,小昕爱吃谊烧包,0.727,low_conf
00:22:52.96,34324,玄阻岛修士,XXxNOYHIxXx,0.73,low_conf
00:22:52.96,34324,玄阻岛修士,弹劾火星,0.66,low_conf
00:22:52.96,34324,玄阻岛修士,莫莫爱中,0.665,low_conf
00:22:52.96,34324,玄阻岛修士,煮玉米d,0.631,low_conf
00:22:52.96,34324,玄阻岛修士,枯荣x,0.564,pending
00:22:52.96,34324,玄阻岛修士,莫秋炎,0.687,low_conf
00:22:52.96,34324,玄阻岛修士,营鱼鱼,0.538,pending
00:22:52.96,34324,玄阻岛修士,Yaholo,0.694,low_conf
00:22:52.96,34324,玄阻岛修士,淡の腾,0.724,low_conf
00:22:52.96,34324,玄阻岛修士,莫问不！,0.459,pending
00:22:52.96,34324,玄阻岛修士,宿北亮,0.396,pending
00:22:52.96,34324,玄阻岛修士,金角大王轮大镇,0.729,low_conf
00:22:52.96,34324,玄阻岛修士,墨绝峰,0.52,pending
00:22:52.96,34324,玄阻岛修士,鲜细,0.107,pending
00:22:52.96,34324,玄阻岛修士,Glriel,0.72,low_conf
00:22:52.96,34324,玄阻岛修士,金猪猪丁,0.691,low_conf
00:22:52.96,34324,玄阻岛修士,果果果,0.28,pending
00:22:52.96,34324,玄阻岛修士,岁家哒鸡,0.737,low_conf
00:22:52.96,34324,玄阻岛修士,蛋疼帝,0.712,low_conf
00:22:52.96,34324,玄阻岛修士,清咕咕,0.34,pending
00:22:52.96,34324,玄阻岛修士,果有,0.197,pending
00:22:52.96,34324,玄阻岛修士,孙天夜,0.599,pending
00:22:52.96,34324,玄阻岛修士,追风の蔡叶,0.527,pending
00:22:52.96,34324,玄阻岛修士,蛋仔,0.642,low_conf
00:22:52.96,34324,玄阻岛修士,黑雨茶,0.63,low_conf
00:22:52.96,34324,玄阻岛修士,梭哈呀,0.706,low_conf
00:22:52.96,34324,玄阻岛修士,小桌1001,0.62,low_conf
00:22:52.96,34324,玄阻岛修士,追寻小洛,0.67,low_conf
00:22:52.96,34324,玄阻岛修士,锦开风,0.514,pending
00:22:52.96,34324,玄阻岛修士,默读来,0.423,pending
00:22:52.96,34324,玄阻岛修士,他要开屏了,0.749,low_conf
00:22:52.96,34324,玄阻岛修士,追小式,0.521,pending
00:22:52.96,34324,玄阻岛修士,vizt-,0.645,low_conf
00:22:52.96,34324,玄阻岛修士,吻呦爱乐乐,0.618,low_conf
00:22:52.96,34324,玄阻岛修士,默然观,0.749,low_conf
00:22:52.96,34324,玄阻岛修士,塔布拉洗,0.657,low_conf
00:22:52.96,34324,玄阻岛修士,晓棘Wu,0.498,pending
00:22:52.96,34324,玄阻岛修士,酸=杯青春流逝,0.691,low_conf
00:22:52.96,34324,玄阻岛修士,GoodAV,0.743,low_conf
00:22:52.96,34324,玄阻岛修士,绿大仙,0.396,pending
00:22:52.96,34324,玄阻岛修士,说野不肖,0.341,pending
00:22:52.96,34324,玄阻岛修士,菜骨香流,0.375,pending
00:22:52.96,34324,玄阻岛修士,axxaxll,0.474,pending
00:22:52.96,34324,玄阻岛修士,vorkevand,0.674,low_conf
00:22:52.96,34324,玄阻岛修士,倒香成桌,0.569,pending
00:22:52.96,34324,玄阻岛修士,讲击于夏将,0.417,pending
00:22:52.96,34324,玄阻岛修士,母大,0.257,pending
00:22:52.96,34324,玄阻岛修士,塔克玛手的小绿,0.736,low_conf
00:22:52.96,34324,玄阻岛修士,笑封大猩猩,0.568,pending
00:22:52.96,34324,玄阻岛修士,素果拌,0.248,pending
00:22:52.96,34324,玄阻岛修士,xuke,0.649,low_conf
00:22:52.96,34324,玄阻岛修士,YoruAsa,0.661,low_conf
00:22:52.96,34324,玄阻岛修士,盗版超人酱,0.715,low_conf
00:22:52.96,34324,玄阻岛修士,进击の小爱龙,0.693,low_conf
00:22:52.96,34324,玄阻岛修士,未意宝,0.228,pending
00:22:52.96,34324,玄阻岛修士,塔有毛知小球,0.346,pending
00:22:52.96,34324,玄阻岛修士,笑似欢,0.618,low_conf
00:22:52.96,34324,玄阻岛修士,自情的麻瓜,0.694,low_conf
00:22:52.96,34324,玄阻岛修士,速沪深渝桃,0.413,pending
00:22:52.96,34324,玄阻岛修士,柔,0.264,pending
00:22:52.96,34324,玄阻岛修士,精心句测,0.252,pending
00:22:52.96,34324,玄阻岛修士,联保天尖器,0.201,pending
00:22:52.96,34324,玄阻岛修士,享信,0.468,pending
00:22:52.96,34324,玄阻岛修士,Hanabhh,0.574,pending
00:22:52.96,34324,玄阻岛修士,YQ清目,0.442,pending
00:22:52.96,34324,玄阻岛修士,道长奠心急,0.602,low_conf
00:22:52.96,34324,玄阻岛修士,京沪深渝断浪,0.505,pending
00:22:52.96,34324,玄阻岛修士,柔同柔,0.385,pending
00:22:52.96,34324,玄阻岛修士,重烫,0.32,pending
00:22:52.96,34324,玄阻岛修士,用首食仁儿发,0.68,low_conf
00:22:52.96,34324,玄阻岛修士,Vtd朵so,0.375,pending
00:22:52.96,34324,玄阻岛修士,京慕美,0.543,pending
00:22:52.96,34324,玄阻岛修士,柔高不,0.344,pending
00:22:52.96,34324,玄阻岛修士,春蹈变头器,0.3,pending
00:22:52.96,34324,玄阻岛修士,植菌的食传儿发,0.566,pending
00:22:52.96,34324,玄阻岛修士,ha20a0nam2,0.343,pending
00:22:52.96,34324,玄阻岛修士,Ytarsor,0.566,pending
00:22:52.96,34324,玄阻岛修士,德艺双曼小郎君,0.671,low_conf
00:22:52.96,34324,玄阻岛修士,乐票折,0.431,pending
00:22:52.96,34324,玄阻岛修士,朵复,0.174,pending
00:22:52.96,34324,玄阻岛修士,泰梦的身器,0.487,pending
00:22:52.96,34324,玄阻岛修士,新果了,0.467,pending
00:22:52.96,34324,玄阻岛修士,最爱的喵棒,0.554,pending
00:22:52.96,34324,玄阻岛修士,hci2022520,0.684,low_conf
00:22:52.96,34324,玄阻岛修士,Ye敏,0.233,pending
00:22:52.96,34324,玄阻岛修士,地下通道站,0.703,low_conf
00:22:52.96,34324,玄阻岛修士,精油者,0.349,pending
00:22:52.96,34324,玄阻岛修士,木陽春,0.446,pending
00:22:52.96,34324,玄阻岛修士,泰森的,0.442,pending
00:22:52.96,34324,玄阻岛修士,星沉烦野,0.391,pending
00:22:52.96,34324,玄阻岛修士,最后的轻请才,0.694,low_conf
00:22:56.64,34416,玄阻岛修士,狄菜,0.562,pending
00:22:56.64,34416,玄阻岛修士,钟k3Ng,0.369,pending
00:22:56.64,34416,玄阻岛修士,深沐冰,0.465,pending
00:22:56.64,34416,玄阻岛修士,汤团猪,0.718,low_conf
00:22:56.64,34416,玄阻岛修士,zevvvy10,0.438,pending
00:22:56.64,34416,玄阻岛修士,现C,0.107,pending
00:22:56.64,34416,玄阻岛修士,深然深,0.421,pending
00:22:56.64,34416,玄阻岛修士,汤圆有是用来捏的,0.721,low_conf
00:22:56.64,34416,玄阻岛修士,星净润丹丹,0.316,pending
00:22:56.64,34416,玄阻岛修士,hhinashsa,0.614,low_conf
00:22:56.64,34416,玄阻岛修士,zetey,0.645,low_conf
00:22:56.64,34416,玄阻岛修士,碲花之秀,0.656,low_conf
00:22:56.64,34416,玄阻岛修士,图图0 0,0.631,low_conf
00:22:56.64,34416,玄阻岛修士,深育众,0.242,pending
00:22:56.64,34416,玄阻岛修士,汤圆耐高温,0.542,pending
00:22:56.64,34416,玄阻岛修士,星星套英94,0.584,pending
00:22:56.64,34416,玄阻岛修士,hn sissi,0.705,low_conf
00:22:56.64,34416,玄阻岛修士,Ziht919,0.611,low_conf
00:22:56.64,34416,玄阻岛修士,电一角驴,0.716,low_conf
00:22:56.64,34416,玄阻岛修士,牵极无敌の暴力,0.726,low_conf
00:22:56.64,34416,玄阻岛修士,深月M,0.619,low_conf
00:22:56.64,34416,玄阻岛修士,澳贝园,0.185,pending
00:22:56.64,34416,玄阻岛修士,星星套全中,0.409,pending
00:22:56.64,34416,玄阻岛修士,Hissin,0.713,low_conf
00:22:56.64,34416,玄阻岛修士,zshile,0.72,low_conf
00:22:56.64,34416,玄阻岛修士,九板光敌破,0.561,pending
00:22:56.64,34416,玄阻岛修士,菜盒,0.143,pending
00:22:56.64,34416,玄阻岛修士,虞崽虎虎笨笨水水,0.603,low_conf
00:22:56.64,34416,玄阻岛修士,星全等由,0.328,pending
00:22:56.64,34416,玄阻岛修士,Hingmmbb,0.662,low_conf
00:22:56.64,34416,玄阻岛修士,znlce己烘,0.611,low_conf
00:22:56.64,34416,玄阻岛修士,电波卡浆,0.587,pending
00:22:56.64,34416,玄阻岛修士,九尽天爽破,0.403,pending
00:22:56.64,34416,玄阻岛修士,豪焊扇,0.176,pending
00:22:56.64,34416,玄阻岛修士,利虎虎彩,0.299,pending
00:22:56.64,34416,玄阻岛修士,星场,0.347,pending
00:22:56.64,34416,玄阻岛修士,先生の,0.536,pending
00:22:56.64,34416,玄阻岛修士,hiro730,0.633,low_conf
00:22:56.64,34416,玄阻岛修士,Zuabe,0.435,pending
00:22:56.64,34416,玄阻岛修士,九二天境,0.403,pending
00:22:56.64,34416,玄阻岛修士,豪夜,0.296,pending
00:22:56.64,34416,玄阻岛修士,荣具,0.189,pending
00:22:56.64,34416,玄阻岛修士,星禁小惠人贝人套,0.554,pending
00:22:56.64,34416,玄阻岛修士,zwchmy,0.709,low_conf
00:22:56.64,34416,玄阻岛修士,凋零敲的小弟,0.616,low_conf
00:22:56.64,34416,玄阻岛修士,九二学摄,0.727,low_conf
00:22:56.64,34416,玄阻岛修士,着夜里,0.399,pending
00:22:56.64,34416,玄阻岛修士,棠莲月,0.636,low_conf
00:22:56.64,34416,玄阻岛修士,雕有同份科阳,0.323,pending
00:22:56.64,34416,玄阻岛修士,雕阑同倚斜阳,0.663,low_conf
00:22:56.64,34416,落云宗修士,卡卡强,0.716,low_conf
00:22:56.64,34416,落云宗修士,天义星,0.574,pending
00:22:56.64,34416,落云宗修士,鸭鸭,0.664,low_conf
00:22:56.64,34416,落云宗修士,-yan.,0.741,low_conf
00:22:56.64,34416,落云宗修士,卡卡羽,0.731,low_conf
00:22:56.64,34416,落云宗修士,宰大大、,0.68,low_conf
00:22:56.64,34416,落云宗修士,天翌星,0.749,low_conf
00:22:56.64,34416,落云宗修士,牙膏了,0.718,low_conf
00:22:56.64,34416,落云宗修士,卡了电子,0.668,low_conf
00:22:56.64,34416,落云宗修士,天逸風行,0.742,low_conf
00:22:56.64,34416,落云宗修士,卡里斯,0.661,low_conf
00:22:56.64,34416,落云宗修士,反王,0.65,low_conf
00:22:56.64,34416,落云宗修士,卡面来,0.676,low_conf
00:22:56.64,34416,落云宗修士,涯麟,0.638,low_conf
00:23:00.32,34508,落云宗修士,jtibs,0.736,low_conf
00:23:00.32,34508,落云宗修士,犯罪师,0.747,low_conf
00:23:00.32,34508,落云宗修士,卡以垫,0.689,low_conf
00:23:00.32,34508,落云宗修士,阿喵、,0.716,low_conf
00:23:00.32,34508,落云宗修士,开,0.454,pending
00:23:00.32,34508,落云宗修士,一软哩·,0.36,pending
00:23:00.32,34508,落云宗修士,饭蛋蛋,0.748,low_conf
00:23:00.32,34508,落云宗修士,开消爷,0.488,pending
00:23:00.32,34508,落云宗修士,牛花大楼,0.615,low_conf
00:23:00.32,34508,落云宗修士,天真傻白糖,0.699,low_conf
00:23:00.32,34508,落云宗修士,饭饭小吖吖,0.699,low_conf
00:23:00.32,34508,落云宗修士,开放后,0.531,pending
00:23:00.32,34508,落云宗修士,牛货解毒片V,0.73,low_conf
00:23:00.32,34508,落云宗修士,纯机,0.32,pending
00:23:00.32,34508,落云宗修士,开会员,0.639,low_conf
00:23:00.32,34508,落云宗修士,牛楼出手颂,0.517,pending
00:23:00.32,34508,落云宗修士,天芝小塑,0.595,pending
00:23:00.32,34508,落云宗修士,开层员,0.44,pending
00:23:00.32,34508,落云宗修士,关、动,0.408,pending
00:23:00.32,34508,落云宗修士,呀呼√哇哈哈,0.689,low_conf
00:23:00.32,34508,落云宗修士,剑基,0.396,pending
00:23:00.32,34508,落云宗修士,Juner-6,0.739,low_conf
00:23:00.32,34508,落云宗修士,饭影富蛋,0.686,low_conf
00:23:00.32,34508,落云宗修士,开异心,0.506,pending
00:23:00.32,34508,落云宗修士,牛至显拉,0.416,pending
00:23:00.32,34508,落云宗修士,并开心,0.613,low_conf
00:23:00.32,34508,落云宗修士,牛奶冰路,0.614,low_conf
00:23:00.32,34508,落云宗修士,大,0.199,pending
00:23:00.32,34508,落云宗修士,呀麦芽,0.516,pending
00:23:00.32,34508,落云宗修士,就像及,0.485,pending
00:23:00.32,34508,落云宗修士,JUNe-ziWen,0.727,low_conf
00:23:00.32,34508,落云宗修士,范臻,0.537,pending
00:23:00.32,34508,落云宗修士,田馥甄的大葱,0.737,low_conf
00:23:00.32,34508,落云宗修士,秋派,0.31,pending
00:23:00.32,34508,落云宗修士,JunJun饱,0.704,low_conf
00:23:00.32,34508,落云宗修士,范莱827927,0.719,low_conf
00:23:00.32,34508,落云宗修士,开开心！,0.371,pending
00:23:00.32,34508,落云宗修士,牛奶桶字瘦,0.482,pending
00:23:00.32,34508,落云宗修士,田广,0.407,pending
00:23:00.32,34508,落云宗修士,烟,0.4,pending
00:23:00.32,34508,落云宗修士,汤汤神十香,0.524,pending
00:23:00.32,34508,落云宗修士,junk,0.733,low_conf
00:23:00.32,34508,落云宗修士,爱弹琴的红萄尖,0.729,low_conf
00:23:00.32,34508,落云宗修士,范世贤,0.67,low_conf
00:23:00.32,34508,落云宗修士,开口使,0.422,pending
00:23:00.32,34508,落云宗修士,牛奶乃生奶牛奶,0.747,low_conf
00:23:00.32,34508,落云宗修士,用用-乐乐,0.618,low_conf
00:23:00.32,34508,落云宗修士,烟花漫墓,0.548,pending
00:23:00.32,34508,落云宗修士,1夜78钟叶嘴品,0.519,pending
00:23:00.32,34508,落云宗修士,Jusix喜斯型,0.606,low_conf
00:23:00.32,34508,落云宗修士,梵梵,0.093,pending
00:23:00.32,34508,落云宗修士,开门资,0.654,low_conf
00:23:00.32,34508,落云宗修士,牛奶牛克小朵奶,0.529,pending
00:23:00.32,34508,落云宗修士,田姓修十,0.578,pending
00:23:00.32,34508,落云宗修士,238,0.619,low_conf
00:23:00.32,34508,落云宗修士,Just嘉斯架,0.717,low_conf
00:23:00.32,34508,落云宗修士,爱的唯一M晨希,0.585,pending
00:23:00.32,34508,落云宗修士,替膏的地,0.517,pending
00:23:00.32,34508,落云宗修士,并久见,0.253,pending
00:23:00.32,34508,落云宗修士,牛奶卓妮先,0.408,pending
00:23:00.32,34508,落云宗修士,田蚝小花,0.405,pending
00:23:00.32,34508,落云宗修士,烟化要,0.536,pending
00:23:00.32,34508,落云宗修士,爱滴嘎船长,0.573,pending
00:23:00.32,34508,落云宗修士,体高代,0.173,pending
00:23:00.32,34508,落云宗修士,开圣质,0.33,pending
00:23:00.32,34508,落云宗修士,由野拓花,0.34,pending
00:23:00.32,34508,落云宗修士,烟消云沫,0.656,low_conf
00:23:00.32,34508,落云宗修士,AA方魂,0.674,low_conf
00:23:00.32,34508,落云宗修士,爱尚点胎,0.512,pending
00:23:00.32,34508,落云宗修士,体让,0.16,pending
00:23:00.32,34508,落云宗修士,开水有,0.432,pending
00:23:00.32,34508,落云宗修士,牛年改勿,0.545,pending
00:23:00.32,34508,落云宗修士,由定拓,0.177,pending
00:23:00.32,34508,落云宗修士,烟凋烟漆呀,0.447,pending
00:23:00.32,34508,落云宗修士,justiceb,0.733,low_conf
00:23:00.32,34508,落云宗修士,体好,0.104,pending
00:23:00.32,34508,落云宗修士,开水泡,0.644,low_conf
00:23:00.32,34508,落云宗修士,牛牛吃想,0.426,pending
00:23:00.32,34508,落云宗修士,由正华,0.419,pending
00:23:00.32,34508,落云宗修士,-Cva限,0.49,pending
00:23:00.32,34508,落云宗修士,Jjusstsugn,0.739,low_conf
00:23:00.32,34508,落云宗修士,爱钓急的电视剧,0.599,pending
00:23:00.32,34508,落云宗修士,梦伐折罗,0.6,low_conf
00:23:00.32,34508,落云宗修士,并拓子,0.581,pending
00:23:00.32,34508,落云宗修士,牛牛吃糖SS,0.467,pending
00:23:00.32,34508,落云宗修士,用止张,0.461,pending
00:23:00.32,34508,落云宗修士,烟雨渡艺,0.62,low_conf
00:23:00.32,34508,落云宗修士,-Dean阳,0.667,low_conf
00:23:00.32,34508,落云宗修士,爱动逼的动鼠,0.734,low_conf
00:23:00.32,34508,落云宗修士,出代,0.105,pending
00:23:00.32,34508,落云宗修士,开提克,0.421,pending
00:23:00.32,34508,落云宗修士,牛牛肉丸,0.29,pending
00:23:00.32,34508,落云宗修士,国里张吉,0.265,pending
00:23:00.32,34508,落云宗修士,烟雨渡,0.526,pending
00:23:00.32,34508,落云宗修士,JustusG,0.72,low_conf
00:23:00.32,34508,落云宗修士,殷由律穗,0.241,pending
00:23:00.32,34508,落云宗修士,开挖掘,0.7,low_conf
00:23:00.32,34508,落云宗修士,牛牛的杂,0.718,low_conf
00:23:00.32,34508,落云宗修士,甜果老菜,0.486,pending
00:23:00.32,34508,落云宗修士,jwbbb,0.737,low_conf
00:23:00.32,34508,落云宗修士,爱豆鑫修t,0.521,pending
00:23:00.32,34508,落云宗修士,古绿面,0.411,pending
00:23:00.32,34508,落云宗修士,开心大,0.728,low_conf
00:23:00.32,34508,落云宗修士,甜不辣不,0.662,low_conf
00:23:00.32,34508,落云宗修士,烟雨铃笔,0.7,low_conf
00:23:00.32,34508,落云宗修士,Iwn51,0.565,pending
00:23:00.32,34508,落云宗修士,爱放人修的,0.579,pending
00:23:00.32,34508,落云宗修士,方使很的音,0.463,pending
00:23:00.32,34508,落云宗修士,开心的,0.726,low_conf
00:23:00.32,34508,落云宗修士,牛宿玺壁阵四,0.552,pending
00:23:00.32,34508,落云宗修士,甜橙汤包,0.49,pending
00:23:00.32,34508,落云宗修士,爱放舒的的冰,0.627,low_conf
00:23:00.32,34508,落云宗修士,万寸韵,0.591,pending
00:23:00.32,34508,落云宗修士,开心就,0.741,low_conf
00:23:00.32,34508,落云宗修士,甜酒汤包儿,0.746,low_conf
00:23:00.32,34508,落云宗修士,kkxx.,0.689,low_conf
00:23:00.32,34508,落云宗修士,爱飞行的,0.724,low_conf
00:23:00.32,34508,落云宗修士,方方正心,0.616,low_conf
00:23:00.32,34508,落云宗修士,开心快,0.747,low_conf
00:23:00.32,34508,落云宗修士,甜蜜意0,0.625,low_conf
00:23:00.32,34508,落云宗修士,淹死的鱼_W,0.72,low_conf
00:23:00.32,34508,落云宗修士,ki_qwq.,0.699,low_conf
00:23:00.32,34508,落云宗修士,iyt96,0.741,low_conf
00:23:00.32,34508,落云宗修士,爱天斯坦,0.571,pending
00:23:00.32,34508,落云宗修士,方鸿渐,0.608,low_conf
00:23:00.32,34508,落云宗修士,开心坤,0.742,low_conf
00:23:00.32,34508,落云宗修士,灌落流疡,0.574,pending
00:23:00.32,34508,落云宗修士,JZ永夜,0.677,low_conf
00:23:00.32,34508,落云宗修士,方华慢,0.599,pending
00:23:00.32,34508,落云宗修士,开心芒,0.608,low_conf
00:23:00.32,34508,落云宗修士,扭鞭扭鞭,0.502,pending
00:23:00.32,34508,落云宗修士,煙,0.12,pending
00:23:00.32,34508,落云宗修士,Lizz-,0.492,pending
00:23:00.32,34508,落云宗修士,iz2516,0.729,low_conf
00:23:00.32,34508,落云宗修士,爱避会所内,0.678,low_conf
00:23:00.32,34508,落云宗修士,开心喵,0.733,low_conf
00:23:00.32,34508,落云宗修士,扭曲的486,0.745,low_conf
00:23:00.32,34508,落云宗修士,严洁雯,0.686,low_conf
00:23:00.32,34508,落云宗修士,开心猪,0.747,low_conf
00:23:00.32,34508,落云宗修士,扭一扭舔一舔泡一,0.657,low_conf
00:23:00.32,34508,落云宗修士,甜甜丸爸,0.566,pending
00:23:00.32,34508,落云宗修士,方糖g,0.572,pending
00:23:00.32,34508,落云宗修士,开心自,0.742,low_conf
00:23:00.32,34508,落云宗修士,爱喝茶的羊吖,0.748,low_conf
00:23:00.32,34508,落云宗修士,方翁炎,0.622,low_conf
00:23:00.32,34508,落云宗修士,开原教,0.746,low_conf
00:23:00.32,34508,落云宗修士,钮钴禄屠戮玄武龟,0.745,low_conf
00:23:00.32,34508,落云宗修士,严小景,0.745,low_conf
00:23:00.32,34508,落云宗修士,JZの)辰,0.678,low_conf
00:23:00.32,34508,落云宗修士,方小三,0.666,low_conf
00:23:00.32,34508,落云宗修士,开着绿1,0.732,low_conf
00:23:00.32,34508,落云宗修士,舔舔君,0.545,pending
00:23:00.32,34508,落云宗修士,方猩装,0.66,low_conf
00:23:00.32,34508,落云宗修士,開往春,0.658,low_conf
00:23:00.32,34508,落云宗修士,-农夫,0.625,low_conf
00:23:00.32,34508,落云宗修士,言,0.488,pending
00:23:04.00,34600,落云宗修士,凯凯枫,0.732,low_conf
00:23:04.00,34600,落云宗修士,Sting.,0.698,low_conf
00:23:04.00,34600,落云宗修士,凯利酱,0.671,low_conf
00:23:04.00,34600,落云宗修士,--,0.261,pending
00:23:04.00,34600,落云宗修士,凯麒赵,0.74,low_conf
00:23:04.00,34600,落云宗修士,言小黎,0.704,low_conf
00:23:04.00,34600,落云宗修士,凯撒小,0.659,low_conf
00:23:04.00,34600,落云宗修士,言-严,0.66,low_conf
00:23:04.00,34600,落云宗修士,ZOZ,0.55,pending
00:23:04.00,34600,落云宗修士,房诗,0.666,low_conf
00:23:04.00,34600,落云宗修士,凯撒音,0.708,low_conf
00:23:04.00,34600,落云宗修士,Zz-z,0.46,pending
00:23:04.00,34600,落云宗修士,凯文斯,0.741,low_conf
00:23:04.00,34600,落云宗修士,铁骨猛汉療,0.706,low_conf
00:23:04.00,34600,落云宗修士,言一酱,0.652,low_conf
00:23:04.00,34600,落云宗修士,凯旋SUR,0.535,pending
00:23:04.00,34600,落云宗修士,铁太阳,0.748,low_conf
00:23:04.00,34600,落云宗修士,言云泽,0.632,low_conf
00:23:04.00,34600,落云宗修士,阿梦,0.535,pending
00:23:04.00,34600,落云宗修士,仿飘絮,0.708,low_conf
00:23:04.00,34600,落云宗修士,恺灵子,0.595,pending
00:23:04.00,34600,落云宗修士,言、之、命、至,0.687,low_conf
00:23:04.00,34600,落云宗修士,仿生羊,0.739,low_conf
00:23:04.00,34600,落云宗修士,飘爽,0.1,pending
00:23:04.00,34600,落云宗修士,爱看动漫l,0.637,low_conf
00:23:04.00,34600,落云宗修士,坎特,0.62,low_conf
00:23:04.00,34600,落云宗修士,安,0.473,pending
00:23:04.00,34600,落云宗修士,优食,0.127,pending
00:23:04.00,34600,落云宗修士,鐵道友,0.674,low_conf
00:23:04.00,34600,落云宗修士,炎爆的小弟,0.707,low_conf
00:23:04.00,34600,落云宗修士,看B山,0.474,pending
00:23:04.00,34600,落云宗修士,炎赫苍窖手,0.619,low_conf
00:23:04.00,34600,落云宗修士,尖欣,0.346,pending
00:23:04.00,34600,落云宗修士,爱刻滑的天哥,0.72,low_conf
00:23:04.00,34600,落云宗修士,看不见,0.704,low_conf
00:23:04.00,34600,落云宗修士,努哈克,0.521,pending
00:23:04.00,34600,落云宗修士,炎君会,0.442,pending
00:23:04.00,34600,落云宗修士,洗眠,0.424,pending
00:23:04.00,34600,落云宗修士,KaNaYu空息,0.649,low_conf
00:23:04.00,34600,落云宗修士,看到都,0.718,low_conf
00:23:04.00,34600,落云宗修士,怒怒是傻纸,0.619,low_conf
00:23:04.00,34600,落云宗修士,订书,0.411,pending
00:23:04.00,34600,落云宗修士,炎若熙,0.643,low_conf
00:23:04.00,34600,落云宗修士,虎眠,0.527,pending
00:23:04.00,34600,落云宗修士,kanz zzz,0.69,low_conf
00:23:04.00,34600,落云宗修士,放鸽子的三月,0.738,low_conf
00:23:04.00,34600,落云宗修士,看到,0.592,pending
00:23:04.00,34600,落云宗修士,女汤,0.395,pending
00:23:04.00,34600,落云宗修士,炎影化目,0.696,low_conf
00:23:04.00,34600,落云宗修士,城南1日事,0.72,low_conf
00:23:04.00,34600,落云宗修士,看到我！,0.73,low_conf
00:23:04.00,34600,落云宗修士,腰米膜,0.667,low_conf
00:23:04.00,34600,落云宗修士,江州-孩,0.558,pending
00:23:04.00,34600,落云宗修士,城康收,0.566,pending
00:23:04.00,34600,落云宗修士,看到摄,0.658,low_conf
00:23:04.00,34600,落云宗修士,腰胀ymy,0.467,pending
00:23:04.00,34600,落云宗修士,盐湖源自形,0.595,pending
00:23:04.00,34600,落云宗修士,的灰摄,0.347,pending
00:23:04.00,34600,落云宗修士,放九,0.486,pending
00:23:04.00,34600,落云宗修士,看的推,0.458,pending
00:23:04.00,34600,落云宗修士,暖暖小娃娃,0.731,low_conf
00:23:04.00,34600,落云宗修士,听不懂后退,0.73,low_conf
00:23:04.00,34600,落云宗修士,盐融水,0.702,low_conf
00:23:04.00,34600,落云宗修士,的地得,0.617,low_conf
00:23:04.00,34600,落云宗修士,Karinvx,0.728,low_conf
00:23:04.00,34600,落云宗修士,放开那包干脆可,0.698,low_conf
00:23:04.00,34600,落云宗修士,看拍推,0.416,pending
00:23:04.00,34600,落云宗修士,暖泡泡风,0.446,pending
00:23:04.00,34600,落云宗修士,听不懂想来,0.679,low_conf
00:23:04.00,34600,落云宗修士,市,0.026,pending
00:23:04.00,34600,落云宗修士,KaVHTB,0.705,low_conf
00:23:04.00,34600,落云宗修士,放开那个芊圆,0.664,low_conf
00:23:04.00,34600,落云宗修士,看掉漫,0.357,pending
00:23:04.00,34600,落云宗修士,听不见的记忆,0.682,low_conf
00:23:04.00,34600,落云宗修士,盐水卡,0.561,pending
00:23:04.00,34600,落云宗修士,-段示,0.474,pending
00:23:04.00,34600,落云宗修士,Kary,0.491,pending
00:23:04.00,34600,落云宗修士,爱留虚拟捷,0.581,pending
00:23:04.00,34600,落云宗修士,放弃自婚念买,0.637,low_conf
00:23:04.00,34600,落云宗修士,看动漫,0.669,low_conf
00:23:04.00,34600,落云宗修士,暖柯1988555,0.699,low_conf
00:23:04.00,34600,落云宗修士,盐味闲人,0.58,pending
00:23:04.00,34600,落云宗修士,-风尘,0.558,pending
00:23:04.00,34600,落云宗修士,kasaai,0.58,pending
00:23:04.00,34600,落云宗修士,放拜小人,0.61,low_conf
00:23:04.00,34600,落云宗修士,暖阳8,0.626,low_conf
00:23:04.00,34600,落云宗修士,听风曾纤说和…,0.555,pending
00:23:04.00,34600,落云宗修士,风波亚,0.436,pending
00:23:04.00,34600,落云宗修士,kassie22,0.695,low_conf
00:23:04.00,34600,落云宗修士,爱梵果,0.737,low_conf
00:23:04.00,34600,落云宗修士,看狗鼠,0.463,pending
00:23:04.00,34600,落云宗修士,暖阳拭,0.642,low_conf
00:23:04.00,34600,落云宗修士,风波恶,0.588,pending
00:23:04.00,34600,落云宗修士,katsieke,0.7,low_conf
00:23:04.00,34600,落云宗修士,爱米的吉,0.659,low_conf
00:23:04.00,34600,落云宗修士,放我素质,0.602,low_conf
00:23:04.00,34600,落云宗修士,看见你,0.563,pending
00:23:04.00,34600,落云宗修士,暖翼尚1003,0.376,pending
00:23:04.00,34600,落云宗修士,南温盐白,0.229,pending
00:23:04.00,34600,落云宗修士,风马-,0.526,pending
00:23:04.00,34600,落云宗修士,爱摸的的菜狗,0.731,low_conf
00:23:04.00,34600,落云宗修士,放盐同乐鸡,0.597,pending
00:23:04.00,34600,落云宗修士,瘦味,0.127,pending
00:23:04.00,34600,落云宗修士,听风说她怀,0.535,pending
00:23:04.00,34600,落云宗修士,阁湾爱X,0.477,pending
00:23:04.00,34600,落云宗修士,福宝,0.658,low_conf
00:23:04.00,34600,落云宗修士,爱摸的采拍,0.517,pending
00:23:04.00,34600,落云宗修士,放盐的,0.558,pending
00:23:04.00,34600,落云宗修士,看看鬼,0.593,pending
00:23:04.00,34600,落云宗修士,诺第留逝,0.474,pending
00:23:04.00,34600,落云宗修士,听风诉幽,0.447,pending
00:23:04.00,34600,落云宗修士,阁罗,0.483,pending
00:23:04.00,34600,落云宗修士,腐草为蜜,0.361,pending
00:23:04.00,34600,落云宗修士,kaven涂漆化,0.718,low_conf
00:23:04.00,34600,落云宗修士,爱你铁日,0.556,pending
00:23:04.00,34600,落云宗修士,飞大大鱼,0.627,low_conf
00:23:04.00,34600,落云宗修士,看看苦,0.532,pending
00:23:04.00,34600,落云宗修士,诺第留进,0.681,low_conf
00:23:04.00,34600,落云宗修士,听#,0.337,pending
00:23:04.00,34600,落云宗修士,颜罗柔花当佩琼据,0.544,pending
00:23:04.00,34600,落云宗修士,飞奔的大鱼,0.615,low_conf
00:23:04.00,34600,落云宗修士,看看那,0.715,low_conf
00:23:04.00,34600,落云宗修士,诺海诗洋,0.685,low_conf
00:23:04.00,34600,落云宗修士,听港管景,0.487,pending
00:23:04.00,34600,落云宗修士,古或今-,0.648,low_conf
00:23:04.00,34600,落云宗修士,爱你肌跑花模科食厂,0.449,pending
00:23:04.00,34600,落云宗修士,飞奔的大联,0.624,low_conf
00:23:04.00,34600,落云宗修士,看那个,0.704,low_conf
00:23:04.00,34600,落云宗修士,诺猫与优,0.744,low_conf
00:23:04.00,34600,落云宗修士,听花洛素贝,0.581,pending
00:23:04.00,34600,落云宗修士,颜颜颜,0.408,pending
00:23:04.00,34600,落云宗修士,-谷雨,0.561,pending
00:23:04.00,34600,落云宗修士,kawari猫,0.737,low_conf
00:23:04.00,34600,落云宗修士,爱拍照的化果,0.533,pending
00:23:04.00,34600,落云宗修士,看呐方,0.712,low_conf
00:23:04.00,34600,落云宗修士,听克,0.597,pending
00:23:04.00,34600,落云宗修士,零,0.039,pending
00:23:04.00,34600,落云宗修士,顾白,0.612,low_conf
00:23:04.00,34600,落云宗修士,爱麦奶爸翔子,0.456,pending
00:23:04.00,34600,落云宗修士,飞奔的大个萄,0.575,pending
00:23:04.00,34600,落云宗修士,看破yq,0.659,low_conf
00:23:04.00,34600,落云宗修士,诺小诺,0.748,low_conf
00:23:04.00,34600,落云宗修士,听克需,0.72,low_conf
00:23:04.00,34600,落云宗修士,行朗见,0.657,low_conf
00:23:07.68,34692,落云宗修士,--呵呵呵呵呵呵--,0.686,low_conf
00:23:07.68,34692,落云宗修士,看视频,0.748,low_conf
00:23:07.68,34692,落云宗修士,红色,0.666,low_conf
00:23:07.68,34692,落云宗修士,看文献,0.747,low_conf
00:23:07.68,34692,落云宗修士,飞赫赫,0.748,low_conf
00:23:07.68,34692,落云宗修士,看我的,0.676,low_conf
00:23:07.68,34692,落云宗修士,纪不住,0.735,low_conf
00:23:07.68,34692,落云宗修士,看我昵,0.676,low_conf
00:23:07.68,34692,落云宗修士,看我是,0.731,low_conf
00:23:07.68,34692,落云宗修士,噢类,0.651,low_conf
00:23:07.68,34692,落云宗修士,琰小向,0.736,low_conf
00:23:07.68,34692,落云宗修士,看我胸,0.744,low_conf
00:23:07.68,34692,落云宗修士,卷毛毛,0.703,low_conf
00:23:07.68,34692,落云宗修士,看着点,0.744,low_conf
00:23:07.68,34692,落云宗修士,哦给么吉,0.682,low_conf
00:23:07.68,34692,落云宗修士,听雪辨愁,0.68,low_conf
00:23:07.68,34692,落云宗修士,咽天真,0.734,low_conf
00:23:07.68,34692,落云宗修士,枯枫,0.656,low_conf
00:23:07.68,34692,落云宗修士,飞来去,0.741,low_conf
00:23:07.68,34692,落云宗修士,看朕的,0.594,pending
00:23:07.68,34692,落云宗修士,彦彦之,0.66,low_conf
00:23:07.68,34692,落云宗修士,厉飞雨,0.678,low_conf
00:23:07.68,34692,落云宗修士,康,0.5,pending
00:23:07.68,34692,落云宗修士,Ken昕,0.662,low_conf
00:23:07.68,34692,落云宗修士,飞龙嘉鞠,0.702,low_conf
00:23:07.68,34692,落云宗修士,听悦昭昭,0.722,low_conf
00:23:07.68,34692,落云宗修士,马赛水手,0.715,low_conf
00:23:07.68,34692,落云宗修士,Ken一手,0.713,low_conf
00:23:07.68,34692,落云宗修士,爱睡觉的懒橘,0.733,low_conf
00:23:07.68,34692,落云宗修士,康卡路,0.715,low_conf
00:23:07.68,34692,落云宗修士,哦玛莉亚,0.722,low_conf
00:23:07.68,34692,落云宗修士,廷廷t,0.735,low_conf
00:23:07.68,34692,落云宗修士,宴慢,0.659,low_conf
00:23:07.68,34692,落云宗修士,梦澈,0.649,low_conf
00:23:07.68,34692,落云宗修士,康康大,0.743,low_conf
00:23:07.68,34692,落云宗修士,晏先生、,0.746,low_conf
00:23:07.68,34692,落云宗修士,梦远,0.666,low_conf
00:23:07.68,34692,落云宗修士,康康熊,0.652,low_conf
00:23:07.68,34692,落云宗修士,亭亭四季,0.646,low_conf
00:23:07.68,34692,落云宗修士,-咪啪-,0.662,low_conf
00:23:07.68,34692,落云宗修士,康先生,0.736,low_conf
00:23:07.68,34692,落云宗修士,哦哦咋,0.561,pending
00:23:07.68,34692,落云宗修士,享下人,0.498,pending
00:23:07.68,34692,落云宗修士,焰火声,0.748,low_conf
00:23:07.68,34692,落云宗修士,铭尘,0.662,low_conf
00:23:07.68,34692,落云宗修士,爱蕊anna,0.731,low_conf
00:23:07.68,34692,落云宗修士,飞天彩虹兔,0.741,low_conf
00:23:07.68,34692,落云宗修士,亭下赏月,0.718,low_conf
00:23:07.68,34692,落云宗修士,爱碳碳固阁,0.591,pending
00:23:07.68,34692,落云宗修士,飞天功夫,0.675,low_conf
00:23:07.68,34692,落云宗修士,考拉装,0.64,low_conf
00:23:07.68,34692,落云宗修士,欧罢,0.511,pending
00:23:07.68,34692,落云宗修士,莫塑,0.338,pending
00:23:07.68,34692,落云宗修士,考了去,0.441,pending
00:23:07.68,34692,落云宗修士,欧布布布略,0.742,low_conf
00:23:07.68,34692,落云宗修士,庭上雨,0.646,low_conf
00:23:07.68,34692,落云宗修士,雁度真夜,0.697,low_conf
00:23:07.68,34692,落云宗修士,烤个棉,0.747,low_conf
00:23:07.68,34692,落云宗修士,清款,0.555,pending
00:23:07.68,34692,落云宗修士,爱偷蛋的胃某,0.679,low_conf
00:23:07.68,34692,落云宗修士,庭闲散林空鹑雪,0.748,low_conf
00:23:07.68,34692,落云宗修士,雁云,0.593,pending
00:23:07.68,34692,落云宗修士,清割,0.423,pending
00:23:07.68,34692,落云宗修士,靠迅我,0.475,pending
00:23:07.68,34692,落云宗修士,情窃S,0.451,pending
00:23:07.68,34692,落云宗修士,靠谱同,0.621,low_conf
00:23:07.68,34692,落云宗修士,欧皇王路飞,0.704,low_conf
00:23:07.68,34692,落云宗修士,停蜓亭,0.709,low_conf
00:23:07.68,34692,落云宗修士,唇餐餐,0.256,pending
00:23:07.68,34692,落云宗修士,秋秋了,0.684,low_conf
00:23:07.68,34692,落云宗修士,和y,0.226,pending
00:23:07.68,34692,落云宗修士,欧皇小驼,0.671,low_conf
00:23:07.68,34692,落云宗修士,烫菜肉肉,0.486,pending
00:23:07.68,34692,落云宗修士,柯衰战,0.591,pending
00:23:07.68,34692,落云宗修士,婷儿,0.659,low_conf
00:23:07.68,34692,落云宗修士,燕返勺！,0.595,pending
00:23:07.68,34692,落云宗修士,柔柔,0.491,pending
00:23:07.68,34692,落云宗修士,柯大王,0.381,pending
00:23:07.68,34692,落云宗修士,欧克望,0.737,low_conf
00:23:07.68,34692,落云宗修士,伴啥,0.318,pending
00:23:07.68,34692,落云宗修士,飞翔的小嘟,0.736,low_conf
00:23:07.68,34692,落云宗修士,柯,0.287,pending
00:23:07.68,34692,落云宗修士,欧拉小趴菜,0.745,low_conf
00:23:07.68,34692,落云宗修士,燕蒸蒸燕,0.604,low_conf
00:23:07.68,34692,落云宗修士,一个里春,0.433,pending
00:23:07.68,34692,落云宗修士,爱唯爱人,0.624,low_conf
00:23:07.68,34692,落云宗修士,飞翔的鱼手,0.695,low_conf
00:23:07.68,34692,落云宗修士,柯基教,0.736,low_conf
00:23:07.68,34692,落云宗修士,欧爱巴卓,0.542,pending
00:23:07.68,34692,落云宗修士,说怎套好吃的,0.574,pending
00:23:07.68,34692,落云宗修士,飞翔咆梦想,0.701,low_conf
00:23:07.68,34692,落云宗修士,欧尼酱喝？,0.66,low_conf
00:23:07.68,34692,落云宗修士,通辽间中书门下平,0.658,low_conf
00:23:07.68,34692,落云宗修士,死包柔,0.167,pending
00:23:07.68,34692,落云宗修士,KezhiWoYi,0.748,low_conf
00:23:07.68,34692,落云宗修士,爱令西粉,0.647,low_conf
00:23:07.68,34692,落云宗修士,飞向床,0.527,pending
00:23:07.68,34692,落云宗修士,柯十。,0.482,pending
00:23:07.68,34692,落云宗修士,欧尼+,0.597,pending
00:23:07.68,34692,落云宗修士,死肥汤,0.554,pending
00:23:07.68,34692,落云宗修士,kazv,0.536,pending
00:23:07.68,34692,落云宗修士,爱稀饭卧底,0.727,low_conf
00:23:07.68,34692,落云宗修士,飞向天边的屋,0.691,low_conf
00:23:07.68,34692,落云宗修士,柯利斯,0.499,pending
00:23:07.68,34692,落云宗修士,同类滑,0.396,pending
00:23:07.68,34692,落云宗修士,场奔688,0.714,low_conf
00:23:07.68,34692,落云宗修士,奥宝汤,0.545,pending
00:23:07.68,34692,落云宗修士,kadbs,0.498,pending
00:23:07.68,34692,落云宗修士,爱小栗子糕,0.657,low_conf
00:23:07.68,34692,落云宗修士,柯利,0.519,pending
00:23:07.68,34692,落云宗修士,欧满满狗子粉,0.697,low_conf
00:23:07.68,34692,落云宗修士,同军,0.534,pending
00:23:07.68,34692,落云宗修士,果果,0.094,pending
00:23:07.68,34692,落云宗修士,khadiooo,0.62,low_conf
00:23:07.68,34692,落云宗修士,爱学牙的方小兰花,0.736,low_conf
00:23:07.68,34692,落云宗修士,飞行奶兔,0.624,low_conf
00:23:07.68,34692,落云宗修士,柯存数,0.335,pending
00:23:07.68,34692,落云宗修士,欧文满,0.608,low_conf
00:23:07.68,34692,落云宗修士,同商伊,0.445,pending
00:23:07.68,34692,落云宗修士,扬州市厦,0.569,pending
00:23:07.68,34692,落云宗修士,随不者,0.633,low_conf
00:23:07.68,34692,落云宗修士,飞谷强垫归来,0.613,low_conf
00:23:07.68,34692,落云宗修士,科存同,0.437,pending
00:23:07.68,34692,落云宗修士,欧阳爱骑马,0.738,low_conf
00:23:07.68,34692,落云宗修士,州卷,0.465,pending
00:23:11.36,34784,落云宗修士,万寿菊,0.749,low_conf
00:23:11.36,34784,落云宗修士,爱樱斯坛,0.748,low_conf
00:23:11.36,34784,落云宗修士,飞鱼星人,0.732,low_conf
00:23:11.36,34784,落云宗修士,颗粒度,0.749,low_conf
00:23:11.36,34784,落云宗修士,--汪旺汪--,0.743,low_conf
00:23:11.36,34784,落云宗修士,klluayz!,0.671,low_conf
00:23:11.36,34784,落云宗修士,瞌睡虫,0.642,low_conf
00:23:11.36,34784,落云宗修士,欧阳夏天-,0.74,low_conf
00:23:11.36,34784,落云宗修士,爱与梦菲翔Z,0.746,low_conf
00:23:11.36,34784,落云宗修士,-畏,0.518,pending
00:23:11.36,34784,落云宗修士,磕cp的,0.705,low_conf
00:23:11.36,34784,落云宗修士,欧阳丶木灵,0.733,low_conf
00:23:11.36,34784,落云宗修士,羊-叔,0.603,low_conf
00:23:11.36,34784,落云宗修士,卧龙,0.664,low_conf
00:23:11.36,34784,落云宗修士,Kimi,0.736,low_conf
00:23:11.36,34784,落云宗修士,爱雨酱,0.743,low_conf
00:23:11.36,34784,落云宗修士,磕巴酱,0.65,low_conf
00:23:11.36,34784,落云宗修士,羊思狼,0.747,low_conf
00:23:11.36,34784,落云宗修士,无_忧z,0.624,low_conf
00:23:11.36,34784,落云宗修士,磕学家,0.725,low_conf
00:23:11.36,34784,落云宗修士,羊小浮,0.749,low_conf
00:23:11.36,34784,落云宗修士,_小in,0.587,pending
00:23:11.36,34784,落云宗修士,可爱白,0.612,low_conf
00:23:11.36,34784,落云宗修士,欧,0.498,pending
00:23:11.36,34784,落云宗修士,桐无月,0.749,low_conf
00:23:11.36,34784,落云宗修士,可爱的,0.705,low_conf
00:23:11.36,34784,落云宗修士,殴打老虎,0.729,low_conf
00:23:11.36,34784,落云宗修士,阳丙,0.665,low_conf
00:23:11.36,34784,落云宗修士,二小丁同学,0.731,low_conf
00:23:11.36,34784,落云宗修士,鸥鹭君,0.749,low_conf
00:23:11.36,34784,落云宗修士,阳彩喵,0.733,low_conf
00:23:11.36,34784,落云宗修士,二小桥、,0.703,low_conf
00:23:11.36,34784,落云宗修士,欧銀欧气的欧,0.729,low_conf
00:23:11.36,34784,落云宗修士,阳大光,0.634,low_conf
00:23:11.36,34784,落云宗修士,_笑也,0.703,low_conf
00:23:11.36,34784,落云宗修士,爱|依,0.549,pending
00:23:11.36,34784,落云宗修士,可爱滴,0.749,low_conf
00:23:11.36,34784,落云宗修士,铜镜铃,0.748,low_conf
00:23:11.36,34784,落云宗修士,阳鸽斯达,0.733,low_conf
00:23:11.36,34784,落云宗修士,_行知Z,0.715,low_conf
00:23:11.36,34784,落云宗修士,爱吃肉的土豆,0.725,low_conf
00:23:11.36,34784,落云宗修士,可爱还,0.721,low_conf
00:23:11.36,34784,落云宗修士,阳光djl,0.709,low_conf
00:23:11.36,34784,落云宗修士,玄元,0.622,low_conf
00:23:11.36,34784,落云宗修士,爱裹道(),0.574,pending
00:23:11.36,34784,落云宗修士,非皂,0.664,low_conf
00:23:11.36,34784,落云宗修士,可爱迷,0.728,low_conf
00:23:11.36,34784,落云宗修士,玄寞,0.464,pending
00:23:11.36,34784,落云宗修士,安Q35区關雲長,0.699,low_conf
00:23:11.36,34784,落云宗修士,可爱天,0.72,low_conf
00:23:11.36,34784,落云宗修士,童话屋丶,0.675,low_conf
00:23:11.36,34784,落云宗修士,可爱小,0.71,low_conf
00:23:11.36,34784,落云宗修士,童话涯灭,0.647,low_conf
00:23:11.36,34784,落云宗修士,飛---,0.605,low_conf
00:23:11.36,34784,落云宗修士,可不是,0.671,low_conf
00:23:11.36,34784,落云宗修士,偶谈香,0.748,low_conf
00:23:11.36,34784,落云宗修士,莹宝宝,0.744,low_conf
00:23:11.36,34784,落云宗修士,可达鸭,0.665,low_conf
00:23:11.36,34784,落云宗修士,藕霸iOs,0.69,low_conf
00:23:11.36,34784,落云宗修士,幼渺,0.578,pending
00:23:11.36,34784,落云宗修士,可达,0.666,low_conf
00:23:11.36,34784,落云宗修士,瞳孔之羽,0.709,low_conf
00:23:11.36,34784,落云宗修士,安达聪,0.692,low_conf
00:23:11.36,34784,落云宗修士,排火弓流瞳,0.693,low_conf
00:23:11.36,34784,落云宗修士,可登虚,0.706,low_conf
00:23:11.36,34784,落云宗修士,瞳离kl,0.672,low_conf
00:23:11.36,34784,落云宗修士,远歌,0.666,low_conf
00:23:11.36,34784,落云宗修士,安達卜岛村,0.639,low_conf
00:23:11.36,34784,落云宗修士,绯空的月,0.713,low_conf
00:23:11.36,34784,落云宗修士,可恶_快,0.719,low_conf
00:23:11.36,34784,落云宗修士,云峰,0.511,pending
00:23:11.36,34784,落云宗修士,可恶名,0.62,low_conf
00:23:11.36,34784,落云宗修士,可尔必,0.749,low_conf
00:23:11.36,34784,落云宗修士,爬海东,0.738,low_conf
00:23:11.36,34784,落云宗修士,痛风佬,0.732,low_conf
00:23:11.36,34784,落云宗修士,章渔歌,0.625,low_conf
00:23:11.36,34784,落云宗修士,绯之夜月,0.742,low_conf
00:23:11.36,34784,落云宗修士,可尔卡,0.676,low_conf
00:23:11.36,34784,落云宗修士,杷忒开拓,0.668,low_conf
00:23:11.36,34784,落云宗修士,萝,0.423,pending
00:23:11.36,34784,落云宗修士,可归长,0.749,low_conf
00:23:11.36,34784,落云宗修士,帕金森综,0.706,low_conf
00:23:11.36,34784,落云宗修士,二子笙,0.599,pending
00:23:11.36,34784,落云宗修士,菲菲酷,0.734,low_conf
00:23:11.36,34784,落云宗修士,可可dk,0.738,low_conf
00:23:11.36,34784,落云宗修士,帕洛奇亚,0.709,low_conf
00:23:11.36,34784,落云宗修士,阳阳毛,0.741,low_conf
00:23:11.36,34784,落云宗修士,可可拌,0.733,low_conf
00:23:11.36,34784,落云宗修士,做个百百梦,0.636,low_conf
00:23:11.36,34784,落云宗修士,kiss_茶咪,0.742,low_conf
00:23:11.36,34784,落云宗修士,可可得,0.747,low_conf
00:23:11.36,34784,落云宗修士,怕不怕,0.744,low_conf
00:23:11.36,34784,落云宗修士,二~蛋蛋,0.542,pending
00:23:11.36,34784,落云宗修士,可可哆,0.64,low_conf
00:23:11.36,34784,落云宗修士,杨贝员1,0.511,pending
00:23:11.36,34784,落云宗修士,～名字一名字～,0.739,low_conf
00:23:11.36,34784,落云宗修士,菲鱼草,0.748,low_conf
00:23:11.36,34784,落云宗修士,可可洛,0.637,low_conf
00:23:11.36,34784,落云宗修士,怕才勇,0.619,low_conf
00:23:11.36,34784,落云宗修士,杨嗔志,0.553,pending
00:23:11.36,34784,落云宗修士,￥小蟹蟹?,0.599,pending
00:23:11.36,34784,落云宗修士,安魂调,0.63,low_conf
00:23:11.36,34784,落云宗修士,霏霏常好,0.672,low_conf
00:23:11.36,34784,落云宗修士,可可来,0.626,low_conf
00:23:11.36,34784,落云宗修士,.小蛋D.,0.59,pending
00:23:11.36,34784,落云宗修士,可可喜,0.562,pending
00:23:11.36,34784,落云宗修士,杨分分,0.646,low_conf
00:23:15.04,34876,落云宗修士,安劳竹,0.666,low_conf
00:23:15.04,34876,落云宗修士,肥肥,0.636,low_conf
00:23:15.04,34876,落云宗修士,可乐加,0.748,low_conf
00:23:15.04,34876,落云宗修士,头大的汀老师小乌色,0.727,low_conf
00:23:15.04,34876,落云宗修士,肥魂,0.652,low_conf
00:23:15.04,34876,落云宗修士,可乐就！,0.715,low_conf
00:23:15.04,34876,落云宗修士,头儿还没凉,0.709,low_conf
00:23:15.04,34876,落云宗修士,01救世天使,0.748,low_conf
00:23:15.04,34876,落云宗修士,安冷绒ker,0.732,low_conf
00:23:15.04,34876,落云宗修士,肥郎甚重,0.715,low_conf
00:23:15.04,34876,落云宗修士,可乐-没,0.614,low_conf
00:23:15.04,34876,落云宗修士,可乐米,0.743,low_conf
00:23:15.04,34876,落云宗修士,派小兴X,0.695,low_conf
00:23:15.04,34876,落云宗修士,头拿香,0.603,low_conf
00:23:15.04,34876,落云宗修士,ki利道阁,0.732,low_conf
00:23:15.04,34876,落云宗修士,安米,0.587,pending
00:23:15.04,34876,落云宗修士,可乐味,0.675,low_conf
00:23:15.04,34876,落云宗修士,杨梅、,0.562,pending
00:23:15.04,34876,落云宗修士,03n,0.737,low_conf
00:23:15.04,34876,落云宗修士,Kl逸SS,0.738,low_conf
00:23:15.04,34876,落云宗修士,肥少α,0.735,low_conf
00:23:15.04,34876,落云宗修士,杨poi,0.704,low_conf
00:23:15.04,34876,落云宗修士,安穆酱,0.746,low_conf
00:23:15.04,34876,落云宗修士,肥师、,0.577,pending
00:23:15.04,34876,落云宗修士,可乐心,0.717,low_conf
00:23:15.04,34876,落云宗修士,安娜1,0.552,pending
00:23:15.04,34876,落云宗修士,肥免不打工,0.717,low_conf
00:23:15.04,34876,落云宗修士,可丽肉,0.748,low_conf
00:23:15.04,34876,落云宗修士,头一次,0.703,low_conf
00:23:15.04,34876,落云宗修士,杨小胖不月半,0.749,low_conf
00:23:15.04,34876,落云宗修士,可能要,0.662,low_conf
00:23:15.04,34876,落云宗修士,潘猫咪,0.748,low_conf
00:23:15.04,34876,落云宗修士,殷影丶,0.608,low_conf
00:23:15.04,34876,落云宗修士,安倩安倩,0.707,low_conf
00:23:15.04,34876,落云宗修士,肥宅二枚,0.673,low_conf
00:23:15.04,34876,落云宗修士,可怕的,0.717,low_conf
00:23:15.04,34876,落云宗修士,透剧,0.667,low_conf
00:23:15.04,34876,落云宗修士,可是我！,0.709,low_conf
00:23:15.04,34876,落云宗修士,樂妖,0.442,pending
00:23:15.04,34876,落云宗修士,可是,0.641,low_conf
00:23:15.04,34876,落云宗修士,绣孩,0.381,pending
00:23:15.04,34876,落云宗修士,顾憩,0.448,pending
00:23:15.04,34876,落云宗修士,kkkの,0.669,low_conf
00:23:15.04,34876,落云宗修士,安然无恙bili,0.716,low_conf
00:23:15.04,34876,落云宗修士,可无无,0.625,low_conf
00:23:15.04,34876,落云宗修士,可惜南,0.744,low_conf
00:23:15.04,34876,落云宗修士,秀然特困,0.712,low_conf
00:23:15.04,34876,落云宗修士,可心映,0.74,low_conf
00:23:15.04,34876,落云宗修士,螃蟹壳,0.748,low_conf
00:23:15.04,34876,落云宗修士,0ooooooceanc,0.733,low_conf
00:23:15.04,34876,落云宗修士,KKZ1-Z7,0.664,low_conf
00:23:15.04,34876,落云宗修士,安-妥,0.615,low_conf
00:23:15.04,34876,落云宗修士,可以叫,0.729,low_conf
00:23:15.04,34876,落云宗修士,螃蟹玉,0.74,low_conf
00:23:15.04,34876,落云宗修士,洋平Z77,0.616,low_conf
00:23:15.04,34876,落云宗修士,0o珏00,0.675,low_conf
00:23:15.04,34876,落云宗修士,斐舟仁,0.745,low_conf
00:23:15.04,34876,落云宗修士,可以静,0.637,low_conf
00:23:15.04,34876,落云宗修士,胖小楠,0.749,low_conf
00:23:15.04,34876,落云宗修士,洋洋-,0.67,low_conf
00:23:15.04,34876,落云宗修士,安夏冬,0.743,low_conf
00:23:15.04,34876,落云宗修士,可子,0.665,low_conf
00:23:15.04,34876,落云宗修士,胖D家的小话崂,0.742,low_conf
00:23:15.04,34876,落云宗修士,珂垃王,0.728,low_conf
00:23:15.04,34876,落云宗修士,Orca,0.688,low_conf
00:23:15.04,34876,落云宗修士,渴望爱,0.748,low_conf
00:23:15.04,34876,落云宗修士,突突蛙,0.745,low_conf
00:23:15.04,34876,落云宗修士,克拉柏,0.748,low_conf
00:23:15.04,34876,落云宗修士,图鉴楼,0.747,low_conf
00:23:15.04,34876,落云宗修士,洋仔Zz,0.577,pending
00:23:15.04,34876,落云宗修士,克拉梦,0.743,low_conf
00:23:15.04,34876,落云宗修士,胖兜的日常,0.747,low_conf
00:23:15.04,34876,落云宗修士,图柒兔福,0.747,low_conf
00:23:15.04,34876,落云宗修士,陽湯陽陽湯陽湯,0.367,pending
00:23:15.04,34876,落云宗修士,狒狒呦,0.714,low_conf
00:23:15.04,34876,落云宗修士,克拉文,0.748,low_conf
00:23:15.04,34876,落云宗修士,杨八一,0.481,pending
00:23:15.04,34876,落云宗修士,0贰拾陆○,0.716,low_conf
00:23:15.04,34876,落云宗修士,安遇c,0.622,low_conf
00:23:15.04,34876,落云宗修士,克劳馥,0.707,low_conf
00:23:15.04,34876,落云宗修士,杨绵羊,0.55,pending
00:23:15.04,34876,落云宗修士,安莺,0.503,pending
00:23:15.04,34876,落云宗修士,费城76人丶总,0.705,low_conf
00:23:15.04,34876,落云宗修士,克蕾尔,0.693,low_conf
00:23:15.04,34876,落云宗修士,胖洛兰,0.648,low_conf
00:23:15.04,34876,落云宗修士,图图图,0.749,low_conf
00:23:15.04,34876,落云宗修士,杨無敌i,0.71,low_conf
00:23:15.04,34876,落云宗修士,Knorr戴,0.735,low_conf
00:23:15.04,34876,落云宗修士,费费迷迷,0.698,low_conf
00:23:15.04,34876,落云宗修士,克里斯,0.706,low_conf
00:23:15.04,34876,落云宗修士,0李子梨0,0.672,low_conf
00:23:15.04,34876,落云宗修士,费费收姐姐,0.746,low_conf
00:23:15.04,34876,落云宗修士,克莉丝,0.661,low_conf
00:23:15.04,34876,落云宗修士,克瑞丝,0.633,low_conf
00:23:15.04,34876,落云宗修士,0糖不苦0,0.721,low_conf
00:23:15.04,34876,落云宗修士,-桉薛-,0.67,low_conf
00:23:15.04,34876,落云宗修士,费森特,0.721,low_conf
00:23:15.04,34876,落云宗修士,克缇卡,0.747,low_conf
00:23:15.04,34876,落云宗修士,徒归土,0.697,low_conf
00:23:15.04,34876,落云宗修士,0娃哈哈0,0.733,low_conf
00:23:15.04,34876,落云宗修士,氨,0.487,pending
00:23:15.04,34876,落云宗修士,费星轩,0.746,low_conf
00:23:15.04,34876,落云宗修士,克依,0.649,low_conf
00:23:15.04,34876,落云宗修士,涂茉,0.519,pending
00:23:15.04,34876,落云宗修士,0灼,0.592,pending
00:23:15.04,34876,落云宗修士,费玉清哎,0.629,low_conf
00:23:15.04,34876,落云宗修士,克制凶,0.631,low_conf
00:23:15.04,34876,落云宗修士,涂三条,0.712,low_conf
00:23:15.04,34876,落云宗修士,刻骨茗,0.713,low_conf
00:23:18.72,34968,落云宗修士,10星瓢0854 bili,0.746,low_conf
00:23:18.72,34968,落云宗修士,kono-ik哒、,0.728,low_conf
00:23:18.72,34968,落云宗修士,俺边获素的狗,0.444,pending
00:23:18.72,34968,落云宗修士,楚有,0.127,pending
00:23:18.72,34968,落云宗修士,肯尼拉,0.604,low_conf
00:23:18.72,34968,落云宗修士,跑哮的跳跳,0.72,low_conf
00:23:18.72,34968,落云宗修士,遂丝雅雅子子,0.653,low_conf
00:23:18.72,34968,落云宗修士,konoD哒大,0.635,low_conf
00:23:18.72,34968,落云宗修士,边康您的,0.441,pending
00:23:18.72,34968,落云宗修士,粉一只,0.466,pending
00:23:18.72,34968,落云宗修士,啃书本,0.558,pending
00:23:18.72,34968,落云宗修士,跑步满or,0.555,pending
00:23:18.72,34968,落云宗修士,免技康子,0.172,pending
00:23:18.72,34968,落云宗修士,1125小眼睛46 bili,0.68,low_conf
00:23:18.72,34968,落云宗修士,屏号尼,0.171,pending
00:23:18.72,34968,落云宗修士,粉粉重度依赖,0.707,low_conf
00:23:18.72,34968,落云宗修士,嗜树皮,0.583,pending
00:23:18.72,34968,落云宗修士,跑步进进啊,0.749,low_conf
00:23:18.72,34968,落云宗修士,主扳鼠邦鼠14,0.59,pending
00:23:18.72,34968,落云宗修士,全具至,0.159,pending
00:23:18.72,34968,落云宗修士,KORBYORU IASO,0.63,low_conf
00:23:18.72,34968,落云宗修士,暗纯境,0.621,low_conf
00:23:18.72,34968,落云宗修士,粉狗重度袋,0.617,low_conf
00:23:18.72,34968,落云宗修士,喷得口,0.167,pending
00:23:18.72,34968,落云宗修士,跑步的进响,0.622,low_conf
00:23:18.72,34968,落云宗修士,主享Potato,0.57,pending
00:23:18.72,34968,落云宗修士,天天乘不醇,0.479,pending
00:23:18.72,34968,落云宗修士,KORBORTJason,0.687,low_conf
00:23:18.72,34968,落云宗修士,暗黑纯境,0.502,pending
00:23:18.72,34968,落云宗修士,粉红酒大龙,0.594,pending
00:23:18.72,34968,落云宗修士,坑得急,0.619,low_conf
00:23:18.72,34968,落云宗修士,主粉,0.522,pending
00:23:18.72,34968,落云宗修士,大天睫,0.222,pending
00:23:18.72,34968,落云宗修士,暗黑击林,0.44,pending
00:23:18.72,34968,落云宗修士,粉红猫肤条,0.585,pending
00:23:18.72,34968,落云宗修士,坑坑比,0.712,low_conf
00:23:18.72,34968,落云宗修士,跑憨憨冬训,0.704,low_conf
00:23:18.72,34968,落云宗修士,主豆粉,0.738,low_conf
00:23:18.72,34968,落云宗修士,咳喝电,0.642,low_conf
00:23:18.72,34968,落云宗修士,暗黑哥布林,0.52,pending
00:23:18.72,34968,落云宗修士,粉狐的暖焰,0.675,low_conf
00:23:18.72,34968,落云宗修士,坑了个,0.736,low_conf
00:23:18.72,34968,落云宗修士,主豆干锅北,0.318,pending
00:23:18.72,34968,落云宗修士,咳嗽北,0.564,pending
00:23:18.72,34968,落云宗修士,11 动1,0.651,low_conf
00:23:18.72,34968,落云宗修士,暗黑麻,0.595,pending
00:23:18.72,34968,落云宗修士,粉色草每酱子,0.672,low_conf
00:23:18.72,34968,落云宗修士,坑么品,0.559,pending
00:23:18.72,34968,落云宗修士,跑跑大王,0.676,low_conf
00:23:18.72,34968,落云宗修士,主喜哪挖,0.685,low_conf
00:23:18.72,34968,落云宗修士,妖力村长,0.665,low_conf
00:23:18.72,34968,落云宗修士,暗救夜无提,0.61,low_conf
00:23:18.72,34968,落云宗修士,坑妹菜,0.743,low_conf
00:23:18.72,34968,落云宗修士,跑跑道人,0.704,low_conf
00:23:18.72,34968,落云宗修士,主喜潘哒,0.589,pending
00:23:18.72,34968,落云宗修士,krsxy,0.698,low_conf
00:23:18.72,34968,落云宗修士,暗落时,0.557,pending
00:23:18.72,34968,落云宗修士,空跋款,0.499,pending
00:23:18.72,34968,落云宗修士,妖格花,0.708,low_conf
00:23:18.72,34968,落云宗修士,110011分,0.613,low_conf
00:23:18.72,34968,落云宗修士,暗梦时,0.711,low_conf
00:23:18.72,34968,落云宗修士,惯怒的氨气,0.702,low_conf
00:23:18.72,34968,落云宗修士,空白,0.555,pending
00:23:18.72,34968,落云宗修士,主喜王子咳,0.44,pending
00:23:18.72,34968,落云宗修士,暗色,0.648,low_conf
00:23:18.72,34968,落云宗修士,空白sen,0.67,low_conf
00:23:18.72,34968,落云宗修士,泡馍闹闹,0.685,low_conf
00:23:18.72,34968,落云宗修士,土豆滋,0.65,low_conf
00:23:18.72,34968,落云宗修士,惯怒的咕咕,0.743,low_conf
00:23:18.72,34968,落云宗修士,空白凡,0.638,low_conf
00:23:18.72,34968,落云宗修士,泡泡二,0.591,pending
00:23:18.72,34968,落云宗修士,主匪打强盗,0.692,low_conf
00:23:18.72,34968,落云宗修士,惯怒的六弦琴,0.716,low_conf
00:23:18.72,34968,落云宗修士,空白格,0.728,low_conf
00:23:18.72,34968,落云宗修士,土根儿,0.494,pending
00:23:18.72,34968,落云宗修士,空白交,0.726,low_conf
00:23:18.72,34968,落云宗修士,泡泡机巨星,0.749,low_conf
00:23:18.72,34968,落云宗修士,土狗哥1Z,0.707,low_conf
00:23:18.72,34968,落云宗修士,暗夜大唐,0.698,low_conf
00:23:18.72,34968,落云宗修士,空白麦,0.651,low_conf
00:23:18.72,34968,落云宗修士,土木二公,0.667,low_conf
00:23:18.72,34968,落云宗修士,空城旧,0.747,low_conf
00:23:18.72,34968,落云宗修士,土支三号,0.465,pending
00:23:18.72,34968,落云宗修士,暗夜人孤星,0.697,low_conf
00:23:18.72,34968,落云宗修士,空城无,0.739,low_conf
00:23:18.72,34968,落云宗修士,炮炮炮菜,0.719,low_conf
00:23:18.72,34968,落云宗修士,土卫五,0.55,pending
00:23:18.72,34968,落云宗修士,焱焱鞋焱,0.346,pending
00:23:18.72,34968,落云宗修士,空洞拥,0.732,low_conf
00:23:18.72,34968,落云宗修士,哑胚胚哑小屎丸,0.61,low_conf
00:23:18.72,34968,落云宗修士,哇,0.214,pending
00:23:18.72,34968,落云宗修士,暗影南瓜,0.747,low_conf
00:23:18.72,34968,落云宗修士,空耳的,0.715,low_conf
00:23:18.72,34968,落云宗修士,土星男,0.717,low_conf
00:23:18.72,34968,落云宗修士,愤青动,0.705,low_conf
00:23:18.72,34968,落云宗修士,空腹小,0.625,low_conf
00:23:18.72,34968,落云宗修士,空格空,0.748,low_conf
00:23:18.72,34968,落云宗修士,陪妳看鍋出,0.74,low_conf
00:23:18.72,34968,落云宗修士,摇头君,0.749,low_conf
00:23:18.72,34968,落云宗修士,空丨自,0.599,pending
00:23:18.72,34968,落云宗修士,风_0,0.6,low_conf
00:23:18.72,34968,落云宗修士,空话冰,0.747,low_conf
00:23:18.72,34968,落云宗修士,摇壹,0.58,pending
00:23:18.72,34968,落云宗修士,暗之血夜,0.69,low_conf
00:23:18.72,34968,落云宗修士,风_華雪月,0.742,low_conf
00:23:18.72,34968,落云宗修士,空间猫,0.747,low_conf
00:23:18.72,34968,落云宗修士,遥大遥,0.706,low_conf
00:23:18.72,34968,落云宗修士,臀の白花,0.65,low_conf
00:23:18.72,34968,落云宗修士,空间契,0.641,low_conf
00:23:18.72,34968,落云宗修士,kXzX,0.52,pending
00:23:18.72,34968,落云宗修士,間の恋,0.59,pending
00:23:18.72,34968,落云宗修士,风尘之言,0.701,low_conf
00:23:18.72,34968,落云宗修士,空空空,0.749,low_conf
00:23:18.72,34968,落云宗修士,沛飞默,0.747,low_conf
00:23:18.72,34968,落云宗修士,黯小辰,0.673,low_conf
00:23:18.72,34968,落云宗修士,空灵心,0.651,low_conf
00:23:18.72,34968,落云宗修士,遥徽吟,0.747,low_conf
00:23:18.72,34968,落云宗修士,兔美爱做饭,0.73,low_conf
00:23:18.72,34968,落云宗修士,空律吾,0.741,low_conf
00:23:18.72,34968,落云宗修士,佩娩洛普,0.665,low_conf
00:23:22.40,35060,落云宗修士,14991500,0.716,low_conf
00:23:22.40,35060,落云宗修士,邀游号,0.647,low_conf
00:23:22.40,35060,落云宗修士,凤大飞,0.644,low_conf
00:23:22.40,35060,落云宗修士,空鸟,0.445,pending
00:23:22.40,35060,落云宗修士,喷水小墨鱼,0.69,low_conf
00:23:22.40,35060,落云宗修士,兔兔施施,0.711,low_conf
00:23:22.40,35060,落云宗修士,k阿亚,0.684,low_conf
00:23:22.40,35060,落云宗修士,凤的记忆义,0.652,low_conf
00:23:22.40,35060,落云宗修士,空山鸟,0.503,pending
00:23:22.40,35060,落云宗修士,金锅口渴玻,0.467,pending
00:23:22.40,35060,落云宗修士,150好,0.673,low_conf
00:23:22.40,35060,落云宗修士,k酷脂,0.437,pending
00:23:22.40,35060,落云宗修士,风的旋律wp,0.678,low_conf
00:23:22.40,35060,落云宗修士,空山唯,0.565,pending
00:23:22.40,35060,落云宗修士,澎潮就是玩肥,0.578,pending
00:23:22.40,35060,落云宗修士,兔砸一米八,0.651,low_conf
00:23:22.40,35060,落云宗修士,-熬夜拜拜,0.737,low_conf
00:23:22.40,35060,落云宗修士,空手接,0.561,pending
00:23:22.40,35060,落云宗修士,英娘娘,0.373,pending
00:23:22.40,35060,落云宗修士,兔岐Toz,0.534,pending
00:23:22.40,35060,落云宗修士,飞激咔,0.23,pending
00:23:22.40,35060,落云宗修士,风度猪大,0.69,low_conf
00:23:22.40,35060,落云宗修士,凡不是鹏,0.279,pending
00:23:22.40,35060,落云宗修士,免纸眠,0.612,low_conf
00:23:22.40,35060,落云宗修士,要被没,0.722,low_conf
00:23:22.40,35060,落云宗修士,k柔情康k,0.604,low_conf
00:23:22.40,35060,落云宗修士,风渡靡橱猪大,0.431,pending
00:23:22.40,35060,落云宗修士,空条承,0.51,pending
00:23:22.40,35060,落云宗修士,朋肌是,0.357,pending
00:23:22.40,35060,落云宗修士,兔孕肌吃素,0.63,low_conf
00:23:22.40,35060,落云宗修士,要拯是叫十四吧,0.7,low_conf
00:23:22.40,35060,落云宗修士,15712078540,0.704,low_conf
00:23:22.40,35060,落云宗修士,K无情,0.523,pending
00:23:22.40,35060,落云宗修士,风飞,0.349,pending
00:23:22.40,35060,落云宗修士,全东南,0.264,pending
00:23:22.40,35060,落云宗修士,朋皮武哥,0.349,pending
00:23:22.40,35060,落云宗修士,兔子梨,0.572,pending
00:23:22.40,35060,落云宗修士,要定你定,0.627,low_conf
00:23:22.40,35060,落云宗修士,KH Y-,0.553,pending
00:23:22.40,35060,落云宗修士,熬夜修仙侣大山,0.718,low_conf
00:23:22.40,35060,落云宗修士,风霏舞,0.461,pending
00:23:22.40,35060,落云宗修士,空庭,0.353,pending
00:23:22.40,35060,落云宗修士,彭登式的秋陆自,0.499,pending
00:23:22.40,35060,落云宗修士,兔子不吃白萝北,0.713,low_conf
00:23:22.40,35060,落云宗修士,要多腺懒觉捏,0.668,low_conf
00:23:22.40,35060,落云宗修士,风手世,0.511,pending
00:23:22.40,35060,落云宗修士,空晓菜,0.555,pending
00:23:22.40,35060,落云宗修士,影音家,0.395,pending
00:23:22.40,35060,落云宗修士,免子踏腾的阳光青,0.661,low_conf
00:23:22.40,35060,落云宗修士,要健睫视,0.46,pending
00:23:22.40,35060,落云宗修士,Lived,0.604,low_conf
00:23:22.40,35060,落云宗修士,傲娇的木木本本本,0.601,low_conf
00:23:22.40,35060,落云宗修士,风格水,0.643,low_conf
00:23:22.40,35060,落云宗修士,全心采,0.552,pending
00:23:22.40,35060,落云宗修士,影馨婷,0.388,pending
00:23:22.40,35060,落云宗修士,兔子家的猪猪免,0.486,pending
00:23:22.40,35060,落云宗修士,要腱康的劳模,0.67,low_conf
00:23:22.40,35060,落云宗修士,傲娇鱼未南极并的,0.669,low_conf
00:23:22.40,35060,落云宗修士,室心主,0.451,pending
00:23:22.40,35060,落云宗修士,彰尔,0.354,pending
00:23:22.40,35060,落云宗修士,兔子家,0.547,pending
00:23:22.40,35060,落云宗修士,要胶节的秀模,0.46,pending
00:23:22.40,35060,落云宗修士,LaborcB.,0.543,pending
00:23:22.40,35060,落云宗修士,微娇糖雪某菌饭,0.357,pending
00:23:22.40,35060,落云宗修士,风过无痕30,0.73,low_conf
00:23:22.40,35060,落云宗修士,空忆永,0.624,low_conf
00:23:22.40,35060,落云宗修士,彰亨涵主号,0.69,low_conf
00:23:22.40,35060,落云宗修士,兔手秋,0.305,pending
00:23:22.40,35060,落云宗修士,要来皮,0.179,pending
00:23:22.40,35060,落云宗修士,16437046270_bil,0.698,low_conf
00:23:22.40,35060,落云宗修士,chbbrer,0.66,low_conf
00:23:22.40,35060,落云宗修士,爆拍采明,0.38,pending
00:23:22.40,35060,落云宗修士,风禾尺起烟烟,0.477,pending
00:23:22.40,35060,落云宗修士,空游的,0.634,low_conf
00:23:22.40,35060,落云宗修士,彭涵主号,0.514,pending
00:23:22.40,35060,落云宗修士,鬼走Mg2333,0.648,low_conf
00:23:22.40,35060,落云宗修士,要没时间味,0.647,low_conf
00:23:22.40,35060,落云宗修士,labun,0.606,low_conf
00:23:22.40,35060,落云宗修士,微使重tX,0.381,pending
00:23:22.40,35060,落云宗修士,风米半起赠烂,0.456,pending
00:23:22.40,35060,落云宗修士,空羽虚,0.519,pending
00:23:22.40,35060,落云宗修士,彭子夏肃山分要,0.51,pending
00:23:22.40,35060,落云宗修士,团团M油,0.574,pending
00:23:22.40,35060,落云宗修士,要没时同味名啊,0.705,low_conf
00:23:22.40,35060,落云宗修士,laccie,0.706,low_conf
00:23:22.40,35060,落云宗修士,微觉九量,0.272,pending
00:23:22.40,35060,落云宗修士,风荷半夏00,0.446,pending
00:23:22.40,35060,落云宗修士,空指针,0.738,low_conf
00:23:22.40,35060,落云宗修士,团团园,0.653,low_conf
00:23:22.40,35060,落云宗修士,要取啥合法名响,0.701,low_conf
00:23:22.40,35060,落云宗修士,微视绝量,0.457,pending
00:23:22.40,35060,落云宗修士,风荷夜雨翠,0.619,low_conf
00:23:22.40,35060,落云宗修士,壁猫ed,0.586,pending
00:23:22.40,35060,落云宗修士,蓬莱寺千岁,0.658,low_conf
00:23:22.40,35060,落云宗修士,团仔华号,0.434,pending
00:23:22.40,35060,落云宗修士,奥奥爱学习,0.59,pending
00:23:22.40,35060,落云宗修士,风花文蓝,0.521,pending
00:23:22.40,35060,落云宗修士,壁膜心,0.542,pending
00:23:22.40,35060,落云宗修士,鹏程千量·,0.6,low_conf
00:23:22.40,35060,落云宗修士,团子菜,0.501,pending
00:23:22.40,35060,落云宗修士,奥巴猴辣椒,0.738,low_conf
00:23:22.40,35060,落云宗修士,风花之场,0.687,low_conf
00:23:22.40,35060,落云宗修士,孔方明,0.739,low_conf
00:23:22.40,35060,落云宗修士,鹏徙南冥,0.675,low_conf
00:23:22.40,35060,落云宗修士,团子和惑,0.614,low_conf
00:23:22.40,35060,落云宗修士,要有品,0.742,low_conf
00:23:22.40,35060,落云宗修士,奥北小辣椒致,0.583,pending
00:23:22.40,35060,落云宗修士,孔明密,0.719,low_conf
00:23:22.40,35060,落云宗修士,鹏,0.462,pending
00:23:22.40,35060,落云宗修士,团子喵喵喵喵喵喵！,0.714,low_conf
00:23:22.40,35060,落云宗修士,恐惧神,0.748,low_conf
00:23:22.40,35060,落云宗修士,鹏透,0.631,low_conf
00:23:22.40,35060,落云宗修士,团子小弟第,0.696,low_conf
00:23:22.40,35060,落云宗修士,曜渊源,0.456,pending
00:23:22.40,35060,落云宗修士,风间丸丸,0.719,low_conf
00:23:22.40,35060,落云宗修士,恐龙DIC,0.718,low_conf
00:23:22.40,35060,落云宗修士,碰慢慢,0.74,low_conf
00:23:22.40,35060,落云宗修士,推啥看啥,0.677,low_conf
00:23:22.40,35060,落云宗修士,耀华王,0.708,low_conf
00:23:22.40,35060,落云宗修士,lalalalala,0.735,low_conf
00:23:22.40,35060,落云宗修士,风间有雪,0.6,low_conf
00:23:22.40,35060,落云宗修士,恐情难！,0.722,low_conf
00:23:22.40,35060,落云宗修士,批欧菌,0.748,low_conf
00:23:22.40,35060,落云宗修士,腿短是硬伤,0.745,low_conf
00:23:22.40,35060,落云宗修士,奥姑权杖,0.702,low_conf
00:23:22.40,35060,落云宗修士,控糖先,0.744,low_conf
00:23:22.40,35060,落云宗修士,郴u,0.26,pending
00:23:22.40,35060,落云宗修士,风剑雅,0.74,low_conf
00:23:22.40,35060,落云宗修士,抠脚的,0.639,low_conf
00:23:22.40,35060,落云宗修士,披萨有夹心,0.747,low_conf
00:23:22.40,35060,落云宗修士,退听,0.606,low_conf
00:23:22.40,35060,落云宗修士,风解意m,0.652,low_conf
00:23:22.40,35060,落云宗修士,口爱小,0.722,low_conf
00:23:22.40,35060,落云宗修士,Lamwq,0.747,low_conf
00:23:22.40,35060,落云宗修士,风尽西岑,0.739,low_conf
00:23:22.40,35060,落云宗修士,O华口,0.304,pending
00:23:22.40,35060,落云宗修士,蜕小影,0.739,low_conf
00:23:22.40,35060,落云宗修士,口袋只,0.745,low_conf
00:23:22.40,35060,落云宗修士,口地哥,0.748,low_conf
00:23:22.40,35060,落云宗修士,霹雳唾哪嘣哒Duar,0.728,low_conf
00:23:22.40,35060,落云宗修士,臀儿小惠,0.723,low_conf
00:23:22.40,35060,落云宗修士,口胡玩,0.745,low_conf
00:23:22.40,35060,落云宗修士,霹雳香蕉菌,0.705,low_conf
00:23:22.40,35060,落云宗修士,“白芸豆,0.707,low_conf
00:23:22.40,35060,落云宗修士,风凯亚,0.734,low_conf
00:23:22.40,35060,落云宗修士,口口吸,0.532,pending
00:23:22.40,35060,落云宗修士,皮,0.496,pending
00:23:22.40,35060,落云宗修士,椰子素,0.745,low_conf
00:23:22.40,35060,落云宗修士,花椒,0.656,low_conf
00:23:22.40,35060,落云宗修士,口哨信,0.739,low_conf
00:23:22.40,35060,落云宗修士,椰子馨,0.736,low_conf
00:23:22.40,35060,落云宗修士,“离沫”,0.546,pending
00:23:22.40,35060,落云宗修士,口水游,0.745,low_conf
00:23:22.40,35060,落云宗修士,皮方原,0.749,low_conf
00:23:22.40,35060,落云宗修士,椰子子子277,0.712,low_conf
00:23:26.08,35152,落云宗修士,八宝o饭,0.703,low_conf
00:23:26.08,35152,落云宗修士,枯草,0.585,pending
00:23:26.08,35152,落云宗修士,luguo,0.657,low_conf
00:23:26.08,35152,落云宗修士,枯色叶,0.66,low_conf
00:23:26.08,35152,落云宗修士,1不急,0.589,pending
00:23:26.08,35152,落云宗修士,风流调悦2235,0.735,low_conf
00:23:26.08,35152,落云宗修士,枯萎了,0.613,low_conf
00:23:26.08,35152,落云宗修士,launghui,0.693,low_conf
00:23:26.08,35152,落云宗修士,枯叶漂,0.634,low_conf
00:23:26.08,35152,落云宗修士,皮纳思,0.666,low_conf
00:23:26.08,35152,落云宗修士,沱了的云吞面ZZ7,0.713,low_conf
00:23:26.08,35152,落云宗修士,耶利菌,0.714,low_conf
00:23:26.08,35152,落云宗修士,1个梦人,0.713,low_conf
00:23:26.08,35152,落云宗修士,哭略,0.402,pending
00:23:26.08,35152,落云宗修士,熊品,0.604,low_conf
00:23:26.08,35152,落云宗修士,lawud,0.665,low_conf
00:23:26.08,35152,落云宗修士,哭泣的,0.6,low_conf
00:23:26.08,35152,落云宗修士,皮皮啊二,0.698,low_conf
00:23:26.08,35152,落云宗修士,瑞江松,0.42,pending
00:23:26.08,35152,落云宗修士,风尖儿,0.617,low_conf
00:23:26.08,35152,落云宗修士,苦逼,0.603,low_conf
00:23:26.08,35152,落云宗修士,挖挖仔,0.733,low_conf
00:23:26.08,35152,落云宗修士,1小枚1,0.583,pending
00:23:26.08,35152,落云宗修士,风染尊,0.726,low_conf
00:23:26.08,35152,落云宗修士,苦逼小,0.573,pending
00:23:26.08,35152,落云宗修士,1脉听那冷雨1,0.688,low_conf
00:23:26.08,35152,落云宗修士,Lecxin,0.714,low_conf
00:23:26.08,35152,落云宗修士,风若涅架,0.622,low_conf
00:23:26.08,35152,落云宗修士,苦等韩,0.664,low_conf
00:23:26.08,35152,落云宗修士,1开动青春,0.359,pending
00:23:26.08,35152,落云宗修士,风肉耀,0.471,pending
00:23:26.08,35152,落云宗修士,皮皮雨闲宝宝,0.53,pending
00:23:26.08,35152,落云宗修士,lclie猫,0.719,low_conf
00:23:26.08,35152,落云宗修士,八克猪,0.748,low_conf
00:23:26.08,35152,落云宗修士,苦瓜好,0.719,low_conf
00:23:26.08,35152,落云宗修士,八两宇宙,0.739,low_conf
00:23:26.08,35152,落云宗修士,风殊留影,0.622,low_conf
00:23:26.08,35152,落云宗修士,苦瓜皮,0.708,low_conf
00:23:26.08,35152,落云宗修士,皮小卡胖,0.59,pending
00:23:26.08,35152,落云宗修士,瓦豆鲁迪大王,0.648,low_conf
00:23:26.08,35152,落云宗修士,也原因只猪,0.626,low_conf
00:23:26.08,35152,落云宗修士,2016080704,0.721,low_conf
00:23:26.08,35152,落云宗修士,Iafa,0.494,pending
00:23:26.08,35152,落云宗修士,苦瓜,0.434,pending
00:23:26.08,35152,落云宗修士,皮斜,0.579,pending
00:23:26.08,35152,落云宗修士,瓦车,0.276,pending
00:23:26.08,35152,落云宗修士,野康,0.297,pending
00:23:26.08,35152,落云宗修士,风声沉默,0.657,low_conf
00:23:26.08,35152,落云宗修士,苦塞究,0.228,pending
00:23:26.08,35152,落云宗修士,杜格先生,0.591,pending
00:23:26.08,35152,落云宗修士,瓦特法客,0.635,low_conf
00:23:26.08,35152,落云宗修士,20164言,0.708,low_conf
00:23:26.08,35152,落云宗修士,ledveeee,0.559,pending
00:23:26.08,35152,落云宗修士,八舞多弦,0.729,low_conf
00:23:26.08,35152,落云宗修士,风时夏,0.578,pending
00:23:26.08,35152,落云宗修士,古培,0.164,pending
00:23:26.08,35152,落云宗修士,批稻先,0.338,pending
00:23:26.08,35152,落云宗修士,野化晶丹柱,0.556,pending
00:23:26.08,35152,落云宗修士,八舞零沂,0.643,low_conf
00:23:26.08,35152,落云宗修士,风蚀颈,0.55,pending
00:23:26.08,35152,落云宗修士,古境增,0.24,pending
00:23:26.08,35152,落云宗修士,被备荧黑颗废迷醉,0.638,low_conf
00:23:26.08,35152,落云宗修士,低教咪,0.281,pending
00:23:26.08,35152,落云宗修士,野生的才集木,0.526,pending
00:23:26.08,35152,落云宗修士,Leeen,0.658,low_conf
00:23:26.08,35152,落云宗修士,八喜-丸子,0.519,pending
00:23:26.08,35152,落云宗修士,风雷降,0.418,pending
00:23:26.08,35152,落云宗修士,黄汤,0.069,pending
00:23:26.08,35152,落云宗修士,破您劳系视,0.39,pending
00:23:26.08,35152,落云宗修士,哇按味安,0.442,pending
00:23:26.08,35152,落云宗修士,野生的大腿,0.679,low_conf
00:23:26.08,35152,落云宗修士,八FREE,0.709,low_conf
00:23:26.08,35152,落云宗修士,风水石,0.732,low_conf
00:23:26.08,35152,落云宗修士,苦湿杂,0.239,pending
00:23:26.08,35152,落云宗修士,鱿辣烧气啡,0.277,pending
00:23:26.08,35152,落云宗修士,哇哒康,0.527,pending
00:23:26.08,35152,落云宗修士,Leeniem,0.669,low_conf
00:23:26.08,35152,落云宗修士,八月的天池,0.708,low_conf
00:23:26.08,35152,落云宗修士,风随星河漫游,0.729,low_conf
00:23:26.08,35152,落云宗修士,苦滋的,0.414,pending
00:23:26.08,35152,落云宗修士,啤酒烧,0.668,low_conf
00:23:26.08,35152,落云宗修士,哇好雄取,0.711,low_conf
00:23:26.08,35152,落云宗修士,野生的汤婚,0.528,pending
00:23:26.08,35152,落云宗修士,Leengian,0.596,pending
00:23:26.08,35152,落云宗修士,八月敢瑰礼记,0.563,pending
00:23:26.08,35152,落云宗修士,风阴新酒,0.389,pending
00:23:26.08,35152,落云宗修士,苦味方,0.506,pending
00:23:26.08,35152,落云宗修士,螺梨竺等,0.39,pending
00:23:26.08,35152,落云宗修士,哇好健数障,0.393,pending
00:23:26.08,35152,落云宗修士,野生水爽,0.59,pending
00:23:26.08,35152,落云宗修士,LeeRWide,0.715,low_conf
00:23:26.08,35152,落云宗修士,八月致,0.536,pending
00:23:26.08,35152,落云宗修士,风往渐边吹人,0.642,low_conf
00:23:26.08,35152,落云宗修士,库克小,0.67,low_conf
00:23:26.08,35152,落云宗修士,村,0.04,pending
00:23:26.08,35152,落云宗修士,哇的睿妙生活,0.611,low_conf
00:23:26.08,35152,落云宗修士,八会豪幻想,0.569,pending
00:23:26.08,35152,落云宗修士,风在东近院,0.398,pending
00:23:26.08,35152,落云宗修士,库库搬,0.724,low_conf
00:23:26.08,35152,落云宗修士,貅无技,0.449,pending
00:23:26.08,35152,落云宗修士,哇味的守妙生活啊,0.44,pending
00:23:26.08,35152,落云宗修士,野生香菇滑,0.612,low_conf
00:23:26.08,35152,落云宗修士,八至家幻想,0.696,low_conf
00:23:26.08,35152,落云宗修士,风无瓷摄,0.493,pending
00:23:26.08,35152,落云宗修士,库库卡,0.716,low_conf
00:23:26.08,35152,落云宗修士,哇味味味质呱呱啊,0.509,pending
00:23:26.08,35152,落云宗修士,野蛋月饼着,0.59,pending
00:23:26.08,35152,落云宗修士,八重不只会唤吧,0.576,pending
00:23:26.08,35152,落云宗修士,风无奇,0.553,pending
00:23:26.08,35152,落云宗修士,库玛喝,0.732,low_conf
00:23:26.08,35152,落云宗修士,屁木正水,0.348,pending
00:23:26.08,35152,落云宗修士,哇勒个飛乖,0.562,pending
00:23:26.08,35152,落云宗修士,野鲁猎人ijun,0.631,low_conf
00:23:26.08,35152,落云宗修士,公重樱不只,0.504,pending
00:23:26.08,35152,落云宗修士,风无诗w,0.722,low_conf
00:23:26.08,35152,落云宗修士,库莫ku,0.703,low_conf
00:23:26.08,35152,落云宗修士,哇路你诺風阔诺色,0.583,pending
00:23:26.08,35152,落云宗修士,2221111w,0.534,pending
00:23:26.08,35152,落云宗修士,味酸奶,0.535,pending
00:23:26.08,35152,落云宗修士,风雾de,0.654,low_conf
00:23:26.08,35152,落云宗修士,库瑞塔,0.707,low_conf
00:23:26.08,35152,落云宗修士,色拉味酸奶,0.65,low_conf
00:23:26.08,35152,落云宗修士,风溪桂,0.626,low_conf
00:23:26.08,35152,落云宗修士,裤裤的,0.745,low_conf
00:23:26.08,35152,落云宗修士,屁屁虾颜,0.562,pending
00:23:26.08,35152,落云宗修士,哇衡,0.388,pending
00:23:26.08,35152,落云宗修士,巴拉巴拉啊啦啊恼哦,0.605,low_conf
00:23:26.08,35152,落云宗修士,风呵家,0.658,low_conf
00:23:26.08,35152,落云宗修士,酷得遭,0.733,low_conf
00:23:26.08,35152,落云宗修士,野原琳,0.729,low_conf
00:23:26.08,35152,落云宗修士,巴拉巴拉巴拉吧喂,0.579,pending
00:23:26.08,35152,落云宗修士,酷狗光,0.651,low_conf
00:23:26.08,35152,落云宗修士,味一口兔子,0.716,low_conf
00:23:26.08,35152,落云宗修士,夸克就,0.696,low_conf
00:23:26.08,35152,落云宗修士,柔巴巴波儿,0.512,pending
00:23:26.08,35152,落云宗修士,亚光,0.584,pending
00:23:29.76,35244,落云宗修士,风言风语IX,0.669,low_conf
00:23:29.76,35244,落云宗修士,快快乐,0.687,low_conf
00:23:29.76,35244,落云宗修士,翩岛樹,0.576,pending
00:23:29.76,35244,落云宗修士,巴青钛,0.715,low_conf
00:23:29.76,35244,落云宗修士,风夜爆,0.533,pending
00:23:29.76,35244,落云宗修士,快来摸,0.634,low_conf
00:23:29.76,35244,落云宗修士,巴萨米克醋IZhkY,0.71,low_conf
00:23:29.76,35244,落云宗修士,快乐摆,0.744,low_conf
00:23:29.76,35244,落云宗修士,快乐大,0.746,low_conf
00:23:29.76,35244,落云宗修士,飘苍,0.59,pending
00:23:29.76,35244,落云宗修士,叶家军,0.655,low_conf
00:23:29.76,35244,落云宗修士,巴斯光年驾到,0.723,low_conf
00:23:29.76,35244,落云宗修士,风易清肠,0.677,low_conf
00:23:29.76,35244,落云宗修士,快乐的,0.747,low_conf
00:23:29.76,35244,落云宗修士,飘菊哥,0.745,low_conf
00:23:29.76,35244,落云宗修士,风银瓶,0.747,low_conf
00:23:29.76,35244,落云宗修士,飘零z,0.619,low_conf
00:23:29.76,35244,落云宗修士,叶堇干大疯纸,0.729,low_conf
00:23:29.76,35244,落云宗修士,巴呀呀,0.749,low_conf
00:23:29.76,35244,落云宗修士,飘渺…虚空,0.688,low_conf
00:23:29.76,35244,落云宗修士,叭霓兔,0.732,low_conf
00:23:29.76,35244,落云宗修士,快乐的,0.682,low_conf
00:23:29.76,35244,落云宗修士,丸子同学鸭,0.684,low_conf
00:23:29.76,35244,落云宗修士,叶临风,0.749,low_conf
00:23:29.76,35244,落云宗修士,叭噗m,0.683,low_conf
00:23:29.76,35244,落云宗修士,风雨一程、,0.744,low_conf
00:23:29.76,35244,落云宗修士,叶凌蕊,0.747,low_conf
00:23:29.76,35244,落云宗修士,芭捌,0.643,low_conf
00:23:29.76,35244,落云宗修士,风玉宁,0.73,low_conf
00:23:29.76,35244,落云宗修士,快乐金,0.681,low_conf
00:23:29.76,35244,落云宗修士,芭樂好兄,0.65,low_conf
00:23:29.76,35244,落云宗修士,风月妖,0.736,low_conf
00:23:29.76,35244,落云宗修士,快乐老,0.71,low_conf
00:23:29.76,35244,落云宗修士,漂流鸡蛋,0.726,low_conf
00:23:29.76,35244,落云宗修士,叶落孤城-,0.723,low_conf
00:23:29.76,35244,落云宗修士,疤哥威武,0.7,low_conf
00:23:29.76,35244,落云宗修士,快乐时：,0.668,low_conf
00:23:29.76,35244,落云宗修士,气气氙暖,0.561,pending
00:23:29.76,35244,落云宗修士,快乐小,0.743,low_conf
00:23:29.76,35244,落云宗修士,JAsura,0.678,low_conf
00:23:29.76,35244,落云宗修士,拔灌王,0.724,low_conf
00:23:29.76,35244,落云宗修士,风云丶虹,0.701,low_conf
00:23:29.76,35244,落云宗修士,JKerr I,0.746,low_conf
00:23:29.76,35244,落云宗修士,快乐星,0.717,low_conf
00:23:29.76,35244,落云宗修士,〗哎呀呀…,0.569,pending
00:23:29.76,35244,落云宗修士,玩了没有,0.698,low_conf
00:23:29.76,35244,落云宗修士,叶墨玄,0.714,low_conf
00:23:29.76,35244,落云宗修士,风在雨中w,0.737,low_conf
00:23:29.76,35244,落云宗修士,快乐神柚,0.473,pending
00:23:29.76,35244,落云宗修士,爱老虎油点,0.735,low_conf
00:23:29.76,35244,落云宗修士,叶墨映,0.716,low_conf
00:23:29.76,35244,落云宗修士,风甄汐,0.737,low_conf
00:23:29.76,35244,落云宗修士,快续H,0.478,pending
00:23:29.76,35244,落云宗修士,叶青风,0.739,low_conf
00:23:29.76,35244,落云宗修士,leo温泽,0.749,low_conf
00:23:29.76,35244,落云宗修士,风筝帝,0.615,low_conf
00:23:29.76,35244,落云宗修士,快乐锡,0.467,pending
00:23:29.76,35244,落云宗修士,了然浅复,0.386,pending
00:23:29.76,35244,落云宗修士,把狗关笼子,0.716,low_conf
00:23:29.76,35244,落云宗修士,风之天菱,0.632,low_conf
00:23:29.76,35244,落云宗修士,快乐星,0.447,pending
00:23:29.76,35244,落云宗修士,冰室,0.633,low_conf
00:23:29.76,35244,落云宗修士,leo中哥哥,0.728,low_conf
00:23:29.76,35244,落云宗修士,快跑吧,0.729,low_conf
00:23:29.76,35244,落云宗修士,）成成成,0.632,low_conf
00:23:29.76,35244,落云宗修士,玩票的大神,0.724,low_conf
00:23:29.76,35244,落云宗修士,叶少主岚,0.629,low_conf
00:23:29.76,35244,落云宗修士,-LeRaid.,0.739,low_conf
00:23:29.76,35244,落云宗修士,把姐卖了,0.668,low_conf
00:23:29.76,35244,落云宗修士,快睡觉,0.685,low_conf
00:23:29.76,35244,落云宗修士,成小尾,0.512,pending
00:23:29.76,35244,落云宗修士,Lesliev,0.744,low_conf
00:23:29.76,35244,落云宗修士,快汤更,0.474,pending
00:23:29.76,35244,落云宗修士,就是爱吃…,0.749,low_conf
00:23:29.76,35244,落云宗修士,叶随秋意,0.711,low_conf
00:23:29.76,35244,落云宗修士,297082,0.517,pending
00:23:29.76,35244,落云宗修士,把心静下来27,0.695,low_conf
00:23:29.76,35244,落云宗修士,风中究声的我,0.704,low_conf
00:23:29.76,35244,落云宗修士,快零时,0.508,pending
00:23:29.76,35244,落云宗修士,精是友,0.318,pending
00:23:29.76,35244,落云宗修士,玩玩具的滋哥,0.667,low_conf
00:23:29.76,35244,落云宗修士,叶换清风、,0.666,low_conf
00:23:29.76,35244,落云宗修士,色爸的爸香是镐爸爸,0.747,low_conf
00:23:29.76,35244,落云宗修士,凤中匹骏马,0.564,pending
00:23:29.76,35244,落云宗修士,快峰,0.222,pending
00:23:29.76,35244,落云宗修士,厂君,0.189,pending
00:23:29.76,35244,落云宗修士,叶湘伶的藤原豆腐,0.723,low_conf
00:23:29.76,35244,落云宗修士,219469,0.425,pending
00:23:29.76,35244,落云宗修士,粑妹儿,0.61,low_conf
00:23:29.76,35244,落云宗修士,风、二次,0.63,low_conf
00:23:29.76,35244,落云宗修士,退埃,0.067,pending
00:23:29.76,35244,落云宗修士,）尔壶、,0.245,pending
00:23:29.76,35244,落云宗修士,玩只鸟,0.701,low_conf
00:23:29.76,35244,落云宗修士,叶湘t的,0.559,pending
00:23:29.76,35244,落云宗修士,2nist,0.629,low_conf
00:23:29.76,35244,落云宗修士,稻霖满山跑,0.612,low_conf
00:23:29.76,35244,落云宗修士,风、槽,0.558,pending
00:23:29.76,35244,落云宗修士,链赛的,0.258,pending
00:23:29.76,35244,落云宗修士,之秋,0.645,low_conf
00:23:29.76,35244,落云宗修士,现一会儿,0.491,pending
00:23:29.76,35244,落云宗修士,叶笑辰,0.491,pending
00:23:29.76,35244,落云宗修士,24动静,0.591,pending
00:23:29.76,35244,落云宗修士,leve Me,0.566,pending
00:23:29.76,35244,落云宗修士,霸逍板娘别搞我,0.684,low_conf
00:23:29.76,35244,落云宗修士,风の缝乱,0.564,pending
00:23:29.76,35244,落云宗修士,狂暴时,0.676,low_conf
00:23:29.76,35244,落云宗修士,群命的猪,0.563,pending
00:23:29.76,35244,落云宗修士,换目至时(),0.476,pending
00:23:29.76,35244,落云宗修士,吐味旺吐,0.389,pending
00:23:29.76,35244,落云宗修士,Lex,0.69,low_conf
00:23:29.76,35244,落云宗修士,霸道总裁爱搞我匹,0.538,pending
00:23:29.76,35244,落云宗修士,风轻漂洗,0.543,pending
00:23:29.76,35244,落云宗修士,狂暴咕,0.526,pending
00:23:29.76,35244,落云宗修士,拼鼠的,0.375,pending
00:23:29.76,35244,落云宗修士,现捐刘亦菲98次,0.599,pending
00:23:29.76,35244,落云宗修士,叶叶吐夜夜夜,0.573,pending
00:23:29.76,35244,落云宗修士,2起,0.423,pending
00:23:29.76,35244,落云宗修士,霸气我,0.337,pending
00:23:29.76,35244,落云宗修士,枫轻,0.581,pending
00:23:29.76,35244,落云宗修士,狂暴海,0.559,pending
00:23:29.76,35244,落云宗修士,拼图阵希象,0.534,pending
00:23:29.76,35244,落云宗修士,婉倪相菜,0.303,pending
00:23:29.76,35244,落云宗修士,叶亦除,0.417,pending
00:23:29.76,35244,落云宗修士,霸气馋像,0.453,pending
00:23:29.76,35244,落云宗修士,枫77,0.506,pending
00:23:29.76,35244,落云宗修士,狂暴小,0.495,pending
00:23:29.76,35244,落云宗修士,贵通陈,0.317,pending
00:23:29.76,35244,落云宗修士,婉倪有平,0.478,pending
00:23:29.76,35244,落云宗修士,叶孙淼9266,0.626,low_conf
00:23:29.76,35244,落云宗修士,Lf240,0.632,low_conf
00:23:29.76,35244,落云宗修士,翻气的老陶,0.531,pending
00:23:29.76,35244,落云宗修士,枫-啦啦啦-叶,0.672,low_conf
00:23:29.76,35244,落云宗修士,狂疯般,0.555,pending
00:23:29.76,35244,落云宗修士,晚中有没关系,0.742,low_conf
00:23:29.76,35244,落云宗修士,叶知颗红天钦,0.501,pending
00:23:33.44,35336,落云宗修士,狂揉猫,0.747,low_conf
00:23:33.44,35336,落云宗修士,狂三我,0.698,low_conf
00:23:33.44,35336,落云宗修士,狂袭减,0.729,low_conf
00:23:33.44,35336,落云宗修士,晚该的风,0.703,low_conf
00:23:33.44,35336,落云宗修士,页青仙,0.635,low_conf
00:23:33.44,35336,落云宗修士,灞上折柳,0.703,low_conf
00:23:33.44,35336,落云宗修士,狂想中,0.749,low_conf
00:23:33.44,35336,落云宗修士,夜n,0.65,low_conf
00:23:33.44,35336,落云宗修士,吧啦吧啦哔哩哗波,0.736,low_conf
00:23:33.44,35336,落云宗修士,枫芒不露,0.701,low_conf
00:23:33.44,35336,落云宗修士,狂小江,0.705,low_conf
00:23:33.44,35336,落云宗修士,狂笑君,0.748,low_conf
00:23:33.44,35336,落云宗修士,平加正,0.747,low_conf
00:23:33.44,35336,落云宗修士,白0,0.544,pending
00:23:33.44,35336,落云宗修士,狂信者,0.749,low_conf
00:23:33.44,35336,落云宗修士,夜尘~,0.71,low_conf
00:23:33.44,35336,落云宗修士,枫染子,0.725,low_conf
00:23:33.44,35336,落云宗修士,狂炫母,0.749,low_conf
00:23:33.44,35336,落云宗修士,狂雪夜,0.744,low_conf
00:23:33.44,35336,落云宗修士,白白藿,0.541,pending
00:23:33.44,35336,落云宗修士,枫-味,0.732,low_conf
00:23:33.44,35336,落云宗修士,狂野帅,0.584,pending
00:23:33.44,35336,落云宗修士,菀茹莞萬,0.569,pending
00:23:33.44,35336,落云宗修士,枫言溪,0.748,low_conf
00:23:33.44,35336,落云宗修士,狂拽吊,0.731,low_conf
00:23:33.44,35336,落云宗修士,琬琰xxx,0.687,low_conf
00:23:33.44,35336,落云宗修士,夜饭,0.622,low_conf
00:23:33.44,35336,落云宗修士,狂拽翊,0.745,low_conf
00:23:33.44,35336,落云宗修士,自白玉锦,0.675,low_conf
00:23:33.44,35336,落云宗修士,矿工老,0.747,low_conf
00:23:33.44,35336,落云宗修士,婉,0.295,pending
00:23:33.44,35336,落云宗修士,夜风竹,0.745,low_conf
00:23:33.44,35336,落云宗修士,白白子223,0.728,low_conf
00:23:33.44,35336,落云宗修士,奎托尔,0.741,low_conf
00:23:33.44,35336,落云宗修士,平告,0.476,pending
00:23:33.44,35336,落云宗修士,万道诗,0.745,low_conf
00:23:33.44,35336,落云宗修士,夜丨玥绯,0.69,low_conf
00:23:33.44,35336,落云宗修士,白壁先生,0.696,low_conf
00:23:33.44,35336,落云宗修士,葵家小,0.748,low_conf
00:23:33.44,35336,落云宗修士,万恶の中二,0.702,low_conf
00:23:33.44,35336,落云宗修士,枫叶落、,0.738,low_conf
00:23:33.44,35336,落云宗修士,魁魁魁,0.746,low_conf
00:23:33.44,35336,落云宗修士,白菜の小白,0.711,low_conf
00:23:33.44,35336,落云宗修士,枫叶秦,0.748,low_conf
00:23:33.44,35336,落云宗修士,坤坤雄,0.749,low_conf
00:23:33.44,35336,落云宗修士,平之忘川,0.742,low_conf
00:23:33.44,35336,落云宗修士,坤沦山,0.677,low_conf
00:23:33.44,35336,落云宗修士,夜卷烟,0.747,low_conf
00:23:33.44,35336,落云宗修士,枫逸风,0.749,low_conf
00:23:33.44,35336,落云宗修士,坤门房,0.723,low_conf
00:23:33.44,35336,落云宗修士,万豪0vo,0.651,low_conf
00:23:33.44,35336,落云宗修士,昆虫砖,0.742,low_conf
00:23:33.44,35336,落云宗修士,枫之滨,0.703,low_conf
00:23:33.44,35336,落云宗修士,昆仑山,0.597,pending
00:23:33.44,35336,落云宗修士,万卡XO,0.646,low_conf
00:23:33.44,35336,落云宗修士,封颜、,0.684,low_conf
00:23:33.44,35336,落云宗修士,昆山宝,0.592,pending
00:23:33.44,35336,落云宗修士,方里獨行,0.735,low_conf
00:23:33.44,35336,落云宗修士,夜阑赋,0.724,low_conf
00:23:33.44,35336,落云宗修士,iktty,0.543,pending
00:23:33.44,35336,落云宗修士,民仔和,0.544,pending
00:23:33.44,35336,落云宗修士,消卜,0.48,pending
00:23:33.44,35336,落云宗修士,万里符,0.67,low_conf
00:23:33.44,35336,落云宗修士,-Lilas-,0.65,low_conf
00:23:33.44,35336,落云宗修士,疯祖郦,0.674,low_conf
00:23:33.44,35336,落云宗修士,鲲鹏方,0.548,pending
00:23:33.44,35336,落云宗修士,方重覆荒泽,0.675,low_conf
00:23:33.44,35336,落云宗修士,百大厨子,0.718,low_conf
00:23:33.44,35336,落云宗修士,鲲羽和,0.712,low_conf
00:23:33.44,35336,落云宗修士,方重宽过风月,0.683,low_conf
00:23:33.44,35336,落云宗修士,白底一寸照,0.722,low_conf
00:23:33.44,35336,落云宗修士,鱼,0.113,pending
00:23:33.44,35336,落云宗修士,夜冷煞、,0.684,low_conf
00:23:33.44,35336,落云宗修士,nmi,0.236,pending
00:23:33.44,35336,落云宗修士,困扁头,0.568,pending
00:23:33.44,35336,落云宗修士,方侯玥,0.54,pending
00:23:33.44,35336,落云宗修士,心铭,0.603,low_conf
00:23:33.44,35336,落云宗修士,自队长,0.555,pending
00:23:33.44,35336,落云宗修士,困到香,0.371,pending
00:23:33.44,35336,落云宗修士,方干愁绪,0.623,low_conf
00:23:33.44,35336,落云宗修士,夜里敷鬼面飘,0.692,low_conf
00:23:33.44,35336,落云宗修士,而傻傻猪,0.581,pending
00:23:33.44,35336,落云宗修士,闲到团,0.242,pending
00:23:33.44,35336,落云宗修士,破空熟,0.576,pending
00:23:33.44,35336,落云宗修士,万千寒馆,0.6,low_conf
00:23:33.44,35336,落云宗修士,夜凉梦,0.584,pending
00:23:33.44,35336,落云宗修士,ilycat,0.51,pending
00:23:33.44,35336,落云宗修士,白,0.244,pending
00:23:33.44,35336,落云宗修士,闲团,0.192,pending
00:23:33.44,35336,落云宗修士,破空飞灭,0.729,low_conf
00:23:33.44,35336,落云宗修士,万项斜阳,0.637,low_conf
00:23:33.44,35336,落云宗修士,夜录娜AQE,0.746,low_conf
00:23:37.12,35428,落云宗修士,鱼,0.257,pending
00:23:37.12,35428,落云宗修士,lin086,0.713,low_conf
00:23:37.12,35428,落云宗修士,白海豹一,0.683,low_conf
00:23:37.12,35428,落云宗修士,阔乐好,0.641,low_conf
00:23:37.12,35428,落云宗修士,阔落咖,0.738,low_conf
00:23:37.12,35428,落云宗修士,疯兮の吻,0.696,low_conf
00:23:37.12,35428,落云宗修士,阔耐の,0.673,low_conf
00:23:37.12,35428,落云宗修士,垃圾小,0.708,low_conf
00:23:37.12,35428,落云宗修士,夜泊夜,0.748,low_conf
00:23:37.12,35428,落云宗修士,白金之星5s,0.695,low_conf
00:23:37.12,35428,落云宗修士,-風乎舞雪,0.609,low_conf
00:23:37.12,35428,落云宗修士,拉比丽,0.747,low_conf
00:23:37.12,35428,落云宗修士,万术梦来,0.675,low_conf
00:23:37.12,35428,落云宗修士,風阁裤,0.296,pending
00:23:37.12,35428,落云宗修士,拉不拉,0.627,low_conf
00:23:37.12,35428,落云宗修士,風鈴渡,0.648,low_conf
00:23:37.12,35428,落云宗修士,拉布贝,0.716,low_conf
00:23:37.12,35428,落云宗修士,万万因,0.742,low_conf
00:23:37.12,35428,落云宗修士,風魔御龙吟,0.749,low_conf
00:23:37.12,35428,落云宗修士,拉帝奥,0.747,low_conf
00:23:37.12,35428,落云宗修士,-葡-萄,0.746,low_conf
00:23:37.12,35428,落云宗修士,風起無兆-孺,0.725,low_conf
00:23:37.12,35428,落云宗修士,拉斐尔,0.7,low_conf
00:23:37.12,35428,落云宗修士,万物不及妳-,0.734,low_conf
00:23:37.12,35428,落云宗修士,夜色凄凄,0.723,low_conf
00:23:37.12,35428,落云宗修士,白克破,0.746,low_conf
00:23:37.12,35428,落云宗修士,拉格朗,0.749,low_conf
00:23:37.12,35428,落云宗修士,4jmt,0.656,low_conf
00:23:37.12,35428,落云宗修士,白块块、,0.671,low_conf
00:23:37.12,35428,落云宗修士,風霞,0.472,pending
00:23:37.12,35428,落云宗修士,拉古村,0.745,low_conf
00:23:37.12,35428,落云宗修士,白兰星L,0.647,low_conf
00:23:37.12,35428,落云宗修士,風莆易水寒,0.716,low_conf
00:23:37.12,35428,落云宗修士,拉克不,0.749,low_conf
00:23:37.12,35428,落云宗修士,万象归煜,0.627,low_conf
00:23:37.12,35428,落云宗修士,風-壹,0.647,low_conf
00:23:37.12,35428,落云宗修士,拉坤桑,0.645,low_conf
00:23:37.12,35428,落云宗修士,夜思准,0.714,low_conf
00:23:37.12,35428,落云宗修士,白龙-八海,0.747,low_conf
00:23:37.12,35428,落云宗修士,拉拉哪,0.733,low_conf
00:23:37.12,35428,落云宗修士,璞玉衡通…,0.718,low_conf
00:23:37.12,35428,落云宗修士,万星如昼,0.734,low_conf
00:23:37.12,35428,落云宗修士,拉莱耶,0.749,low_conf
00:23:37.12,35428,落云宗修士,万叶飞6,0.707,low_conf
00:23:37.12,35428,落云宗修士,夜团,0.665,low_conf
00:23:37.12,35428,落云宗修士,峰峰知道我是、,0.741,low_conf
00:23:37.12,35428,落云宗修士,朴茂君,0.659,low_conf
00:23:37.12,35428,落云宗修士,白毛,0.663,low_conf
00:23:37.12,35428,落云宗修士,拉了勾,0.745,low_conf
00:23:37.12,35428,落云宗修士,TKD,0.72,low_conf
00:23:37.12,35428,落云宗修士,峰、、,0.517,pending
00:23:37.12,35428,落云宗修士,拉面漫,0.696,low_conf
00:23:37.12,35428,落云宗修士,记星星眼睛5,0.634,low_conf
00:23:37.12,35428,落云宗修士,白鳥绫,0.541,pending
00:23:37.12,35428,落云宗修士,拉姆怕,0.731,low_conf
00:23:37.12,35428,落云宗修士,五光量子5,0.615,low_conf
00:23:37.12,35428,落云宗修士,夜无韶,0.684,low_conf
00:23:37.12,35428,落云宗修士,拉普达,0.746,low_conf
00:23:37.12,35428,落云宗修士,五天行者五,0.621,low_conf
00:23:37.12,35428,落云宗修士,白平安,0.742,low_conf
00:23:37.12,35428,落云宗修士,锋靖,0.575,pending
00:23:37.12,35428,落云宗修士,白七竹,0.74,low_conf
00:23:37.12,35428,落云宗修士,蜂风,0.666,low_conf
00:23:37.12,35428,落云宗修士,拉条子,0.748,low_conf
00:23:37.12,35428,落云宗修士,萬樹梨花阴,0.591,pending
00:23:37.12,35428,落云宗修士,拉稀还,0.686,low_conf
00:23:37.12,35428,落云宗修士,-萬语,0.715,low_conf
00:23:37.12,35428,落云宗修士,鸡枭,0.347,pending
00:23:37.12,35428,落云宗修士,腊鸡少,0.748,low_conf
00:23:37.12,35428,落云宗修士,铺铺,0.666,low_conf
00:23:37.12,35428,落云宗修士,夜琊社,0.736,low_conf
00:23:37.12,35428,落云宗修士,白若言,0.64,low_conf
00:23:37.12,35428,落云宗修士,腊月蟋,0.614,low_conf
00:23:37.12,35428,落云宗修士,契雯卡昆,0.603,low_conf
00:23:37.12,35428,落云宗修士,Iitlechaa,0.741,low_conf
00:23:37.12,35428,落云宗修士,冯梦农,0.743,low_conf
00:23:37.12,35428,落云宗修士,契兔,0.501,pending
00:23:37.12,35428,落云宗修士,LITLEci,0.732,low_conf
00:23:37.12,35428,落云宗修士,白色_u0,0.643,low_conf
00:23:37.12,35428,落云宗修士,冯硕奶,0.747,low_conf
00:23:37.12,35428,落云宗修士,蜡笔公,0.653,low_conf
00:23:37.12,35428,落云宗修士,汪叽上WIFL,0.74,low_conf
00:23:37.12,35428,落云宗修士,夜雨_微凉,0.735,low_conf
00:23:37.12,35428,落云宗修士,蜡笔小,0.744,low_conf
00:23:37.12,35428,落云宗修士,七捌玖,0.656,low_conf
00:23:37.12,35428,落云宗修士,注凝紫灵,0.699,low_conf
00:23:37.12,35428,落云宗修士,白色天空a,0.732,low_conf
00:23:40.80,35520,落云宗修士,Liuteehou,0.705,low_conf
00:23:40.80,35520,落云宗修士,白要玺玩游戏,0.434,pending
00:23:40.80,35520,落云宗修士,风考你这是喜,0.551,pending
00:23:40.80,35520,落云宗修士,七哥活,0.684,low_conf
00:23:40.80,35520,落云宗修士,注星人31,0.648,low_conf
00:23:40.80,35520,落云宗修士,liuhaizho,0.625,low_conf
00:23:40.80,35520,落云宗修士,白水爱玩,0.566,pending
00:23:40.80,35520,落云宗修士,肤君您达,0.204,pending
00:23:40.80,35520,落云宗修士,辣椒味,0.737,low_conf
00:23:40.80,35520,落云宗修士,七庚马,0.587,pending
00:23:40.80,35520,落云宗修士,注字柔柔委,0.47,pending
00:23:40.80,35520,落云宗修士,lujimb013,0.691,low_conf
00:23:40.80,35520,落云宗修士,白水和妮妮,0.526,pending
00:23:40.80,35520,落云宗修士,肤浅达,0.68,low_conf
00:23:40.80,35520,落云宗修士,辣辣啦,0.744,low_conf
00:23:40.80,35520,落云宗修士,七海维,0.674,low_conf
00:23:40.80,35520,落云宗修士,注优秀秀秀果友,0.7,low_conf
00:23:40.80,35520,落云宗修士,自素和妮妮,0.591,pending
00:23:40.80,35520,落云宗修士,弗拉基尔达,0.745,low_conf
00:23:40.80,35520,落云宗修士,辣肉pr,0.7,low_conf
00:23:40.80,35520,落云宗修士,七海深奈寶,0.61,low_conf
00:23:40.80,35520,落云宗修士,主冰冰1号男发,0.745,low_conf
00:23:40.80,35520,落云宗修士,liugbb,0.709,low_conf
00:23:40.80,35520,落云宗修士,白塔楼的,0.71,low_conf
00:23:40.80,35520,落云宗修士,弗莱搏根,0.448,pending
00:23:40.80,35520,落云宗修士,辣条~,0.573,pending
00:23:40.80,35520,落云宗修士,主不留行逻号,0.656,low_conf
00:23:40.80,35520,落云宗修士,-夜枕星河-,0.712,low_conf
00:23:40.80,35520,落云宗修士,白蒙霜,0.262,pending
00:23:40.80,35520,落云宗修士,啦啦O,0.633,low_conf
00:23:40.80,35520,落云宗修士,七衡金,0.736,low_conf
00:23:40.80,35520,落云宗修士,主布拉,0.583,pending
00:23:40.80,35520,落云宗修士,夜志秋,0.735,low_conf
00:23:40.80,35520,落云宗修士,白桃青桔,0.571,pending
00:23:40.80,35520,落云宗修士,弗利萨室,0.443,pending
00:23:40.80,35520,落云宗修士,啦啦董,0.68,low_conf
00:23:40.80,35520,落云宗修士,七戒日,0.656,low_conf
00:23:40.80,35520,落云宗修士,王超皮,0.673,low_conf
00:23:40.80,35520,落云宗修士,夜尽之真懿,0.726,low_conf
00:23:40.80,35520,落云宗修士,白天躲月亮,0.648,low_conf
00:23:40.80,35520,落云宗修士,弗欺暗室,0.667,low_conf
00:23:40.80,35520,落云宗修士,啦啦啦,0.749,low_conf
00:23:40.80,35520,落云宗修士,七孔人,0.679,low_conf
00:23:40.80,35520,落云宗修士,王大务有只基,0.689,low_conf
00:23:40.80,35520,落云宗修士,liz.papa,0.695,low_conf
00:23:40.80,35520,落云宗修士,自天心情,0.681,low_conf
00:23:40.80,35520,落云宗修士,主代安,0.609,low_conf
00:23:40.80,35520,落云宗修士,夜S,0.466,pending
00:23:40.80,35520,落云宗修士,白惟一,0.492,pending
00:23:40.80,35520,落云宗修士,啦啦啦！,0.741,low_conf
00:23:40.80,35520,落云宗修士,主的降诞,0.699,low_conf
00:23:40.80,35520,落云宗修士,夜の明00,0.712,low_conf
00:23:40.80,35520,落云宗修士,L你,0.645,low_conf
00:23:40.80,35520,落云宗修士,白晓辉,0.669,low_conf
00:23:40.80,35520,落云宗修士,伏条鱼,0.745,low_conf
00:23:40.80,35520,落云宗修士,啦啦啦,0.749,low_conf
00:23:40.80,35520,落云宗修士,七墨渊,0.72,low_conf
00:23:40.80,35520,落云宗修士,葉の大涌俗人,0.743,low_conf
00:23:40.80,35520,落云宗修士,L闲客,0.744,low_conf
00:23:40.80,35520,落云宗修士,白雪颂长歌,0.685,low_conf
00:23:40.80,35520,落云宗修士,伏羲莫,0.548,pending
00:23:40.80,35520,落云宗修士,手博,0.297,pending
00:23:40.80,35520,落云宗修士,晔耶夜耶,0.714,low_conf
00:23:40.80,35520,落云宗修士,七七大宝,0.663,low_conf
00:23:40.80,35520,落云宗修士,王丨风暴烈酒,0.703,low_conf
00:23:40.80,35520,落云宗修士,烨桦霖,0.74,low_conf
00:23:40.80,35520,落云宗修士,lids,0.704,low_conf
00:23:40.80,35520,落云宗修士,白牙丸CC,0.699,low_conf
00:23:40.80,35520,落云宗修士,啦啦啦,0.722,low_conf
00:23:40.80,35520,落云宗修士,王呵喝,0.604,low_conf
00:23:40.80,35520,落云宗修士,烨小雀,0.748,low_conf
00:23:40.80,35520,落云宗修士,5元土豆,0.694,low_conf
00:23:40.80,35520,落云宗修士,Lit3zz,0.748,low_conf
00:23:40.80,35520,落云宗修士,七七六命,0.651,low_conf
00:23:40.80,35520,落云宗修士,七清-磅,0.696,low_conf
00:23:40.80,35520,落云宗修士,ik37,0.656,low_conf
00:23:40.80,35520,落云宗修士,白夜の烟雨,0.739,low_conf
00:23:40.80,35520,落云宗修士,啦啦啦,0.749,low_conf
00:23:40.80,35520,落云宗修士,菜yeahyeah,0.747,low_conf
00:23:40.80,35520,落云宗修士,白衣傲雪,0.745,low_conf
00:23:40.80,35520,落云宗修士,七迁屋的娘口叁叁,0.679,low_conf
00:23:40.80,35520,落云宗修士,菜落归鹰,0.64,low_conf
00:23:40.80,35520,落云宗修士,白影神月,0.715,low_conf
00:23:40.80,35520,落云宗修士,七外婆,0.749,low_conf
00:23:40.80,35520,落云宗修士,菜落無聲,0.631,low_conf
00:23:40.80,35520,落云宗修士,来杯冰,0.746,low_conf
00:23:40.80,35520,落云宗修士,七五森,0.666,low_conf
00:23:40.80,35520,落云宗修士,葉秋辰,0.584,pending
00:23:40.80,35520,落云宗修士,白又0-0,0.56,pending
00:23:40.80,35520,落云宗修士,扶宁-,0.577,pending
00:23:40.80,35520,落云宗修士,来杯美,0.749,low_conf
00:23:40.80,35520,落云宗修士,七晞吖,0.706,low_conf
00:23:40.80,35520,落云宗修士,王堃Max,0.697,low_conf
00:23:40.80,35520,落云宗修士,葉,0.171,pending
00:23:40.80,35520,落云宗修士,来不起,0.749,low_conf
00:23:40.80,35520,落云宗修士,王冷盐,0.748,low_conf
00:23:40.80,35520,落云宗修士,来吃橘,0.748,low_conf
00:23:40.80,35520,落云宗修士,王里知一,0.652,low_conf
00:23:40.80,35520,落云宗修士,業雨寄北,0.659,low_conf
00:23:40.80,35520,落云宗修士,来打我,0.749,low_conf
00:23:40.80,35520,落云宗修士,弦,0.494,pending
00:23:40.80,35520,落云宗修士,Iiff,0.579,pending
00:23:40.80,35520,落云宗修士,白月初SS,0.7,low_conf
00:23:40.80,35520,落云宗修士,七星i天堂,0.688,low_conf
00:23:40.80,35520,落云宗修士,-Effy-,0.725,low_conf
00:23:40.80,35520,落云宗修士,来顶草,0.747,low_conf
00:23:40.80,35520,落云宗修士,白云饿,0.741,low_conf
00:23:40.80,35520,落云宗修士,王呐呐欲,0.716,low_conf
00:23:40.80,35520,落云宗修士,Ibbb,0.7,low_conf
00:23:40.80,35520,落云宗修士,白云侯,0.737,low_conf
00:23:40.80,35520,落云宗修士,来个赤,0.749,low_conf
00:23:40.80,35520,落云宗修士,Lli嘟嘟,0.637,low_conf
00:23:40.80,35520,落云宗修士,白云敛晴擎,0.619,low_conf
00:23:40.80,35520,落云宗修士,芙兰小九,0.74,low_conf
00:23:40.80,35520,落云宗修士,来过来,0.749,low_conf
00:23:40.80,35520,落云宗修士,LLLLex,0.745,low_conf
00:23:40.80,35520,落云宗修士,芙宁娜芙卡洛其,0.743,low_conf
00:23:40.80,35520,落云宗修士,来壶槐,0.744,low_conf
00:23:40.80,35520,落云宗修士,王奇羊,0.749,low_conf
00:23:40.80,35520,落云宗修士,芙葉葉葉葉菜,0.549,pending
00:23:40.80,35520,落云宗修士,来回瞎,0.638,low_conf
00:23:40.80,35520,落云宗修士,七夜籽,0.653,low_conf
00:23:40.80,35520,落云宗修士,川韩磊,0.709,low_conf
00:23:40.80,35520,落云宗修士,来颗花,0.629,low_conf
00:23:40.80,35520,落云宗修士,七邑,0.664,low_conf
00:23:44.48,35612,落云宗修士,-[2-,0.378,pending
00:23:44.48,35612,落云宗修士,来现,0.307,pending
00:23:44.48,35612,落云宗修士,七月苏便,0.57,pending
00:23:44.48,35612,落云宗修士,圭蚊米,0.456,pending
00:23:44.48,35612,落云宗修士,百摄不化免瘦体,0.585,pending
00:23:44.48,35612,落云宗修士,来肤把,0.406,pending
00:23:44.48,35612,落云宗修士,七载济集江自流,0.589,pending
00:23:44.48,35612,落云宗修士,主睡,0.368,pending
00:23:44.48,35612,落云宗修士,68元18,0.718,low_conf
00:23:44.48,35612,落云宗修士,百度过厌哦,0.57,pending
00:23:44.48,35612,落云宗修士,晟沉流沙,0.499,pending
00:23:44.48,35612,落云宗修士,来晓被,0.467,pending
00:23:44.48,35612,落云宗修士,七载威精宝,0.463,pending
00:23:44.48,35612,落云宗修士,主佛啊啊,0.535,pending
00:23:44.48,35612,落云宗修士,二林质票,0.383,pending
00:23:44.48,35612,落云宗修士,6H018,0.551,pending
00:23:44.48,35612,落云宗修士,Imorme,0.693,low_conf
00:23:44.48,35612,落云宗修士,百习天呵爱,0.497,pending
00:23:44.48,35612,落云宗修士,浮沉柒梦,0.605,low_conf
00:23:44.48,35612,落云宗修士,来呀玩,0.635,low_conf
00:23:44.48,35612,落云宗修士,七意成主老,0.351,pending
00:23:44.48,35612,落云宗修士,主祥知,0.603,low_conf
00:23:44.48,35612,落云宗修士,二本死乐v吐不修,0.568,pending
00:23:44.48,35612,落云宗修士,6H医,0.497,pending
00:23:44.48,35612,落云宗修士,lorcamestzz,0.648,low_conf
00:23:44.48,35612,落云宗修士,百歌者,0.711,low_conf
00:23:44.48,35612,落云宗修士,浮城否里,0.507,pending
00:23:44.48,35612,落云宗修士,来也轻,0.639,low_conf
00:23:44.48,35612,落云宗修士,麦管教志者,0.288,pending
00:23:44.48,35612,落云宗修士,圭术和不睡觉,0.505,pending
00:23:44.48,35612,落云宗修士,二本与笑,0.435,pending
00:23:44.48,35612,落云宗修士,lockmstery,0.679,low_conf
00:23:44.48,35612,落云宗修士,浮动全理,0.386,pending
00:23:44.48,35612,落云宗修士,来一杯,0.605,low_conf
00:23:44.48,35612,落云宗修士,柔泳玖,0.276,pending
00:23:44.48,35612,落云宗修士,小哦741,0.679,low_conf
00:23:44.48,35612,落云宗修士,二播与献中,0.452,pending
00:23:44.48,35612,落云宗修士,6呱,0.4,pending
00:23:44.48,35612,落云宗修士,lockmy,0.725,low_conf
00:23:44.48,35612,落云宗修士,首花开,0.261,pending
00:23:44.48,35612,落云宗修士,浮球、,0.408,pending
00:23:44.48,35612,落云宗修士,来二日,0.498,pending
00:23:44.48,35612,落云宗修士,柒冰极特,0.517,pending
00:23:44.48,35612,落云宗修士,二菱无所,0.312,pending
00:23:44.48,35612,落云宗修士,loenin诺言,0.691,low_conf
00:23:44.48,35612,落云宗修士,百进页,0.325,pending
00:23:44.48,35612,落云宗修士,浮华沉风,0.541,pending
00:23:44.48,35612,落云宗修士,来二碗,0.636,low_conf
00:23:44.48,35612,落云宗修士,柒铃斯特,0.563,pending
00:23:44.48,35612,落云宗修士,圭小妹9208,0.61,low_conf
00:23:44.48,35612,落云宗修士,6香香,0.55,pending
00:23:44.48,35612,落云宗修士,Loffit-诺oz,0.635,low_conf
00:23:44.48,35612,落云宗修士,百里责,0.377,pending
00:23:44.48,35612,落云宗修士,来张碗,0.711,low_conf
00:23:44.48,35612,落云宗修士,柒铜市,0.603,low_conf
00:23:44.48,35612,落云宗修士,圭小林02,0.612,low_conf
00:23:44.48,35612,落云宗修士,二场轰轰烈烈恋爱Vt,0.642,low_conf
00:23:44.48,35612,落云宗修士,Logitech,0.739,low_conf
00:23:44.48,35612,落云宗修士,百里题,0.408,pending
00:23:44.48,35612,落云宗修士,浮车575333,0.739,low_conf
00:23:44.48,35612,落云宗修士,来张原,0.741,low_conf
00:23:44.48,35612,落云宗修士,柒秒夏日,0.642,low_conf
00:23:44.48,35612,落云宗修士,主小柔啡,0.432,pending
00:23:44.48,35612,落云宗修士,Lond影于,0.679,low_conf
00:23:44.48,35612,落云宗修士,百里苏便,0.489,pending
00:23:44.48,35612,落云宗修士,浮套的蛋炒饭,0.715,low_conf
00:23:44.48,35612,落云宗修士,来自己,0.553,pending
00:23:44.48,35612,落云宗修士,柒柒柔染,0.557,pending
00:23:44.48,35612,落云宗修士,二吃二大口橙子,0.704,low_conf
00:23:44.48,35612,落云宗修士,白里苏魂,0.627,low_conf
00:23:44.48,35612,落云宗修士,浮参的蛋,0.633,low_conf
00:23:44.48,35612,落云宗修士,来自外,0.716,low_conf
00:23:44.48,35612,落云宗修士,柒柒参拾陆,0.681,low_conf
00:23:44.48,35612,落云宗修士,一吃一大碗ZS,0.636,low_conf
00:23:44.48,35612,落云宗修士,百里末-,0.46,pending
00:23:44.48,35612,落云宗修士,浮灵微光,0.728,low_conf
00:23:44.48,35612,落云宗修士,来自新,0.743,low_conf
00:23:44.48,35612,落云宗修士,主旭东爱,0.718,low_conf
00:23:44.48,35612,落云宗修士,百里星凡,0.483,pending
00:23:44.48,35612,落云宗修士,浮生Y空梦山,0.667,low_conf
00:23:44.48,35612,落云宗修士,莱布尼,0.748,low_conf
00:23:44.48,35612,落云宗修士,主营主,0.435,pending
00:23:44.48,35612,落云宗修士,二果木洲加Q,0.373,pending
00:23:44.48,35612,落云宗修士,白里泽浠8848,0.674,low_conf
00:23:44.48,35612,落云宗修士,浮生活ang,0.607,low_conf
00:23:44.48,35612,落云宗修士,莱恩哈,0.698,low_conf
00:23:44.48,35612,落云宗修士,柒爷爱打球,0.663,low_conf
00:23:44.48,35612,落云宗修士,主二,0.332,pending
00:23:44.48,35612,落云宗修士,一串大福,0.62,low_conf
00:23:44.48,35612,落云宗修士,百年抓摄8,0.65,low_conf
00:23:44.48,35612,落云宗修士,莱弗摩,0.701,low_conf
00:23:44.48,35612,落云宗修士,王予安澜,0.611,low_conf
00:23:44.48,35612,落云宗修士,摄小呆毛很ok,0.673,low_conf
00:23:44.48,35612,落云宗修士,百年老大V,0.705,low_conf
00:23:44.48,35612,落云宗修士,浮生清闲aoy,0.638,low_conf
00:23:44.48,35612,落云宗修士,莱威尔,0.723,low_conf
00:23:44.48,35612,落云宗修士,王者聚,0.547,pending
00:23:44.48,35612,落云宗修士,百奇星人,0.74,low_conf
00:23:44.48,35612,落云宗修士,赖肥肥,0.694,low_conf
00:23:44.48,35612,落云宗修士,王者の小新,0.714,low_conf
00:23:44.48,35612,落云宗修士,二大家子猫的Sisi,0.739,low_conf
00:23:44.48,35612,落云宗修士,百氏C,0.464,pending
00:23:44.48,35612,落云宗修士,浮笙009,0.716,low_conf
00:23:44.48,35612,落云宗修士,赖赖赖,0.749,low_conf
00:23:44.48,35612,落云宗修士,栖迟隐,0.734,low_conf
00:23:44.48,35612,落云宗修士,王之瞭望,0.582,pending
00:23:44.48,35612,落云宗修士,一大头白羊,0.669,low_conf
00:23:44.48,35612,落云宗修士,百岁山有点寒,0.694,low_conf
00:23:44.48,35612,落云宗修士,赖皮兔,0.74,low_conf
00:23:44.48,35612,落云宗修士,栖川萤,0.611,low_conf
00:23:44.48,35612,落云宗修士,一大只六,0.665,low_conf
00:23:44.48,35612,落云宗修士,百无禁忌1963,0.721,low_conf
00:23:44.48,35612,落云宗修士,赖人二,0.683,low_conf
00:23:44.48,35612,落云宗修士,Long.,0.741,low_conf
00:23:44.48,35612,落云宗修士,浮隙隙,0.74,low_conf
00:23:44.48,35612,落云宗修士,兰彻兰,0.736,low_conf
00:23:44.48,35612,落云宗修士,戚个你,0.679,low_conf
00:23:44.48,35612,落云宗修士,一道心圆满,0.735,low_conf
00:23:44.48,35612,落云宗修士,百晓君,0.745,low_conf
00:23:44.48,35612,落云宗修士,兰德亚,0.748,low_conf
00:23:44.48,35612,落云宗修士,一滴点儿,0.717,low_conf
00:23:44.48,35612,落云宗修士,百醉干筋,0.72,low_conf
00:23:44.48,35612,落云宗修士,浮啊,0.667,low_conf
00:23:44.48,35612,落云宗修士,兰姐无,0.746,low_conf
00:23:44.48,35612,落云宗修士,点冰雨,0.721,low_conf
00:23:44.48,35612,落云宗修士,兰酒不,0.747,low_conf
00:23:44.48,35612,落云宗修士,期微于,0.747,low_conf
00:23:44.48,35612,落云宗修士,兰兰的,0.727,low_conf
00:23:44.48,35612,落云宗修士,楼雲大師,0.694,low_conf
00:23:44.48,35612,落云宗修士,一点乌,0.725,low_conf
00:23:44.48,35612,落云宗修士,兰兰虾,0.655,low_conf
00:23:44.48,35612,落云宗修士,柏木,0.633,low_conf
00:23:44.48,35612,落云宗修士,浮梦,0.665,low_conf
00:23:44.48,35612,落云宗修士,兰陵砀,0.546,pending
00:23:44.48,35612,落云宗修士,兰岭笑,0.749,low_conf
00:23:44.48,35612,落云宗修士,兰明辰,0.736,low_conf
00:23:44.48,35612,落云宗修士,一段韶华,0.643,low_conf
00:23:44.48,35612,落云宗修士,摆风人,0.744,low_conf
00:23:44.48,35612,落云宗修士,兰秋寄,0.718,low_conf
00:23:48.16,35704,落云宗修士,尔七。,0.557,pending
00:23:48.16,35704,落云宗修士,拜仁啊,0.745,low_conf
00:23:48.16,35704,落云宗修士,福山嘉魔王,0.669,low_conf
00:23:48.16,35704,落云宗修士,兰学先,0.728,low_conf
00:23:48.16,35704,落云宗修士,往昔流年,0.748,low_conf
00:23:48.16,35704,落云宗修士,兰以城,0.744,low_conf
00:23:48.16,35704,落云宗修士,往油佳,0.738,low_conf
00:23:48.16,35704,落云宗修士,IOTe,0.585,pending
00:23:48.16,35704,落云宗修士,兰之,0.525,pending
00:23:48.16,35704,落云宗修士,安烈君临,0.53,pending
00:23:48.16,35704,落云宗修士,凤北烟,0.696,low_conf
00:23:48.16,35704,落云宗修士,妄想纯白,0.691,low_conf
00:23:48.16,35704,落云宗修士,浮_1,0.399,pending
00:23:48.16,35704,落云宗修士,凤fe,0.563,pending
00:23:48.16,35704,落云宗修士,一风絮,0.547,pending
00:23:48.16,35704,落云宗修士,斑马Wemby,0.741,low_conf
00:23:48.16,35704,落云宗修士,周大脑,0.294,pending
00:23:48.16,35704,落云宗修士,凤多！,0.409,pending
00:23:48.16,35704,落云宗修士,其问晚风,0.556,pending
00:23:48.16,35704,落云宗修士,二个系1,0.59,pending
00:23:48.16,35704,落云宗修士,抚你玉,0.744,low_conf
00:23:48.16,35704,落云宗修士,凤令儿,0.374,pending
00:23:48.16,35704,落云宗修士,其乐红音,0.505,pending
00:23:48.16,35704,落云宗修士,念花辞,0.54,pending
00:23:48.16,35704,落云宗修士,二个JKA,0.748,low_conf
00:23:48.16,35704,落云宗修士,尧乃术余接酱,0.657,low_conf
00:23:48.16,35704,落云宗修士,凤雅爱,0.589,pending
00:23:48.16,35704,落云宗修士,其基ai高学,0.582,pending
00:23:48.16,35704,落云宗修士,搬砖小至全,0.64,low_conf
00:23:48.16,35704,落云宗修士,俯瞰风票EXTF,0.62,low_conf
00:23:48.16,35704,落云宗修士,凤影究,0.394,pending
00:23:48.16,35704,落云宗修士,其实“也就那样了,0.713,low_conf
00:23:48.16,35704,落云宗修士,念了了,0.433,pending
00:23:48.16,35704,落云宗修士,搬砖のR,0.701,low_conf
00:23:48.16,35704,落云宗修士,俯山青,0.644,low_conf
00:23:48.16,35704,落云宗修士,麻影,0.348,pending
00:23:48.16,35704,落云宗修士,其实你不必再疏远,0.727,low_conf
00:23:48.16,35704,落云宗修士,德了怎么哟,0.697,low_conf
00:23:48.16,35704,落云宗修士,二个北味,0.489,pending
00:23:48.16,35704,落云宗修士,腐草-为萤,0.613,low_conf
00:23:48.16,35704,落云宗修士,林斯洛,0.312,pending
00:23:48.16,35704,落云宗修士,其实你知这呼,0.536,pending
00:23:48.16,35704,落云宗修士,忘升哦,0.5,pending
00:23:48.16,35704,落云宗修士,85冷冻,0.548,pending
00:23:48.16,35704,落云宗修士,坂七影,0.635,low_conf
00:23:48.16,35704,落云宗修士,凰斯滑,0.384,pending
00:23:48.16,35704,落云宗修士,其实保美道哦啦,0.453,pending
00:23:48.16,35704,落云宗修士,忘养LL1,0.53,pending
00:23:48.16,35704,落云宗修士,二个不注意,0.562,pending
00:23:48.16,35704,落云宗修士,Lovervind,0.719,low_conf
00:23:48.16,35704,落云宗修士,板车影哥,0.733,low_conf
00:23:48.16,35704,落云宗修士,腐草夏黄,0.446,pending
00:23:48.16,35704,落云宗修士,菌班罐,0.279,pending
00:23:48.16,35704,落云宗修士,其实我是不啦,0.525,pending
00:23:48.16,35704,落云宗修士,忘员真,0.363,pending
00:23:48.16,35704,落云宗修士,二个大程享,0.586,pending
00:23:48.16,35704,落云宗修士,86花,0.723,low_conf
00:23:48.16,35704,落云宗修士,板等猫,0.425,pending
00:23:48.16,35704,落云宗修士,腐票冬司纷纷,0.482,pending
00:23:48.16,35704,落云宗修士,真实技,0.319,pending
00:23:48.16,35704,落云宗修士,旺存大金刚,0.745,low_conf
00:23:48.16,35704,落云宗修士,Love空光,0.675,low_conf
00:23:48.16,35704,落云宗修士,腐生瓷,0.26,pending
00:23:48.16,35704,落云宗修士,蓝白司,0.506,pending
00:23:48.16,35704,落云宗修士,奇峰首蕈,0.525,pending
00:23:48.16,35704,落云宗修士,旺仔进,0.533,pending
00:23:48.16,35704,落云宗修士,二个都没有,0.667,low_conf
00:23:48.16,35704,落云宗修士,LOVE油,0.537,pending
00:23:48.16,35704,落云宗修士,板雾吃板栗呀,0.668,low_conf
00:23:48.16,35704,落云宗修士,生验会,0.458,pending
00:23:48.16,35704,落云宗修士,蓝白空,0.481,pending
00:23:48.16,35704,落云宗修士,奇怪的馨发巨单,0.562,pending
00:23:48.16,35704,落云宗修士,旺仔秋秋糖vvds,0.71,low_conf
00:23:48.16,35704,落云宗修士,二个途遗看,0.631,low_conf
00:23:48.16,35704,落云宗修士,89306r16282_bill,0.73,low_conf
00:23:48.16,35704,落云宗修士,LOVV香猫,0.647,low_conf
00:23:48.16,35704,落云宗修士,板栗麦吃88桌,0.4,pending
00:23:48.16,35704,落云宗修士,专果别擦我,0.439,pending
00:23:48.16,35704,落云宗修士,蓝白色,0.511,pending
00:23:48.16,35704,落云宗修士,奇怪的熔,0.716,low_conf
00:23:48.16,35704,落云宗修士,旺孕秋,0.499,pending
00:23:48.16,35704,落云宗修士,love小婧宝h,0.688,low_conf
00:23:48.16,35704,落云宗修士,付导的择我电,0.447,pending
00:23:48.16,35704,落云宗修士,蓝宝,0.462,pending
00:23:48.16,35704,落云宗修士,奇克奇克,0.563,pending
00:23:48.16,35704,落云宗修士,旺子,0.249,pending
00:23:48.16,35704,落云宗修士,二个很无厨阿婴,0.458,pending
00:23:48.16,35704,落云宗修士,o,0.12,pending
00:23:48.16,35704,落云宗修士,轻颗头锅肥猫。,0.47,pending
00:23:48.16,35704,落云宗修士,付得的,0.497,pending
00:23:48.16,35704,落云宗修士,蓝的等,0.723,low_conf
00:23:48.16,35704,落云宗修士,里空海,0.485,pending
00:23:48.16,35704,落云宗修士,二个动迈克威笑,0.667,low_conf
00:23:48.16,35704,落云宗修士,lP飞翔的,0.543,pending
00:23:48.16,35704,落云宗修士,丰林,0.235,pending
00:23:48.16,35704,落云宗修士,付在餐,0.275,pending
00:23:48.16,35704,落云宗修士,蓝等等,0.711,low_conf
00:23:48.16,35704,落云宗修士,奇来团,0.338,pending
00:23:48.16,35704,落云宗修士,望全海,0.562,pending
00:23:48.16,35704,落云宗修士,二个劲九的,0.552,pending
00:23:48.16,35704,落云宗修士,LPL产交,0.604,low_conf
00:23:48.16,35704,落云宗修士,半城笠歌,0.532,pending
00:23:48.16,35704,落云宗修士,附家翁些三岔,0.525,pending
00:23:48.16,35704,落云宗修士,蓝调遇,0.656,low_conf
00:23:48.16,35704,落云宗修士,奇奇团团,0.652,low_conf
00:23:48.16,35704,落云宗修士,望气,0.117,pending
00:23:48.16,35704,落云宗修士,二个多过来,0.525,pending
00:23:48.16,35704,落云宗修士,LQ676710,0.712,low_conf
00:23:48.16,35704,落云宗修士,半城玺歌呀,0.62,low_conf
00:23:48.16,35704,落云宗修士,附魔栗二,0.521,pending
00:23:48.16,35704,落云宗修士,蓝海无,0.739,low_conf
00:23:48.16,35704,落云宗修士,望舒隆大海,0.62,low_conf
00:23:48.16,35704,落云宗修士,半岛饭盒默,0.608,low_conf
00:23:48.16,35704,落云宗修士,复仇女神在,0.72,low_conf
00:23:48.16,35704,落云宗修士,蓝黑的,0.686,low_conf
00:23:48.16,35704,落云宗修士,二个旅买,0.579,pending
00:23:48.16,35704,落云宗修士,半岛黑色,0.394,pending
00:23:48.16,35704,落云宗修士,蓝狐妖,0.625,low_conf
00:23:48.16,35704,落云宗修士,望月nanaco,0.677,low_conf
00:23:48.16,35704,落云宗修士,半堤桃雨,0.611,low_conf
00:23:48.16,35704,落云宗修士,赵仙奇,0.359,pending
00:23:48.16,35704,落云宗修士,蓝魂战,0.74,low_conf
00:23:48.16,35704,落云宗修士,重月城理,0.703,low_conf
00:23:48.16,35704,落云宗修士,二个琼碧,0.701,low_conf
00:23:48.16,35704,落云宗修士,半个好梦君,0.708,low_conf
00:23:48.16,35704,落云宗修士,蓝极星,0.746,low_conf
00:23:48.16,35704,落云宗修士,威ROg,0.64,low_conf
00:23:48.16,35704,落云宗修士,Itbon,0.691,low_conf
00:23:48.16,35704,落云宗修士,傅莱德,0.696,low_conf
00:23:48.16,35704,落云宗修士,蓝季ct,0.721,low_conf
00:23:48.16,35704,落云宗修士,威兜仔,0.745,low_conf
00:23:48.16,35704,落云宗修士,二个肉包也好吃,0.737,low_conf
00:23:48.16,35704,落云宗修士,Ity子于,0.648,low_conf
00:23:48.16,35704,落云宗修士,傅同学L,0.552,pending
00:23:48.16,35704,落云宗修士,蓝案六,0.688,low_conf
00:23:48.16,35704,落云宗修士,威威,0.658,low_conf
00:23:48.16,35704,落云宗修士,半卷清荷,0.69,low_conf
00:23:48.16,35704,落云宗修士,蓝空之,0.734,low_conf
00:23:48.16,35704,落云宗修士,威威小姚,0.71,low_conf
00:23:48.16,35704,落云宗修士,tu,0.53,pending
00:23:48.16,35704,落云宗修士,富贵花开了,0.738,low_conf
00:23:48.16,35704,落云宗修士,蓝妮中,0.748,low_conf
00:23:48.16,35704,落云宗修士,蓝皮鼠,0.748,low_conf
00:23:48.16,35704,落云宗修士,奇-正,0.632,low_conf
00:23:48.16,35704,落云宗修士,威仔小,0.745,low_conf
00:23:48.16,35704,落云宗修士,半狂,0.63,low_conf
00:23:48.16,35704,落云宗修士,蓝色成,0.746,low_conf
00:23:48.16,35704,落云宗修士,微摩蓬峰,0.584,pending
00:23:51.84,35796,落云宗修士,蓝色、,0.739,low_conf
00:23:51.84,35796,落云宗修士,淇淇安,0.648,low_conf
00:23:51.84,35796,落云宗修士,腹黑人眼镜,0.724,low_conf
00:23:51.84,35796,落云宗修士,蓝舍浪,0.731,low_conf
00:23:51.84,35796,落云宗修士,微光之息,0.707,low_conf
00:23:51.84,35796,落云宗修士,腹黑王,0.746,low_conf
00:23:51.84,35796,落云宗修士,蓝天啊,0.741,low_conf
00:23:51.84,35796,落云宗修士,蓝天白,0.693,low_conf
00:23:51.84,35796,落云宗修士,lucky昵昵眼,0.71,low_conf
00:23:51.84,35796,落云宗修士,蓝枭10,0.71,low_conf
00:23:51.84,35796,落云宗修士,微生亘渊,0.72,low_conf
00:23:51.84,35796,落云宗修士,-根雕丝,0.733,low_conf
00:23:51.84,35796,落云宗修士,蓝心小,0.726,low_conf
00:23:51.84,35796,落云宗修士,一根鸡腿,0.699,low_conf
00:23:51.84,35796,落云宗修士,Lucqe,0.666,low_conf
00:23:51.84,35796,落云宗修士,半透明1,0.685,low_conf
00:23:51.84,35796,落云宗修士,蓝焰水,0.724,low_conf
00:23:51.84,35796,落云宗修士,骑驴唱歌,0.737,low_conf
00:23:51.84,35796,落云宗修士,嘎嘎嘎嘎嘎嘎！,0.713,low_conf
00:23:51.84,35796,落云宗修士,蓝羽化,0.747,low_conf
00:23:51.84,35796,落云宗修士,蓝丹液,0.607,low_conf
00:23:51.84,35796,落云宗修士,半夏葳获PX,0.682,low_conf
00:23:51.84,35796,落云宗修士,嘎嘎乱杀,0.69,low_conf
00:23:51.84,35796,落云宗修士,骑士心,0.683,low_conf
00:23:51.84,35796,落云宗修士,—JOJO歆|-,0.611,low_conf
00:23:51.84,35796,落云宗修士,蓝紫汉,0.717,low_conf
00:23:51.84,35796,落云宗修士,蓝紫翁,0.549,pending
00:23:51.84,35796,落云宗修士,一秋水,0.633,low_conf
00:23:51.84,35796,落云宗修士,澜等法,0.378,pending
00:23:51.84,35796,落云宗修士,微笑汐掩盖优伤,0.739,low_conf
00:23:51.84,35796,落云宗修士,澜汽流,0.702,low_conf
00:23:51.84,35796,落云宗修士,骑着山猪的吗喽,0.728,low_conf
00:23:51.84,35796,落云宗修士,微的碎月啊,0.749,low_conf
00:23:51.84,35796,落云宗修士,lukaaaaaaaaa,0.66,low_conf
00:23:51.84,35796,落云宗修士,半缘浅,0.654,low_conf
00:23:51.84,35796,落云宗修士,窗板报,0.429,pending
00:23:51.84,35796,落云宗修士,微の温柔,0.719,low_conf
00:23:51.84,35796,落云宗修士,一剑琴心,0.641,low_conf
00:23:51.84,35796,落云宗修士,99励志学素,0.748,low_conf
00:23:51.84,35796,落云宗修士,半缘修道喽喽喽,0.666,low_conf
00:23:51.84,35796,落云宗修士,懒中爱,0.318,pending
00:23:51.84,35796,落云宗修士,一贼定天下,0.669,low_conf
00:23:51.84,35796,落云宗修士,9aa,0.147,pending
00:23:51.84,35796,落云宗修士,半盏凤,0.511,pending
00:23:51.84,35796,落云宗修士,懒到不,0.553,pending
00:23:51.84,35796,落云宗修士,骑着乌鱼去漂移,0.706,low_conf
00:23:51.84,35796,落云宗修士,一键卡门,0.654,low_conf
00:23:51.84,35796,落云宗修士,9m00m9,0.746,low_conf
00:23:51.84,35796,落云宗修士,半盖月、,0.556,pending
00:23:51.84,35796,落云宗修士,该上班时就上,0.73,low_conf
00:23:51.84,35796,落云宗修士,懒得取,0.642,low_conf
00:23:51.84,35796,落云宗修士,骑猪逛嗽嫩,0.54,pending
00:23:51.84,35796,落云宗修士,箭霜寒,0.589,pending
00:23:51.84,35796,落云宗修士,9号最会弹琴,0.688,low_conf
00:23:51.84,35796,落云宗修士,半纸藥笔,0.415,pending
00:23:51.84,35796,落云宗修士,该隐与亚、,0.73,low_conf
00:23:51.84,35796,落云宗修士,骑猪狂,0.632,low_conf
00:23:51.84,35796,落云宗修士,薇笑啊,0.64,low_conf
00:23:51.84,35796,落云宗修士,二角茶,0.462,pending
00:23:51.84,35796,落云宗修士,9号最致,0.389,pending
00:23:51.84,35796,落云宗修士,lukelx,0.615,low_conf
00:23:51.84,35796,落云宗修士,邦布游侠,0.718,low_conf
00:23:51.84,35796,落云宗修士,懒漆漆,0.415,pending
00:23:51.84,35796,落云宗修士,精清是个宝,0.509,pending
00:23:51.84,35796,落云宗修士,微爽能…,0.428,pending
00:23:51.84,35796,落云宗修士,二个月表、,0.526,pending
00:23:51.84,35796,落云宗修士,久,0.434,pending
00:23:51.84,35796,落云宗修士,棒棒糖大叔,0.709,low_conf
00:23:51.84,35796,落云宗修士,该逆百已在在,0.508,pending
00:23:51.84,35796,落云宗修士,懒浓漆,0.206,pending
00:23:51.84,35796,落云宗修士,楼7433,0.609,low_conf
00:23:51.84,35796,落云宗修士,魏小虎,0.539,pending
00:23:51.84,35796,落云宗修士,A130073,0.703,low_conf
00:23:51.84,35796,落云宗修士,Lku start,0.65,low_conf
00:23:51.84,35796,落云宗修士,改不了名学咕！,0.648,low_conf
00:23:51.84,35796,落云宗修士,懒食贝,0.253,pending
00:23:51.84,35796,落云宗修士,琦Nuvogh,0.603,low_conf
00:23:51.84,35796,落云宗修士,美恩的猫,0.629,low_conf
00:23:51.84,35796,落云宗修士,二介散修在旧站,0.691,low_conf
00:23:51.84,35796,落云宗修士,ulu的保姆,0.718,low_conf
00:23:51.84,35796,落云宗修士,棒棒销恩,0.449,pending
00:23:51.84,35796,落云宗修士,懒觉的,0.683,low_conf
00:23:51.84,35796,落云宗修士,琦小金轮,0.731,low_conf
00:23:51.84,35796,落云宗修士,韦良的,0.439,pending
00:23:51.84,35796,落云宗修士,二个敏修在站,0.393,pending
00:23:51.84,35796,落云宗修士,1376285827,0.734,low_conf
00:23:51.84,35796,落云宗修士,u的保胖,0.542,pending
00:23:51.84,35796,落云宗修士,包鑫内PY,0.599,pending
00:23:51.84,35796,落云宗修士,改个眠称硬市,0.716,low_conf
00:23:51.84,35796,落云宗修士,懒懒的,0.732,low_conf
00:23:51.84,35796,落云宗修士,瑞拉雅林,0.234,pending
00:23:51.84,35796,落云宗修士,韦校长,0.367,pending
00:23:51.84,35796,落云宗修士,照,0.407,pending
00:23:51.84,35796,落云宗修士,3762时57,0.522,pending
00:23:51.84,35796,落云宗修士,Lum猪iks,0.737,low_conf
00:23:51.84,35796,落云宗修士,包买市青年,0.696,low_conf
00:23:51.84,35796,落云宗修士,懒个,0.384,pending
00:23:51.84,35796,落云宗修士,琪拉雅,0.516,pending
00:23:51.84,35796,落云宗修士,围模映需,0.313,pending
00:23:51.84,35796,落云宗修士,擦晚照十—十,0.562,pending
00:23:51.84,35796,落云宗修士,Lumiferjacks,0.715,low_conf
00:23:51.84,35796,落云宗修士,包稚布,0.356,pending
00:23:51.84,35796,落云宗修士,改名能禁就,0.417,pending
00:23:51.84,35796,落云宗修士,懒军也,0.499,pending
00:23:51.84,35796,落云宗修士,琪小,0.448,pending
00:23:51.84,35796,落云宗修士,围胡票卜,0.287,pending
00:23:51.84,35796,落云宗修士,棵柳材,0.329,pending
00:23:51.84,35796,落云宗修士,包椎君,0.521,pending
00:23:51.84,35796,落云宗修士,改名也质来,0.487,pending
00:23:51.84,35796,落云宗修士,懒人也,0.593,pending
00:23:51.84,35796,落云宗修士,旗相当！,0.45,pending
00:23:51.84,35796,落云宗修士,海草,0.06,pending
00:23:51.84,35796,落云宗修士,楼柳粉12138,0.641,low_conf
00:23:51.84,35796,落云宗修士,改名做磨术,0.485,pending
00:23:51.84,35796,落云宗修士,懒先生,0.744,low_conf
00:23:51.84,35796,落云宗修士,旗学,0.2,pending
00:23:51.84,35796,落云宗修士,淘嗮称1229,0.613,low_conf
00:23:51.84,35796,落云宗修士,糯冰水,0.474,pending
00:23:51.84,35796,落云宗修士,改名做多响好,0.708,low_conf
00:23:51.84,35796,落云宗修士,懒小叔,0.736,low_conf
00:23:51.84,35796,落云宗修士,旗木冰,0.634,low_conf
00:23:51.84,35796,落云宗修士,违规昵称枚市,0.704,low_conf
00:23:51.84,35796,落云宗修士,颗泳水球,0.686,low_conf
00:23:51.84,35796,落云宗修士,lunagjunior,0.729,low_conf
00:23:51.84,35796,落云宗修士,包子不爱吃鱼,0.679,low_conf
00:23:51.84,35796,落云宗修士,设什名子,0.445,pending
00:23:51.84,35796,落云宗修士,懒羊羊,0.612,low_conf
00:23:51.84,35796,落云宗修士,连规昵称6枚市,0.714,low_conf
00:23:51.84,35796,落云宗修士,颗红色星星,0.636,low_conf
00:23:51.84,35796,落云宗修士,包子个爱呢你了吗,0.69,low_conf
00:23:51.84,35796,落云宗修士,钙离子小可受,0.523,pending
00:23:51.84,35796,落云宗修士,懒阅尘,0.738,low_conf
00:23:51.84,35796,落云宗修士,麒麟伪皮虾,0.705,low_conf
00:23:51.84,35796,落云宗修士,唯qr茶宫,0.521,pending
00:23:51.84,35796,落云宗修士,颗花椒均克力,0.675,low_conf
00:23:51.84,35796,落云宗修士,Lun aries,0.73,low_conf
00:23:51.84,35796,落云宗修士,包子冷肤退保了吗,0.669,low_conf
00:23:51.84,35796,落云宗修士,重麦他小可爱,0.508,pending
00:23:51.84,35796,落云宗修士,唯爱爸害,0.45,pending
00:23:55.52,35888,落云宗修士,岂日wy,0.66,low_conf
00:23:55.52,35888,落云宗修士,薄荷凉一夏,0.735,low_conf
00:23:55.52,35888,落云宗修士,盖世喽喽喽雄,0.699,low_conf
00:23:55.52,35888,落云宗修士,狼哥D,0.723,low_conf
00:23:55.52,35888,落云宗修士,薄荷波黑,0.737,low_conf
00:23:55.52,35888,落云宗修士,盖仔丶,0.657,low_conf
00:23:55.52,35888,落云宗修士,狼神之,0.618,low_conf
00:23:55.52,35888,落云宗修士,启示,0.653,low_conf
00:23:55.52,35888,落云宗修士,一克拉）眼泪,0.692,low_conf
00:23:55.52,35888,落云宗修士,狼太羊,0.684,low_conf
00:23:55.52,35888,落云宗修士,蓝渊虹,0.582,pending
00:23:55.52,35888,落云宗修士,狼小童,0.743,low_conf
00:23:55.52,35888,落云宗修士,甘杯不漏,0.705,low_conf
00:23:55.52,35888,落云宗修士,狼银空,0.744,low_conf
00:23:55.52,35888,落云宗修士,维阿啊,0.742,low_conf
00:23:55.52,35888,落云宗修士,甘草欲,0.6,low_conf
00:23:55.52,35888,落云宗修士,廊坊五,0.704,low_conf
00:23:55.52,35888,落云宗修士,起多里,0.749,low_conf
00:23:55.52,35888,落云宗修士,琅琊划,0.749,low_conf
00:23:55.52,35888,落云宗修士,琅琊王,0.733,low_conf
00:23:55.52,35888,落云宗修士,一岚曦—,0.566,pending
00:23:55.52,35888,落云宗修士,朗白,0.621,low_conf
00:23:55.52,35888,落云宗修士,维补,0.404,pending
00:23:55.52,35888,落云宗修士,甘九真,0.693,low_conf
00:23:55.52,35888,落云宗修士,朗澄呀,0.741,low_conf
00:23:55.52,35888,落云宗修士,一李发财-,0.666,low_conf
00:23:55.52,35888,落云宗修士,薄雾路人,0.699,low_conf
00:23:55.52,35888,落云宗修士,肝弹木,0.744,low_conf
00:23:55.52,35888,落云宗修士,朗姆配,0.745,low_conf
00:23:55.52,35888,落云宗修士,一粒Lia ,0.717,low_conf
00:23:55.52,35888,落云宗修士,Lu小啵,0.688,low_conf
00:23:55.52,35888,落云宗修士,宝安甜甜,0.704,low_conf
00:23:55.52,35888,落云宗修士,肝氨咸鱼,0.739,low_conf
00:23:55.52,35888,落云宗修士,朗晴星,0.615,low_conf
00:23:55.52,35888,落云宗修士,柑橘白茶叶,0.734,low_conf
00:23:55.52,35888,落云宗修士,朗羿,0.565,pending
00:23:55.52,35888,落云宗修士,w2iy,0.699,low_conf
00:23:55.52,35888,落云宗修士,朗月晨,0.687,low_conf
00:23:55.52,35888,落云宗修士,宝宝是徕哥,0.726,low_conf
00:23:55.52,35888,落云宗修士,食嘎哒,0.551,pending
00:23:55.52,35888,落云宗修士,wvivwl,0.672,low_conf
00:23:55.52,35888,落云宗修士,浪大阔,0.672,low_conf
00:23:55.52,35888,落云宗修士,一两野,0.712,low_conf
00:23:55.52,35888,落云宗修士,浪荡在,0.747,low_conf
00:23:55.52,35888,落云宗修士,伪实梦,0.667,low_conf
00:23:55.52,35888,落云宗修士,一陆小妖一,0.74,low_conf
00:23:55.52,35888,落云宗修士,宝辰-,0.7,low_conf
00:23:55.52,35888,落云宗修士,浪口未,0.596,pending
00:23:55.52,35888,落云宗修士,一碌木君,0.659,low_conf
00:23:55.52,35888,落云宗修士,浪浪山,0.732,low_conf
00:23:55.52,35888,落云宗修士,浪浪出,0.702,low_conf
00:23:55.52,35888,落云宗修士,尾色wd,0.651,low_conf
00:23:55.52,35888,落云宗修士,Ixkct,0.741,low_conf
00:23:55.52,35888,落云宗修士,浪浪,0.661,low_conf
00:23:55.52,35888,落云宗修士,婚女,0.647,low_conf
00:23:55.52,35888,落云宗修士,尾鱼纹,0.748,low_conf
00:23:55.52,35888,落云宗修士,Ixti,0.483,pending
00:23:55.52,35888,落云宗修士,饱经忧优患,0.652,low_conf
00:23:55.52,35888,落云宗修士,浪墨赤,0.391,pending
00:23:55.52,35888,落云宗修士,苇渡星辰,0.659,low_conf
00:23:55.52,35888,落云宗修士,一缕幻梦,0.744,low_conf
00:23:55.52,35888,落云宗修士,AAA种用小瑞,0.672,low_conf
00:23:55.52,35888,落云宗修士,Ixtxwd,0.716,low_conf
00:23:55.52,35888,落云宗修士,干翻ali,0.638,low_conf
00:23:55.52,35888,落云宗修士,浪量小,0.443,pending
00:23:55.52,35888,落云宗修士,绮语何漓狸,0.723,low_conf
00:23:55.52,35888,落云宗修士,委小哥,0.654,low_conf
00:23:55.52,35888,落云宗修士,浪漫引,0.655,low_conf
00:23:55.52,35888,落云宗修士,气死俺考猪喇,0.711,low_conf
00:23:55.52,35888,落云宗修士,浪,0.455,pending
00:23:55.52,35888,落云宗修士,气运如鸿,0.719,low_conf
00:23:55.52,35888,落云宗修士,二落生一,0.601,low_conf
00:23:55.52,35888,落云宗修士,y34,0.613,low_conf
00:23:55.52,35888,落云宗修士,Kee,0.556,pending
00:23:55.52,35888,落云宗修士,奔兵,0.606,low_conf
00:23:55.52,35888,落云宗修士,掌Hh,0.457,pending
00:23:55.52,35888,落云宗修士,AA金窗有批,0.543,pending
00:23:55.52,35888,落云宗修士,保护我方九九,0.749,low_conf
00:23:55.52,35888,落云宗修士,手饭一级运动,0.694,low_conf
00:23:55.52,35888,落云宗修士,唯瑟园,0.275,pending
00:23:55.52,35888,落云宗修士,奔弥豆,0.56,pending
00:23:55.52,35888,落云宗修士,Esup,0.642,low_conf
00:23:55.52,35888,落云宗修士,一米灭光,0.451,pending
00:23:55.52,35888,落云宗修士,AA保风价批发商韩哥,0.723,low_conf
00:23:55.52,35888,落云宗修士,Lvanz,0.692,low_conf
00:23:55.52,35888,落云宗修士,千靠鱼,0.566,pending
00:23:55.52,35888,落云宗修士,崂您老,0.477,pending
00:23:55.52,35888,落云宗修士,汽深清水,0.599,pending
00:23:55.52,35888,落云宗修士,二米九的叶老师,0.685,low_conf
00:23:55.52,35888,落云宗修士,AA天敏汤批,0.639,low_conf
00:23:55.52,35888,落云宗修士,手于这桶生命,0.578,pending
00:23:55.52,35888,落云宗修士,学事老,0.135,pending
00:23:55.52,35888,落云宗修士,汽水滞不盖善,0.464,pending
00:23:55.52,35888,落云宗修士,正家,0.411,pending
00:23:55.52,35888,落云宗修士,二来六出没,0.626,low_conf
00:23:55.52,35888,落云宗修士,aa无敌汤等,0.571,pending
00:23:55.52,35888,落云宗修士,Mesk,0.726,low_conf
00:23:55.52,35888,落云宗修士,干啥来我,0.643,low_conf
00:23:55.52,35888,落云宗修士,老小,0.255,pending
00:23:55.52,35888,落云宗修士,尉永,0.452,pending
00:23:55.52,35888,落云宗修士,二米韶华,0.666,low_conf
00:23:59.20,35980,落云宗修士,老袋瓦,0.749,low_conf
00:23:59.20,35980,落云宗修士,老登科,0.704,low_conf
00:23:59.20,35980,落云宗修士,ABC鹃,0.694,low_conf
00:23:59.20,35980,落云宗修士,抱雪眠,0.682,low_conf
00:23:59.20,35980,落云宗修士,老登逆,0.726,low_conf
00:23:59.20,35980,落云宗修士,纲手、,0.731,low_conf
00:23:59.20,35980,落云宗修士,老登心,0.746,low_conf
00:23:59.20,35980,落云宗修士,一念安然ZZ,0.749,low_conf
00:23:59.20,35980,落云宗修士,Ly低,0.741,low_conf
00:23:59.20,35980,落云宗修士,老登筑,0.715,low_conf
00:23:59.20,35980,落云宗修士,洽飞,0.658,low_conf
00:23:59.20,35980,落云宗修士,盆咖啡,0.749,low_conf
00:23:59.20,35980,落云宗修士,acail,0.728,low_conf
00:23:59.20,35980,落云宗修士,老丁铛,0.747,low_conf
00:23:59.20,35980,落云宗修士,千本樱“鱼,0.703,low_conf
00:23:59.20,35980,落云宗修士,一盆烂橘子,0.727,low_conf
00:23:59.20,35980,落云宗修士,ly艺_,0.716,low_conf
00:23:59.20,35980,落云宗修士,老豆包,0.724,low_conf
00:23:59.20,35980,落云宗修士,千风一缕,0.731,low_conf
00:23:59.20,35980,落云宗修士,钢棍解,0.729,low_conf
00:23:59.20,35980,落云宗修士,老凡尔,0.696,low_conf
00:23:59.20,35980,落云宗修士,老芳说,0.744,low_conf
00:23:59.20,35980,落云宗修士,干鹤YO,0.687,low_conf
00:23:59.20,35980,落云宗修士,为你情,0.679,low_conf
00:23:59.20,35980,落云宗修士,ACE\ Rain,0.692,low_conf
00:23:59.20,35980,落云宗修士,(zxyz,0.718,low_conf
00:23:59.20,35980,落云宗修士,老夫大,0.745,low_conf
00:23:59.20,35980,落云宗修士,暴力猫猫丶,0.729,low_conf
00:23:59.20,35980,落云宗修士,老鸽手,0.747,low_conf
00:23:59.20,35980,落云宗修士,干离颜,0.532,pending
00:23:59.20,35980,落云宗修士,LzZon,0.735,low_conf
00:23:59.20,35980,落云宗修士,老公的,0.742,low_conf
00:23:59.20,35980,落云宗修士,千里菜鸡,0.613,low_conf
00:23:59.20,35980,落云宗修士,）叔叔,0.718,low_conf
00:23:59.20,35980,落云宗修士,LZ瘾,0.73,low_conf
00:23:59.20,35980,落云宗修士,老狗子,0.748,low_conf
00:23:59.20,35980,落云宗修士,千里送小鸡,0.71,low_conf
00:23:59.20,35980,落云宗修士,ACoOvO0,0.616,low_conf
00:23:59.20,35980,落云宗修士,笙0,0.648,low_conf
00:23:59.20,35980,落云宗修士,老古董,0.747,low_conf
00:23:59.20,35980,落云宗修士,LR|斓岚,0.616,low_conf
00:23:59.20,35980,落云宗修士,老拐是,0.749,low_conf
00:23:59.20,35980,落云宗修士,千墨凌喉,0.66,low_conf
00:23:59.20,35980,落云宗修士,一品slt,0.704,low_conf
00:23:59.20,35980,落云宗修士,老滚迷,0.636,low_conf
00:23:59.20,35980,落云宗修士,瓶智慧酱,0.727,low_conf
00:23:59.20,35980,落云宗修士,待续[,0.573,pending
00:23:59.20,35980,落云宗修士,高斯,0.655,low_conf
00:23:59.20,35980,落云宗修士,老韩霸,0.746,low_conf
00:23:59.20,35980,落云宗修士,干摊高牙,0.734,low_conf
00:23:59.20,35980,落云宗修士,老汉和,0.69,low_conf
00:23:59.20,35980,落云宗修士,一骑当千,0.641,low_conf
00:23:59.20,35980,落云宗修士,LI小辉,0.659,low_conf
00:23:59.20,35980,落云宗修士,老贾玩,0.56,pending
00:23:59.20,35980,落云宗修士,千千界,0.631,low_conf
00:23:59.20,35980,落云宗修士,I开元来的小禾苗!,0.721,low_conf
00:23:59.20,35980,落云宗修士,老角波,0.638,low_conf
00:23:59.20,35980,落云宗修士,千千万亚瑟王,0.726,low_conf
00:23:59.20,35980,落云宗修士,L鹿哥,0.748,low_conf
00:23:59.20,35980,落云宗修士,高伽文,0.748,low_conf
00:23:59.20,35980,落云宗修士,老桀饿,0.701,low_conf
00:23:59.20,35980,落云宗修士,adkfz ,0.741,low_conf
00:23:59.20,35980,落云宗修士,L墨修,0.746,low_conf
00:23:59.20,35980,落云宗修士,老芥菜,0.745,low_conf
00:23:59.20,35980,落云宗修士,L清孩,0.649,low_conf
00:23:59.20,35980,落云宗修士,老阔急,0.743,low_conf
00:23:59.20,35980,落云宗修士,一起养僚鱼,0.699,low_conf
00:23:59.20,35980,落云宗修士,AD绮,0.74,low_conf
00:23:59.20,35980,落云宗修士,高兰交,0.707,low_conf
00:23:59.20,35980,落云宗修士,老老老,0.651,low_conf
00:23:59.20,35980,落云宗修士,爆炸的小白,0.701,low_conf
00:23:59.20,35980,落云宗修士,干樹蒸汽,0.707,low_conf
00:23:59.20,35980,落云宗修士,Aering,0.71,low_conf
00:23:59.20,35980,落云宗修士,卑鄙的远岚,0.702,low_conf
00:23:59.20,35980,落云宗修士,高楼听雨眠,0.734,low_conf
00:23:59.20,35980,落云宗修士,干婉慧梦,0.7,low_conf
00:23:59.20,35980,落云宗修士,未看清、,0.736,low_conf
00:23:59.20,35980,落云宗修士,浪,0.321,pending
00:23:59.20,35980,落云宗修士,高李依,0.605,low_conf
00:23:59.20,35980,落云宗修士,老练野,0.747,low_conf
00:23:59.20,35980,落云宗修士,未燃,0.625,low_conf
00:23:59.20,35980,落云宗修士,关下为公,0.671,low_conf
00:23:59.20,35980,落云宗修士,高,0.251,pending
00:23:59.20,35980,落云宗修士,老廖啊,0.683,low_conf
00:23:59.20,35980,落云宗修士,千夏暖阳,0.661,low_conf
00:23:59.20,35980,落云宗修士,未寺音,0.725,low_conf
00:23:59.20,35980,落云宗修士,一曲长歌吟月白,0.749,low_conf
00:23:59.20,35980,落云宗修士,L关下一佳,0.685,low_conf
00:23:59.20,35980,落云宗修士,高浓度怡實,0.674,low_conf
00:23:59.20,35980,落云宗修士,老林家,0.637,low_conf
00:23:59.20,35980,落云宗修士,L秋無美,0.668,low_conf
00:23:59.20,35980,落云宗修士,悲衰王字,0.481,pending
00:23:59.20,35980,落云宗修士,老龄男,0.736,low_conf
00:23:59.20,35980,落云宗修士,未闻钟磐音,0.732,low_conf
00:23:59.20,35980,落云宗修士,一人步承担,0.688,low_conf
00:23:59.20,35980,落云宗修士,(,0.192,pending
00:23:59.20,35980,落云宗修士,高青滴,0.746,low_conf
00:23:59.20,35980,落云宗修士,老绿瓶,0.748,low_conf
00:23:59.20,35980,落云宗修士,千叶冷银,0.735,low_conf
00:23:59.20,35980,落云宗修士,一人戏一,0.667,low_conf
00:23:59.20,35980,落云宗修士,悲情雯,0.685,low_conf
00:23:59.20,35980,落云宗修士,老迈的,0.614,low_conf
00:23:59.20,35980,落云宗修士,干巢劍介-Sakuya,0.741,low_conf
00:24:02.88,36072,落云宗修士,北北err,0.673,low_conf
00:24:02.88,36072,落云宗修士,高压楼棒,0.624,low_conf
00:24:02.88,36072,落云宗修士,老年角,0.724,low_conf
00:24:02.88,36072,落云宗修士,千只鹤,0.63,low_conf
00:24:02.88,36072,落云宗修士,高阳,0.621,low_conf
00:24:02.88,36072,落云宗修士,老年旅,0.745,low_conf
00:24:02.88,36072,落云宗修士,千纸鸢-磅忆,0.659,low_conf
00:24:02.88,36072,落云宗修士,北朝默箫,0.747,low_conf
00:24:02.88,36072,落云宗修士,高瑶,0.661,low_conf
00:24:02.88,36072,落云宗修士,老年圣,0.738,low_conf
00:24:02.88,36072,落云宗修士,千家澈,0.707,low_conf
00:24:02.88,36072,落云宗修士,北澄市,0.492,pending
00:24:02.88,36072,落云宗修士,老农的,0.749,low_conf
00:24:02.88,36072,落云宗修士,二声轻叹,0.685,low_conf
00:24:02.88,36072,落云宗修士,星月君,0.407,pending
00:24:02.88,36072,落云宗修士,仟小宸,0.744,low_conf
00:24:02.88,36072,落云宗修士,胃口还好喝,0.715,low_conf
00:24:02.88,36072,落云宗修士,十有八九,0.724,low_conf
00:24:02.88,36072,落云宗修士,Madfly、辅zZ,0.675,low_conf
00:24:02.88,36072,落云宗修士,糕糕?-,0.55,pending
00:24:02.88,36072,落云宗修士,老婆是,0.749,low_conf
00:24:02.88,36072,落云宗修士,喂你吃、,0.591,pending
00:24:02.88,36072,落云宗修士,Aice,0.712,low_conf
00:24:02.88,36072,落云宗修士,糕陵,0.662,low_conf
00:24:02.88,36072,落云宗修士,老舍小,0.736,low_conf
00:24:02.88,36072,落云宗修士,世风华绝代,0.717,low_conf
00:24:02.88,36072,落云宗修士,老谁家,0.748,low_conf
00:24:02.88,36072,落云宗修士,一束柿子,0.705,low_conf
00:24:02.88,36072,落云宗修士,果果冬日光100,0.733,low_conf
00:24:02.88,36072,落云宗修士,老师的,0.746,low_conf
00:24:02.88,36072,落云宗修士,一树一灯,0.732,low_conf
00:24:02.88,36072,落云宗修士,北风不蜕,0.642,low_conf
00:24:02.88,36072,落云宗修士,老鼠_爱,0.718,low_conf
00:24:02.88,36072,落云宗修士,渭水河,0.696,low_conf
00:24:02.88,36072,落云宗修士,一瞬流筋,0.719,low_conf
00:24:02.88,36072,落云宗修士,老鼠飞,0.74,low_conf
00:24:02.88,36072,落云宗修士,牵走那缨,0.747,low_conf
00:24:02.88,36072,落云宗修士,蔚HM,0.675,low_conf
00:24:02.88,36072,落云宗修士,搞起侠,0.749,low_conf
00:24:02.88,36072,落云宗修士,老司机,0.704,low_conf
00:24:02.88,36072,落云宗修士,谦陌W,0.71,low_conf
00:24:02.88,36072,落云宗修士,-蔚光圆-,0.562,pending
00:24:02.88,36072,落云宗修士,-栗-,0.407,pending
00:24:02.88,36072,落云宗修士,谦祎啊_,0.669,low_conf
00:24:02.88,36072,落云宗修士,北国坚,0.748,low_conf
00:24:02.88,36072,落云宗修士,搞屎呢吧,0.747,low_conf
00:24:02.88,36072,落云宗修士,老孙退,0.672,low_conf
00:24:02.88,36072,落云宗修士,谦住心,0.747,low_conf
00:24:02.88,36072,落云宗修士,老太婆,0.748,low_conf
00:24:02.88,36072,落云宗修士,Alzzw,0.714,low_conf
00:24:02.88,36072,落云宗修士,老坛自,0.709,low_conf
00:24:02.88,36072,落云宗修士,ai不在焉,0.725,low_conf
00:24:02.88,36072,落云宗修士,老王的,0.749,low_conf
00:24:02.88,36072,落云宗修士,魏萱热,0.742,low_conf
00:24:02.88,36072,落云宗修士,ai的哀,0.711,low_conf
00:24:02.88,36072,落云宗修士,北豪豪,0.749,low_conf
00:24:02.88,36072,落云宗修士,老王会,0.749,low_conf
00:24:02.88,36072,落云宗修士,老王解,0.676,low_conf
00:24:02.88,36072,落云宗修士,钱不扰,0.743,low_conf
00:24:02.88,36072,落云宗修士,魏鱼ci,0.744,low_conf
00:24:02.88,36072,落云宗修士,一条肠粉,0.703,low_conf
00:24:02.88,36072,落云宗修士,疙瘩投,0.747,low_conf
00:24:02.88,36072,落云宗修士,老王批,0.749,low_conf
00:24:02.88,36072,落云宗修士,钱袋子,0.748,low_conf
00:24:02.88,36072,落云宗修士,咯里咯索,0.727,low_conf
00:24:02.88,36072,落云宗修士,老巫将,0.694,low_conf
00:24:02.88,36072,落云宗修士,老瞎眼,0.736,low_conf
00:24:02.88,36072,落云宗修士,钱胖,0.656,low_conf
00:24:02.88,36072,落云宗修士,温清焰,0.748,low_conf
00:24:02.88,36072,落云宗修士,一条化学狗,0.749,low_conf
00:24:02.88,36072,落云宗修士,北京老浣熊,0.748,low_conf
00:24:02.88,36072,落云宗修士,老仙女,0.748,low_conf
00:24:02.88,36072,落云宗修士,一条老懒狗,0.681,low_conf
00:24:02.88,36072,落云宗修士,akikaball,0.735,low_conf
00:24:02.88,36072,落云宗修士,老鲜肉,0.747,low_conf
00:24:02.88,36072,落云宗修士,钳柑油,0.601,low_conf
00:24:02.88,36072,落云宗修士,老谢岗,0.748,low_conf
00:24:02.88,36072,落云宗修士,北陆嘉平,0.733,low_conf
00:24:02.88,36072,落云宗修士,老薛爱,0.749,low_conf
00:24:02.88,36072,落云宗修士,乾若1,0.748,low_conf
00:24:02.88,36072,落云宗修士,老颜同,0.694,low_conf
00:24:02.88,36072,落云宗修士,乾為天-,0.638,low_conf
00:24:02.88,36072,落云宗修士,一条瑜,0.72,low_conf
00:24:02.88,36072,落云宗修士,老阳Z,0.642,low_conf
00:24:02.88,36072,落云宗修士,温予淑,0.748,low_conf
00:24:02.88,36072,落云宗修士,北梦生,0.655,low_conf
00:24:02.88,36072,落云宗修士,鸽子呢,0.725,low_conf
00:24:02.88,36072,落云宗修士,老艺术,0.748,low_conf
00:24:02.88,36072,落云宗修士,温雨楼,0.749,low_conf
00:24:06.56,36164,落云宗修士,aksk-yio,0.537,pending
00:24:06.56,36164,落云宗修士,Maole,0.588,pending
00:24:06.56,36164,落云宗修士,图楼全扇不可,0.356,pending
00:24:06.56,36164,落云宗修士,老香铁,0.367,pending
00:24:06.56,36164,落云宗修士,潜行吧崇当kaze,0.698,low_conf
00:24:06.56,36164,落云宗修士,Akshado茶,0.739,low_conf
00:24:06.56,36164,落云宗修士,北漠有邮,0.601,low_conf
00:24:06.56,36164,落云宗修士,命人永远是,0.59,pending
00:24:06.56,36164,落云宗修士,老张和,0.624,low_conf
00:24:06.56,36164,落云宗修士,潜行吧小,0.659,low_conf
00:24:06.56,36164,落云宗修士,文多多,0.494,pending
00:24:06.56,36164,落云宗修士,Akulama,0.59,pending
00:24:06.56,36164,落云宗修士,marcusi,0.708,low_conf
00:24:06.56,36164,落云宗修士,北泛合折,0.4,pending
00:24:06.56,36164,落云宗修士,量前水选,0.269,pending
00:24:06.56,36164,落云宗修士,老智医,0.527,pending
00:24:06.56,36164,落云宗修士,潜缘装手,0.464,pending
00:24:06.56,36164,落云宗修士,文剑式书生、,0.72,low_conf
00:24:06.56,36164,落云宗修士,AK好,0.699,low_conf
00:24:06.56,36164,落云宗修士,北考新之细神雨,0.719,low_conf
00:24:06.56,36164,落云宗修士,格非单装作,0.711,low_conf
00:24:06.56,36164,落云宗修士,老中医,0.746,low_conf
00:24:06.56,36164,落云宗修士,潜缘之全,0.497,pending
00:24:06.56,36164,落云宗修士,文武书2024,0.685,low_conf
00:24:06.56,36164,落云宗修士,二轮老,0.486,pending
00:24:06.56,36164,落云宗修士,ak丽,0.706,low_conf
00:24:06.56,36164,落云宗修士,mark大个唯,0.743,low_conf
00:24:06.56,36164,落云宗修士,北态者,0.543,pending
00:24:06.56,36164,落云宗修士,格非置装工,0.538,pending
00:24:06.56,36164,落云宗修士,老资也,0.675,low_conf
00:24:06.56,36164,落云宗修士,钱国無量,0.384,pending
00:24:06.56,36164,落云宗修士,文进,0.624,low_conf
00:24:06.56,36164,落云宗修士,雪米饭,0.545,pending
00:24:06.56,36164,落云宗修士,Marin星人,0.703,low_conf
00:24:06.56,36164,落云宗修士,老子要,0.737,low_conf
00:24:06.56,36164,落云宗修士,浅安,0.515,pending
00:24:06.56,36164,落云宗修士,文君元,0.407,pending
00:24:06.56,36164,落云宗修士,二碗半饭饭,0.697,low_conf
00:24:06.56,36164,落云宗修士,Marsttim,0.64,low_conf
00:24:06.56,36164,落云宗修士,北有神仙好,0.439,pending
00:24:06.56,36164,落云宗修士,格林和美的打,0.647,low_conf
00:24:06.56,36164,落云宗修士,老子有,0.636,low_conf
00:24:06.56,36164,落云宗修士,浅安楼,0.575,pending
00:24:06.56,36164,落云宗修士,文森特平平平,0.686,low_conf
00:24:06.56,36164,落云宗修士,二碗蛋包,0.686,low_conf
00:24:06.56,36164,落云宗修士,aladodo,0.693,low_conf
00:24:06.56,36164,落云宗修士,北有神飛,0.56,pending
00:24:06.56,36164,落云宗修士,格幽尔厨,0.366,pending
00:24:06.56,36164,落云宗修士,伤唤,0.5,pending
00:24:06.56,36164,落云宗修士,浅唱会流,0.69,low_conf
00:24:06.56,36164,落云宗修士,文森特半,0.655,low_conf
00:24:06.56,36164,落云宗修士,二碗汛机,0.526,pending
00:24:06.56,36164,落云宗修士,北有小番,0.699,low_conf
00:24:06.56,36164,落云宗修士,格洛米,0.584,pending
00:24:06.56,36164,落云宗修士,乐冰箱,0.742,low_conf
00:24:06.56,36164,落云宗修士,文殊照世,0.721,low_conf
00:24:06.56,36164,落云宗修士,北原有利,0.66,low_conf
00:24:06.56,36164,落云宗修士,格子帝,0.603,low_conf
00:24:06.56,36164,落云宗修士,乐橙橙,0.746,low_conf
00:24:06.56,36164,落云宗修士,文文化,0.727,low_conf
00:24:06.56,36164,落云宗修士,北焖南秋,0.632,low_conf
00:24:06.56,36164,落云宗修士,格子拉,0.59,pending
00:24:06.56,36164,落云宗修士,乐枫电,0.725,low_conf
00:24:06.56,36164,落云宗修士,文小情,0.538,pending
00:24:06.56,36164,落云宗修士,二碗心灵碰霜Wl,0.7,low_conf
00:24:06.56,36164,落云宗修士,贝贝北塔,0.734,low_conf
00:24:06.56,36164,落云宗修士,高熙,0.314,pending
00:24:06.56,36164,落云宗修士,乐剑清,0.735,low_conf
00:24:06.56,36164,落云宗修士,Alan_yo.0,0.667,low_conf
00:24:06.56,36164,落云宗修士,隔壁暗扣主,0.446,pending
00:24:06.56,36164,落云宗修士,乐扣！,0.581,pending
00:24:06.56,36164,落云宗修士,文静,0.655,low_conf
00:24:06.56,36164,落云宗修士,乐,0.499,pending
00:24:06.56,36164,落云宗修士,浅浅薄雾、,0.741,low_conf
00:24:06.56,36164,落云宗修士,一万人二十人,0.708,low_conf
00:24:06.56,36164,落云宗修士,MascOT > Chu,0.712,low_conf
00:24:06.56,36164,落云宗修士,贝壳张柏寒,0.725,low_conf
00:24:06.56,36164,落云宗修士,乐清澄,0.749,low_conf
00:24:06.56,36164,落云宗修士,浅浅菌,0.745,low_conf
00:24:06.56,36164,落云宗修士,艾煊,0.609,low_conf
00:24:06.56,36164,落云宗修士,隔壁的小老王,0.739,low_conf
00:24:06.56,36164,落云宗修士,乐三川,0.689,low_conf
00:24:06.56,36164,落云宗修士,闻春风,0.696,low_conf
00:24:06.56,36164,落云宗修士,贝柔Ov,0.515,pending
00:24:06.56,36164,落云宗修士,乐上师,0.646,low_conf
00:24:06.56,36164,落云宗修士,浅染初,0.742,low_conf
00:24:06.56,36164,落云宗修士,闻风而置,0.689,low_conf
00:24:06.56,36164,落云宗修士,一夏翼,0.658,low_conf
00:24:06.56,36164,落云宗修士,贝王王王王,0.564,pending
00:24:06.56,36164,落云宗修士,乐小橙,0.732,low_conf
00:24:06.56,36164,落云宗修士,一闲闲,0.658,low_conf
00:24:06.56,36164,落云宗修士,贝一辉,0.743,low_conf
00:24:06.56,36164,落云宗修士,乐意呀,0.678,low_conf
00:24:06.56,36164,落云宗修士,一小麻,0.733,low_conf
00:24:06.56,36164,落云宗修士,乐鱼,0.662,low_conf
00:24:06.56,36164,落云宗修士,闻人绎瞳,0.639,low_conf
00:24:06.56,36164,落云宗修士,隔壁门三,0.711,low_conf
00:24:06.56,36164,落云宗修士,乐在奇,0.748,low_conf
00:24:06.56,36164,落云宗修士,闻人烈,0.736,low_conf
00:24:06.56,36164,落云宗修士,隔壁帅王0.0,0.692,low_conf
00:24:06.56,36164,落云宗修士,乐子把,0.749,low_conf
00:24:06.56,36164,落云宗修士,浅夏人晴,0.74,low_conf
00:24:06.56,36164,落云宗修士,乐子人,0.748,low_conf
00:24:06.56,36164,落云宗修士,乐总总,0.726,low_conf
00:24:06.56,36164,落云宗修士,浅影-—,0.58,pending
00:24:06.56,36164,落云宗修士,一星天的海,0.702,low_conf
00:24:06.56,36164,落云宗修士,May77,0.738,low_conf
00:24:06.56,36164,落云宗修士,各空啊,0.744,low_conf
00:24:06.56,36164,落云宗修士,叻一,0.576,pending
00:24:06.56,36164,落云宗修士,樂吾陆,0.722,low_conf
00:24:06.56,36164,落云宗修士,雯略,0.665,low_conf
00:24:06.56,36164,落云宗修士,Alex鄞,0.716,low_conf
00:24:06.56,36164,落云宗修士,樂意樂,0.649,low_conf
00:24:06.56,36164,落云宗修士,雯需玉子,0.749,low_conf
00:24:06.56,36164,落云宗修士,氧千锡,0.626,low_conf
00:24:06.56,36164,落云宗修士,声了怪好,0.567,pending
00:24:06.56,36164,落云宗修士,了解历！,0.729,low_conf
00:24:06.56,36164,落云宗修士,雯箫裳,0.639,low_conf
00:24:06.56,36164,落云宗修士,MAZHING,0.728,low_conf
00:24:06.56,36164,落云宗修士,勒锅槌,0.666,low_conf
00:24:06.56,36164,落云宗修士,一叶沁秋,0.71,low_conf
00:24:06.56,36164,落云宗修士,雷电法,0.747,low_conf
00:24:06.56,36164,落云宗修士,强）无敌,0.721,low_conf
00:24:06.56,36164,落云宗修士,Ma先森、,0.735,low_conf
00:24:06.56,36164,落云宗修士,雷锋镇,0.731,low_conf
00:24:06.56,36164,落云宗修士,稳髻徐行,0.665,low_conf
00:24:10.24,36256,落云宗修士,雷舞后,0.387,pending
00:24:10.24,36256,落云宗修士,向风闻风,0.658,low_conf
00:24:10.24,36256,落云宗修士,MD君,0.695,low_conf
00:24:10.24,36256,落云宗修士,给我看看！,0.705,low_conf
00:24:10.24,36256,落云宗修士,雷建屋,0.287,pending
00:24:10.24,36256,落云宗修士,问世永恒,0.696,low_conf
00:24:10.24,36256,落云宗修士,Alkalvne,0.612,low_conf
00:24:10.24,36256,落云宗修士,重屋在,0.356,pending
00:24:10.24,36256,落云宗修士,洪,0.286,pending
00:24:10.24,36256,落云宗修士,问题不大哎,0.621,low_conf
00:24:10.24,36256,落云宗修士,一页又半,0.459,pending
00:24:10.24,36256,落云宗修士,Megan楸蝉,0.706,low_conf
00:24:10.24,36256,落云宗修士,重意东,0.158,pending
00:24:10.24,36256,落云宗修士,铺东,0.128,pending
00:24:10.24,36256,落云宗修士,养话连,0.554,pending
00:24:10.24,36256,落云宗修士,问天问地间世界,0.677,low_conf
00:24:10.24,36256,落云宗修士,得思,0.543,pending
00:24:10.24,36256,落云宗修士,Allensu1998,0.725,low_conf
00:24:10.24,36256,落云宗修士,根本柔盾,0.582,pending
00:24:10.24,36256,落云宗修士,瑞的,0.359,pending
00:24:10.24,36256,落云宗修士,养可冰,0.502,pending
00:24:10.24,36256,落云宗修士,问关以行道,0.701,low_conf
00:24:10.24,36256,落云宗修士,夜桥,0.368,pending
00:24:10.24,36256,落云宗修士,meliay,0.563,pending
00:24:10.24,36256,落云宗修士,被遗志①肌,0.534,pending
00:24:10.24,36256,落云宗修士,根本没我帅,0.694,low_conf
00:24:10.24,36256,落云宗修士,的水,0.17,pending
00:24:10.24,36256,落云宗修士,养节,0.223,pending
00:24:10.24,36256,落云宗修士,问向题,0.412,pending
00:24:10.24,36256,落云宗修士,横,0.492,pending
00:24:10.24,36256,落云宗修士,allen孚,0.663,low_conf
00:24:10.24,36256,落云宗修士,melodv 003,0.733,low_conf
00:24:10.24,36256,落云宗修士,限银仪栈,0.113,pending
00:24:10.24,36256,落云宗修士,霜花大,0.117,pending
00:24:10.24,36256,落云宗修士,乔未学社,0.648,low_conf
00:24:10.24,36256,落云宗修士,窝苦茶飞,0.428,pending
00:24:10.24,36256,落云宗修士,事儿房倾,0.569,pending
00:24:10.24,36256,落云宗修士,Allen清子猫,0.7,low_conf
00:24:10.24,36256,落云宗修士,melodyu us,0.694,low_conf
00:24:10.24,36256,落云宗修士,被致郁的少年！,0.702,low_conf
00:24:10.24,36256,落云宗修士,跟文-起看,0.704,low_conf
00:24:10.24,36256,落云宗修士,雪姑里,0.455,pending
00:24:10.24,36256,落云宗修士,养容,0.24,pending
00:24:10.24,36256,落云宗修士,是你室不是你,0.743,low_conf
00:24:10.24,36256,落云宗修士,二饮一啄房前定,0.598,pending
00:24:10.24,36256,落云宗修士,allen壳头猫,0.651,low_conf
00:24:10.24,36256,落云宗修士,melonely,0.694,low_conf
00:24:10.24,36256,落云宗修士,价,0.035,pending
00:24:10.24,36256,落云宗修士,跟恩,0.34,pending
00:24:10.24,36256,落云宗修士,雪雪蛋,0.35,pending
00:24:10.24,36256,落云宗修士,乔春布,0.345,pending
00:24:10.24,36256,落云宗修士,素丝糖,0.425,pending
00:24:10.24,36256,落云宗修士,二歌二家,0.389,pending
00:24:10.24,36256,落云宗修士,排世、,0.495,pending
00:24:10.24,36256,落云宗修士,跟tmen,0.583,pending
00:24:10.24,36256,落云宗修士,重霞小,0.426,pending
00:24:10.24,36256,落云宗修士,乔有胖赶占地方,0.606,low_conf
00:24:10.24,36256,落云宗修士,索室哈,0.294,pending
00:24:10.24,36256,落云宗修士,二彩零位,0.356,pending
00:24:10.24,36256,落云宗修士,AlHoliday,0.723,low_conf
00:24:10.24,36256,落云宗修士,Melohis,0.744,low_conf
00:24:10.24,36256,落云宗修士,垂蚕闲不住,0.552,pending
00:24:10.24,36256,落云宗修士,跟天,0.101,pending
00:24:10.24,36256,落云宗修士,雪皱,0.229,pending
00:24:10.24,36256,落云宗修士,乔小解挺站,0.213,pending
00:24:10.24,36256,落云宗修士,索案实m,0.211,pending
00:24:10.24,36256,落云宗修士,二弄半缘,0.41,pending
00:24:10.24,36256,落云宗修士,ALLIN-S,0.668,low_conf
00:24:10.24,36256,落云宗修士,Mephis,0.655,low_conf
00:24:10.24,36256,落云宗修士,奔波雨99,0.584,pending
00:24:10.24,36256,落云宗修士,郎珑,0.424,pending
00:24:10.24,36256,落云宗修士,泪的彼,0.661,low_conf
00:24:10.24,36256,落云宗修士,乔伊斯小,0.71,low_conf
00:24:10.24,36256,落云宗修士,窝灵有一颗汤圆,0.519,pending
00:24:10.24,36256,落云宗修士,二与13,0.535,pending
00:24:10.24,36256,落云宗修士,Allmzyri!,0.719,low_conf
00:24:10.24,36256,落云宗修士,meme理,0.577,pending
00:24:10.24,36256,落云宗修士,奔波鞘漫的霉波尔牵,0.577,pending
00:24:10.24,36256,落云宗修士,封筑简等画,0.627,low_conf
00:24:10.24,36256,落云宗修士,泪痕之,0.603,low_conf
00:24:10.24,36256,落云宗修士,桥洽花,0.373,pending
00:24:10.24,36256,落云宗修士,最出有我,0.444,pending
00:24:10.24,36256,落云宗修士,二元09,0.725,low_conf
00:24:10.24,36256,落云宗修士,奔波的潮的,0.501,pending
00:24:10.24,36256,落云宗修士,更好分荷毛和,0.452,pending
00:24:10.24,36256,落云宗修士,泪蜴紫,0.512,pending
00:24:10.24,36256,落云宗修士,桥海棠,0.548,pending
00:24:10.24,36256,落云宗修士,蜗生自我,0.621,low_conf
00:24:10.24,36256,落云宗修士,二月见,0.518,pending
00:24:10.24,36256,落云宗修士,AllocLee,0.727,low_conf
00:24:10.24,36256,落云宗修士,奔没的冰学,0.326,pending
00:24:10.24,36256,落云宗修士,泪水染,0.61,low_conf
00:24:10.24,36256,落云宗修士,桥时光,0.742,low_conf
00:24:10.24,36256,落云宗修士,蜗午00%,0.52,pending
00:24:10.24,36256,落云宗修士,二至全雨,0.493,pending
00:24:10.24,36256,落云宗修士,奔流呵淡车,0.359,pending
00:24:10.24,36256,落云宗修士,工藤三天人9,0.398,pending
00:24:10.24,36256,落云宗修士,泪、桶,0.29,pending
00:24:10.24,36256,落云宗修士,蜗牛007,0.5,pending
00:24:10.24,36256,落云宗修士,士刺滚神,0.219,pending
00:24:10.24,36256,落云宗修士,奔跑吧财哥,0.726,low_conf
00:24:10.24,36256,落云宗修士,工藤新一族,0.457,pending
00:24:10.24,36256,落云宗修士,巧克力喷气机,0.736,low_conf
00:24:10.24,36256,落云宗修士,蜗牛哥小麦,0.637,low_conf
00:24:10.24,36256,落云宗修士,二盖莫灯,0.603,low_conf
00:24:10.24,36256,落云宗修士,奔跑的二狗,0.703,low_conf
00:24:10.24,36256,落云宗修士,工藤,0.43,pending
00:24:10.24,36256,落云宗修士,累心00,0.747,low_conf
00:24:10.24,36256,落云宗修士,蜗牛小小麦丰,0.742,low_conf
00:24:10.24,36256,落云宗修士,盖沐木,0.213,pending
00:24:10.24,36256,落云宗修士,峻淀、,0.5,pending
00:24:10.24,36256,落云宗修士,蝠牛妳慢些走,0.664,low_conf
00:24:10.24,36256,落云宗修士,盖卿茶,0.348,pending
00:24:10.24,36256,落云宗修士,马长成,0.497,pending
00:24:10.24,36256,落云宗修士,棱云,0.57,pending
00:24:10.24,36256,落云宗修士,AlpROC,0.74,low_conf
00:24:10.24,36256,落云宗修士,奔跑的啡B,0.701,low_conf
00:24:10.24,36256,落云宗修士,尽長,0.175,pending
00:24:10.24,36256,落云宗修士,冷冰冰,0.745,low_conf
00:24:10.24,36256,落云宗修士,俏萌主op,0.713,low_conf
00:24:10.24,36256,落云宗修士,我lok犹,0.675,low_conf
00:24:10.24,36256,落云宗修士,二文青,0.512,pending
00:24:10.24,36256,落云宗修士,公虎,0.657,low_conf
00:24:10.24,36256,落云宗修士,冷淡的5,0.647,low_conf
00:24:10.24,36256,落云宗修士,我OK布_事,0.66,low_conf
00:24:10.24,36256,落云宗修士,一枕昼梦,0.631,low_conf
00:24:10.24,36256,落云宗修士,Me初晓,0.747,low_conf
00:24:10.24,36256,落云宗修士,公路一匹男,0.749,low_conf
00:24:10.24,36256,落云宗修士,冷冬到,0.675,low_conf
00:24:10.24,36256,落云宗修士,县慢听风吟啸,0.749,low_conf
00:24:10.24,36256,落云宗修士,ME咸蛋,0.721,low_conf
00:24:10.24,36256,落云宗修士,公羽尼桑,0.741,low_conf
00:24:10.24,36256,落云宗修士,冷风SS,0.65,low_conf
00:24:10.24,36256,落云宗修士,且莱,0.276,pending
00:24:10.24,36256,落云宗修士,冷风行,0.748,low_conf
00:24:10.24,36256,落云宗修士,且素,0.464,pending
00:24:10.24,36256,落云宗修士,一岐小柠檬,0.731,low_conf
00:24:10.24,36256,落云宗修士,公约数,0.65,low_conf
00:24:10.24,36256,落云宗修士,冷剑白,0.719,low_conf
00:24:10.24,36256,落云宗修士,奔小雷,0.688,low_conf
00:24:10.24,36256,落云宗修士,冷静不,0.749,low_conf
00:24:10.24,36256,落云宗修士,一隽小皮卡乒,0.692,low_conf
00:24:10.24,36256,落云宗修士,犇犇喵儿,0.624,low_conf
00:24:10.24,36256,落云宗修士,公主的鱼,0.744,low_conf
00:24:10.24,36256,落云宗修士,冷酷霸,0.743,low_conf
00:24:10.24,36256,落云宗修士,本名,0.658,low_conf
00:24:10.24,36256,落云宗修士,冷冷的,0.663,low_conf
00:24:10.24,36256,落云宗修士,-且行且歌-,0.625,low_conf
00:24:10.24,36256,落云宗修士,公子森,0.748,low_conf
00:24:10.24,36256,落云宗修士,冷冷冷,0.747,low_conf
00:24:10.24,36256,落云宗修士,一直都在你,0.72,low_conf
00:24:10.24,36256,落云宗修士,冷面硬,0.738,low_conf
00:24:13.92,36348,落云宗修士,冷血无,0.748,low_conf
00:24:13.92,36348,落云宗修士,亲爱的Holly,0.725,low_conf
00:24:13.92,36348,落云宗修士,amberrrg,0.66,low_conf
00:24:13.92,36348,落云宗修士,Michaeljie,0.693,low_conf
00:24:13.92,36348,落云宗修士,宫水言菜,0.697,low_conf
00:24:13.92,36348,落云宗修士,冷言冷,0.747,low_conf
00:24:13.92,36348,落云宗修士,我爱死君君君,0.743,low_conf
00:24:13.92,36348,落云宗修士,宫,0.488,pending
00:24:13.92,36348,落云宗修士,冷艳傲,0.707,low_conf
00:24:13.92,36348,落云宗修士,秦风泗藏,0.554,pending
00:24:13.92,36348,落云宗修士,宫泽晴,0.723,low_conf
00:24:13.92,36348,落云宗修士,冷艳冰,0.638,low_conf
00:24:13.92,36348,落云宗修士,宫肠热热,0.707,low_conf
00:24:13.92,36348,落云宗修士,冷艳的,0.748,low_conf
00:24:13.92,36348,落云宗修士,本座玄骨萧说,0.736,low_conf
00:24:13.92,36348,落云宗修士,冷夜雪,0.711,low_conf
00:24:13.92,36348,落云宗修士,AmgisN,0.747,low_conf
00:24:13.92,36348,落云宗修士,mievil,0.483,pending
00:24:13.92,36348,落云宗修士,冷雨凤,0.672,low_conf
00:24:13.92,36348,落云宗修士,秦墨白、,0.558,pending
00:24:13.92,36348,落云宗修士,Mika.,0.661,low_conf
00:24:13.92,36348,落云宗修士,笨猪脑空空,0.748,low_conf
00:24:13.92,36348,落云宗修士,龚幼波,0.746,low_conf
00:24:13.92,36348,落云宗修士,冷月-fr,0.71,low_conf
00:24:13.92,36348,落云宗修士,一只大至具足虫,0.672,low_conf
00:24:13.92,36348,落云宗修士,amiyali,0.653,low_conf
00:24:13.92,36348,落云宗修士,崩坏3入站,0.703,low_conf
00:24:13.92,36348,落云宗修士,巩筱蔡逸,0.652,low_conf
00:24:13.92,36348,落云宗修士,冷月闻,0.64,low_conf
00:24:13.92,36348,落云宗修士,阴璨小爪,0.518,pending
00:24:13.92,36348,落云宗修士,柔灯不水,0.541,pending
00:24:13.92,36348,落云宗修士,冷月淘,0.525,pending
00:24:13.92,36348,落云宗修士,秦素心,0.471,pending
00:24:13.92,36348,落云宗修士,一只懂事儿的喵鸣,0.711,low_conf
00:24:13.92,36348,落云宗修士,惯头惯,0.352,pending
00:24:13.92,36348,落云宗修士,泰学毅,0.547,pending
00:24:13.92,36348,落云宗修士,一只壹吹羊,0.622,low_conf
00:24:13.92,36348,落云宗修士,共鸣大大,0.563,pending
00:24:13.92,36348,落云宗修士,博类伤,0.153,pending
00:24:13.92,36348,落云宗修士,秦季728,0.704,low_conf
00:24:13.92,36348,落云宗修士,一只肥宝宅熊,0.596,pending
00:24:13.92,36348,落云宗修士,哩哗,0.272,pending
00:24:13.92,36348,落云宗修士,秦正凡,0.64,low_conf
00:24:13.92,36348,落云宗修士,二只庞马马272,0.598,pending
00:24:13.92,36348,落云宗修士,AMOYE,0.702,low_conf
00:24:13.92,36348,落云宗修士,哩哗哩,0.362,pending
00:24:13.92,36348,落云宗修士,秦技安,0.547,pending
00:24:13.92,36348,落云宗修士,我不当神人,0.664,low_conf
00:24:13.92,36348,落云宗修士,milisu,0.499,pending
00:24:13.92,36348,落云宗修士,蹦跋你个踏蹦,0.591,pending
00:24:13.92,36348,落云宗修士,狗啊这名儿,0.586,pending
00:24:13.92,36348,落云宗修士,哩啤哦,0.34,pending
00:24:13.92,36348,落云宗修士,泰保知道起什么服,0.634,low_conf
00:24:13.92,36348,落云宗修士,我不放进去,0.636,low_conf
00:24:13.92,36348,落云宗修士,二只营宫,0.528,pending
00:24:13.92,36348,落云宗修士,Amy木,0.511,pending
00:24:13.92,36348,落云宗修士,鼻乳噬喵哦,0.392,pending
00:24:13.92,36348,落云宗修士,狗蛋真可爱,0.643,low_conf
00:24:13.92,36348,落云宗修士,啤啤啤,0.325,pending
00:24:13.92,36348,落云宗修士,零,0.037,pending
00:24:13.92,36348,落云宗修士,我不摄增,0.559,pending
00:24:13.92,36348,落云宗修士,二只锅,0.476,pending
00:24:13.92,36348,落云宗修士,Amycind,0.567,pending
00:24:13.92,36348,落云宗修士,MikPlus,0.644,low_conf
00:24:13.92,36348,落云宗修士,此比哒哒哒,0.568,pending
00:24:13.92,36348,落云宗修士,狗富贵喵招财,0.668,low_conf
00:24:13.92,36348,落云宗修士,理啤理,0.264,pending
00:24:13.92,36348,落云宗修士,零键断办何处草赁,0.602,low_conf
00:24:13.92,36348,落云宗修士,Anaesthesigz,0.732,low_conf
00:24:13.92,36348,落云宗修士,比布布-,0.659,low_conf
00:24:13.92,36348,落云宗修士,狗哥的轩,0.705,low_conf
00:24:13.92,36348,落云宗修士,狸花红,0.641,low_conf
00:24:13.92,36348,落云宗修士,小,0.063,pending
00:24:13.92,36348,落云宗修士,我不k,0.575,pending
00:24:13.92,36348,落云宗修士,二只叫Motato的番花,0.669,low_conf
00:24:13.92,36348,落云宗修士,miminirce,0.582,pending
00:24:13.92,36348,落云宗修士,比尔的橙子,0.696,low_conf
00:24:13.92,36348,落云宗修士,狗句哪有坏心,0.716,low_conf
00:24:13.92,36348,落云宗修士,狸花喵,0.542,pending
00:24:13.92,36348,落云宗修士,窗鲁小能油,0.493,pending
00:24:13.92,36348,落云宗修士,我不叫长音,0.627,low_conf
00:24:13.92,36348,落云宗修士,二只惊叫呢,0.614,low_conf
00:24:13.92,36348,落云宗修士,mimialic,0.64,low_conf
00:24:13.92,36348,落云宗修士,比不哦漫九,0.399,pending
00:24:13.92,36348,落云宗修士,狗狗爱,0.582,pending
00:24:13.92,36348,落云宗修士,狸花福,0.521,pending
00:24:13.92,36348,落云宗修士,小点,0.118,pending
00:24:13.92,36348,落云宗修士,二只棕楼快,0.405,pending
00:24:13.92,36348,落云宗修士,Mimien,0.631,low_conf
00:24:13.92,36348,落云宗修士,比奇战拍boom,0.628,low_conf
00:24:13.92,36348,落云宗修士,狗狗甜密密,0.679,low_conf
00:24:13.92,36348,落云宗修士,狸狸狸,0.659,low_conf
00:24:13.92,36348,落云宗修士,瘦劳致育猫,0.323,pending
00:24:13.92,36348,落云宗修士,我不是我还能,0.509,pending
00:24:13.92,36348,落云宗修士,二只桶稻橱子,0.43,pending
00:24:13.92,36348,落云宗修士,Mimoe吃了,0.706,low_conf
00:24:13.92,36348,落云宗修士,狗狗猫猫蜜金,0.588,pending
00:24:13.92,36348,落云宗修士,狸奴衔,0.595,pending
00:24:13.92,36348,落云宗修士,瘦子是,0.521,pending
00:24:13.92,36348,落云宗修士,我不是古日款,0.582,pending
00:24:13.92,36348,落云宗修士,二只并花的,0.578,pending
00:24:13.92,36348,落云宗修士,Mim俺吃,0.676,low_conf
00:24:13.92,36348,落云宗修士,比奇历生得分主,0.685,low_conf
00:24:13.92,36348,落云宗修士,狗狗信,0.559,pending
00:24:13.92,36348,落云宗修士,离婚节,0.464,pending
00:24:13.92,36348,落云宗修士,沁小骨魅,0.381,pending
00:24:13.92,36348,落云宗修士,我不是,0.683,low_conf
00:24:13.92,36348,落云宗修士,只珂瑙的小懒猪,0.719,low_conf
00:24:13.92,36348,落云宗修士,Minerray,0.725,low_conf
00:24:13.92,36348,落云宗修士,比奇小烧,0.474,pending
00:24:13.92,36348,落云宗修士,狗狗情世界日,0.641,low_conf
00:24:13.92,36348,落云宗修士,离经叛,0.531,pending
00:24:13.92,36348,落云宗修士,青戈魅,0.434,pending
00:24:13.92,36348,落云宗修士,我不是剩那花awa,0.673,low_conf
00:24:13.92,36348,落云宗修士,Ming. QVQ,0.706,low_conf
00:24:13.92,36348,落云宗修士,此奇医小碗,0.43,pending
00:24:13.92,36348,落云宗修士,狗有,0.298,pending
00:24:13.92,36348,落云宗修士,离开精,0.737,low_conf
00:24:13.92,36348,落云宗修士,青系,0.399,pending
00:24:13.92,36348,落云宗修士,我不是西兰花qwa,0.708,low_conf
00:24:13.92,36348,落云宗修士,彼岸的首场我听江道,0.709,low_conf
00:24:13.92,36348,落云宗修士,狗卷棘明太子,0.632,low_conf
00:24:13.92,36348,落云宗修士,离离12,0.727,low_conf
00:24:13.92,36348,落云宗修士,青信：,0.509,pending
00:24:13.92,36348,落云宗修士,我不是小这同学,0.749,low_conf
00:24:13.92,36348,落云宗修士,二只可连鴨,0.604,low_conf
00:24:13.92,36348,落云宗修士,Mingkina,0.71,low_conf
00:24:13.92,36348,落云宗修士,被岸面,0.165,pending
00:24:13.92,36348,落云宗修士,狗牌草egt,0.528,pending
00:24:13.92,36348,落云宗修士,离离,0.655,low_conf
00:24:13.92,36348,落云宗修士,二只室出,0.731,low_conf
00:24:13.92,36348,落云宗修士,彼岸赛忧草,0.658,low_conf
00:24:13.92,36348,落云宗修士,离人活,0.553,pending
00:24:13.92,36348,落云宗修士,青白遥,0.69,low_conf
00:24:13.92,36348,落云宗修士,我不是鑫总,0.661,low_conf
00:24:13.92,36348,落云宗修士,Mingofl,0.68,low_conf
00:24:13.92,36348,落云宗修士,彼崖忘忧卓,0.437,pending
00:24:13.92,36348,落云宗修士,狗子非狗,0.664,low_conf
00:24:13.92,36348,落云宗修士,离殊殊,0.739,low_conf
00:24:13.92,36348,落云宗修士,我不是燕子哇,0.725,low_conf
00:24:13.92,36348,落云宗修士,二只蓝,0.577,pending
00:24:13.92,36348,落云宗修士,彼岸之想环,0.658,low_conf
00:24:13.92,36348,落云宗修士,狗子很勇,0.654,low_conf
00:24:13.92,36348,落云宗修士,离我远,0.746,low_conf
00:24:13.92,36348,落云宗修士,我不是叶城惟,0.741,low_conf
00:24:13.92,36348,落云宗修士,二只荔枝lizzy,0.711,low_conf
00:24:17.60,36440,落云宗修士,MinicCCCC,0.69,low_conf
00:24:17.60,36440,落云宗修士,笔吹丶,0.577,pending
00:24:17.60,36440,落云宗修士,离子果,0.748,low_conf
00:24:17.60,36440,落云宗修士,我唻好名字,0.726,low_conf
00:24:17.60,36440,落云宗修士,梨风颂,0.631,low_conf
00:24:17.60,36440,落云宗修士,梨老狗,0.722,low_conf
00:24:17.60,36440,落云宗修士,青风初翊,0.698,low_conf
00:24:17.60,36440,落云宗修士,梨狸琴,0.748,low_conf
00:24:17.60,36440,落云宗修士,MiniYa7,0.656,low_conf
00:24:17.60,36440,落云宗修士,鄱人阿成,0.656,low_conf
00:24:17.60,36440,落云宗修士,梨梨子i,0.736,low_conf
00:24:17.60,36440,落云宗修士,青峰吟,0.742,low_conf
00:24:17.60,36440,落云宗修士,梨露卡,0.748,low_conf
00:24:17.60,36440,落云宗修士,郡人黄大仙,0.66,low_conf
00:24:17.60,36440,落云宗修士,咕咕叽叽呛,0.632,low_conf
00:24:17.60,36440,落云宗修士,梨落呀,0.718,low_conf
00:24:17.60,36440,落云宗修士,咕咕叫w,0.732,low_conf
00:24:17.60,36440,落云宗修士,梨妹妹,0.739,low_conf
00:24:17.60,36440,落云宗修士,青红丝_hj ,0.744,low_conf
00:24:17.60,36440,落云宗修士,梨似啦,0.72,low_conf
00:24:17.60,36440,落云宗修士,市李三,0.614,low_conf
00:24:17.60,36440,落云宗修士,梨衣Ril,0.704,low_conf
00:24:17.60,36440,落云宗修士,青花葬,0.644,low_conf
00:24:17.60,36440,落云宗修士,MINY黑克,0.74,low_conf
00:24:17.60,36440,落云宗修士,必选之人,0.746,low_conf
00:24:17.60,36440,落云宗修士,咕′咕′,0.656,low_conf
00:24:17.60,36440,落云宗修士,梨子做,0.733,low_conf
00:24:17.60,36440,落云宗修士,青笔画卿颜,0.65,low_conf
00:24:17.60,36440,落云宗修士,我焯-菜,0.593,pending
00:24:17.60,36440,落云宗修士,毕竟你喜欢、,0.658,low_conf
00:24:17.60,36440,落云宗修士,梨の楚,0.733,low_conf
00:24:17.60,36440,落云宗修士,漓江边,0.744,low_conf
00:24:17.60,36440,落云宗修士,哔哗叭哗霸,0.594,pending
00:24:17.60,36440,落云宗修士,漓哩哩,0.647,low_conf
00:24:17.60,36440,落云宗修士,青九仪,0.582,pending
00:24:17.60,36440,落云宗修士,一只瑜啊,0.722,low_conf
00:24:17.60,36440,落云宗修士,哔哗哗翘翘,0.611,low_conf
00:24:17.60,36440,落云宗修士,璃,0.498,pending
00:24:17.60,36440,落云宗修士,哗外哗外救护车,0.653,low_conf
00:24:17.60,36440,落云宗修士,咕哮咕啥,0.464,pending
00:24:17.60,36440,落云宗修士,璃荒gv,0.586,pending
00:24:17.60,36440,落云宗修士,青空,0.63,low_conf
00:24:17.60,36440,落云宗修士,我的话乖,0.705,low_conf
00:24:17.60,36440,落云宗修士,一指爆嗨,0.729,low_conf
00:24:17.60,36440,落云宗修士,哔了、,0.637,low_conf
00:24:17.60,36440,落云宗修士,咕泡,0.644,low_conf
00:24:17.60,36440,落云宗修士,黎阿自,0.559,pending
00:24:17.60,36440,落云宗修士,青凤,0.622,low_conf
00:24:17.60,36440,落云宗修士,梨纶,0.504,pending
00:24:17.60,36440,落云宗修士,哔哩哗了哗哩,0.549,pending
00:24:17.60,36440,落云宗修士,黎明-菲,0.564,pending
00:24:17.60,36440,落云宗修士,Miss莲,0.676,low_conf
00:24:17.60,36440,落云宗修士,哔喱哔哩好赞,0.653,low_conf
00:24:17.60,36440,落云宗修士,黎尿,0.148,pending
00:24:17.60,36440,落云宗修士,一醉方羞羞,0.57,pending
00:24:17.60,36440,落云宗修士,哔哩法主-bod,0.723,low_conf
00:24:17.60,36440,落云宗修士,菜主,0.154,pending
00:24:17.60,36440,落云宗修士,青变离华,0.571,pending
00:24:17.60,36440,落云宗修士,近,0.063,pending
00:24:17.60,36440,落云宗修士,Antoniocsy,0.747,low_conf
00:24:17.60,36440,落云宗修士,哔喱哩哔哩哩哔哗哗,0.503,pending
00:24:17.60,36440,落云宗修士,礼佛磨,0.528,pending
00:24:17.60,36440,落云宗修士,·青螺,0.553,pending
00:24:17.60,36440,落云宗修士,伊,0.47,pending
00:24:17.60,36440,落云宗修士,哔喱瞬啪曾,0.572,pending
00:24:17.60,36440,落云宗修士,车77的,0.421,pending
00:24:17.60,36440,落云宗修士,青梅飞,0.745,low_conf
00:24:17.60,36440,落云宗修士,我的名学叫大力,0.699,low_conf
00:24:17.60,36440,落云宗修士,A星海上世,0.603,low_conf
00:24:17.60,36440,落云宗修士,哔喱雀,0.494,pending
00:24:17.60,36440,落云宗修士,季ca,0.626,low_conf
00:24:17.60,36440,落云宗修士,青梅竹马Z,0.724,low_conf
00:24:17.60,36440,落云宗修士,伊变受,0.414,pending
00:24:17.60,36440,落云宗修士,AOKO,0.648,low_conf
00:24:17.60,36440,落云宗修士,Miu酱不ing,0.745,low_conf
00:24:17.60,36440,落云宗修士,哔哩樱小雪,0.647,low_conf
00:24:17.60,36440,落云宗修士,孤独的大红票,0.688,low_conf
00:24:17.60,36440,落云宗修士,季宝宝,0.492,pending
00:24:17.60,36440,落云宗修士,青莓净灵,0.537,pending
00:24:17.60,36440,落云宗修士,我的桌水北调,0.662,low_conf
00:24:17.60,36440,落云宗修士,孤独的灰,0.736,low_conf
00:24:17.60,36440,落云宗修士,季传生,0.366,pending
00:24:17.60,36440,落云宗修士,青柔萨,0.322,pending
00:24:17.60,36440,落云宗修士,我的眠称大概有这,0.746,low_conf
00:24:17.60,36440,落云宗修士,哔站六袋旺槽戴狮,0.632,low_conf
00:24:17.60,36440,落云宗修士,全依车,0.191,pending
00:24:17.60,36440,落云宗修士,青木一誠,0.508,pending
00:24:17.60,36440,落云宗修士,我的女票比赶你还,0.697,low_conf
00:24:17.60,36440,落云宗修士,Ao战斗版,0.656,low_conf
00:24:17.60,36440,落云宗修士,michon,0.741,low_conf
00:24:17.60,36440,落云宗修士,碧波晓寒,0.581,pending
00:24:17.60,36440,落云宗修士,孤独的慕阳人,0.635,low_conf
00:24:17.60,36440,落云宗修士,全季教,0.164,pending
00:24:17.60,36440,落云宗修士,青具仔,0.522,pending
00:24:17.60,36440,落云宗修士,我的乔是乔布斯的,0.689,low_conf
00:24:17.60,36440,落云宗修士,Apattes,0.725,low_conf
00:24:17.60,36440,落云宗修士,mic77777,0.587,pending
00:24:17.60,36440,落云宗修士,岩海鲸,0.469,pending
00:24:17.60,36440,落云宗修士,孤独的乐八九,0.621,low_conf
00:24:17.60,36440,落云宗修士,季天忧,0.282,pending
00:24:17.60,36440,落云宗修士,我的蒙同学呢,0.654,low_conf
00:24:17.60,36440,落云宗修士,apex张汽,0.688,low_conf
00:24:17.60,36440,落云宗修士,MKEMPP,0.698,low_conf
00:24:17.60,36440,落云宗修士,岩漆影,0.371,pending
00:24:17.60,36440,落云宗修士,孤独深处自然！,0.677,low_conf
00:24:17.60,36440,落云宗修士,季蛋达,0.399,pending
00:24:17.60,36440,落云宗修士,青年表演,0.578,pending
00:24:17.60,36440,落云宗修士,我的容啊享是,0.605,low_conf
00:24:17.60,36440,落云宗修士,伊卡洛斯的关,0.7,low_conf
00:24:17.60,36440,落云宗修士,APIng阿斯巴甜,0.656,low_conf
00:24:17.60,36440,落云宗修士,MI-MP小蛾子,0.691,low_conf
00:24:17.60,36440,落云宗修士,岩级育外语,0.501,pending
00:24:17.60,36440,落云宗修士,孤独冰鼻无条,0.351,pending
00:24:17.60,36440,落云宗修士,李得清,0.384,pending
00:24:17.60,36440,落云宗修士,青年王,0.568,pending
00:24:17.60,36440,落云宗修士,我的天叫,0.483,pending
00:24:17.60,36440,落云宗修士,伊卡海款之创,0.567,pending
00:24:17.60,36440,落云宗修士,mmadi峨,0.736,low_conf
00:24:17.60,36440,落云宗修士,碧水窗头飞仙,0.5,pending
00:24:17.60,36440,落云宗修士,抓雪,0.282,pending
00:24:17.60,36440,落云宗修士,季登吧,0.392,pending
00:24:17.60,36440,落云宗修士,青柠檬啤酒,0.616,low_conf
00:24:17.60,36440,落云宗修士,我的天崇小森林,0.728,low_conf
00:24:17.60,36440,落云宗修士,伊丽猫尔,0.502,pending
00:24:21.28,36532,落云宗修士,李瓜呱,0.725,low_conf
00:24:21.28,36532,落云宗修士,李观澜,0.745,low_conf
00:24:21.28,36532,落云宗修士,璧玉连城,0.736,low_conf
00:24:21.28,36532,落云宗修士,李嘉图,0.749,low_conf
00:24:21.28,36532,落云宗修士,边成之秋,0.723,low_conf
00:24:21.28,36532,落云宗修士,李建逍,0.72,low_conf
00:24:21.28,36532,落云宗修士,我的太,0.636,low_conf
00:24:21.28,36532,落云宗修士,李李李,0.691,low_conf
00:24:21.28,36532,落云宗修士,伊霜薰尘,0.748,low_conf
00:24:21.28,36532,落云宗修士,李洛紫,0.721,low_conf
00:24:21.28,36532,落云宗修士,青秋菌,0.729,low_conf
00:24:21.28,36532,落云宗修士,伊塔库亚的羽毛,0.726,low_conf
00:24:21.28,36532,落云宗修士,边缘冷雨,0.72,low_conf
00:24:21.28,36532,落云宗修士,李莫名,0.747,low_conf
00:24:21.28,36532,落云宗修士,李木易,0.734,low_conf
00:24:21.28,36532,落云宗修士,李慕白,0.723,low_conf
00:24:21.28,36532,落云宗修士,青纱云扇,0.714,low_conf
00:24:21.28,36532,落云宗修士,衣阿华、,0.676,low_conf
00:24:21.28,36532,落云宗修士,李南长,0.743,low_conf
00:24:21.28,36532,落云宗修士,青山见我-,0.687,low_conf
00:24:21.28,36532,落云宗修士,孤山隐鹤,0.736,low_conf
00:24:21.28,36532,落云宗修士,李培钧,0.736,low_conf
00:24:21.28,36532,落云宗修士,孤-磅90,0.74,low_conf
00:24:21.28,36532,落云宗修士,李培仁,0.741,low_conf
00:24:21.28,36532,落云宗修士,青山青,0.749,low_conf
00:24:21.28,36532,落云宗修士,卞落的,0.726,low_conf
00:24:21.28,36532,落云宗修士,孤胤pp啦,0.732,low_conf
00:24:21.28,36532,落云宗修士,李朋Je,0.686,low_conf
00:24:21.28,36532,落云宗修士,青山我为客,0.715,low_conf
00:24:21.28,36532,落云宗修士,衣衣芎,0.591,pending
00:24:21.28,36532,落云宗修士,MoLi_zzz,0.742,low_conf
00:24:21.28,36532,落云宗修士,卞呀卡,0.604,low_conf
00:24:21.28,36532,落云宗修士,李皮尔,0.707,low_conf
00:24:21.28,36532,落云宗修士,衣镯,0.652,low_conf
00:24:21.28,36532,落云宗修士,李清清,0.668,low_conf
00:24:21.28,36532,落云宗修士,我还能肝-,0.747,low_conf
00:24:21.28,36532,落云宗修士,李师祖,0.721,low_conf
00:24:21.28,36532,落云宗修士,青云,0.659,low_conf
00:24:21.28,36532,落云宗修士,李诗韵,0.691,low_conf
00:24:21.28,36532,落云宗修士,季思空,0.625,low_conf
00:24:21.28,36532,落云宗修士,变种鼠,0.749,low_conf
00:24:21.28,36532,落云宗修士,李太百,0.626,low_conf
00:24:21.28,36532,落云宗修士,李糖O,0.613,low_conf
00:24:21.28,36532,落云宗修士,-青天,0.63,low_conf
00:24:21.28,36532,落云宗修士,李桃言,0.639,low_conf
00:24:21.28,36532,落云宗修士,季提嘟,0.704,low_conf
00:24:21.28,36532,落云宗修士,青蛙叫兽、,0.664,low_conf
00:24:21.28,36532,落云宗修士,古风观止,0.686,low_conf
00:24:21.28,36532,落云宗修士,李潍械,0.451,pending
00:24:21.28,36532,落云宗修士,青尾黑鱼,0.722,low_conf
00:24:21.28,36532,落云宗修士,Arrow小号,0.722,low_conf
00:24:21.28,36532,落云宗修士,9966,0.715,low_conf
00:24:21.28,36532,落云宗修士,古各日,0.664,low_conf
00:24:21.28,36532,落云宗修士,李道遥,0.552,pending
00:24:21.28,36532,落云宗修士,青芜瑜,0.633,low_conf
00:24:21.28,36532,落云宗修士,Renew,0.735,low_conf
00:24:21.28,36532,落云宗修士,古咕沽、,0.717,low_conf
00:24:21.28,36532,落云宗修士,李小阿,0.653,low_conf
00:24:21.28,36532,落云宗修士,青梧安箸,0.679,low_conf
00:24:21.28,36532,落云宗修士,sword,0.717,low_conf
00:24:21.28,36532,落云宗修士,季小喵,0.561,pending
00:24:21.28,36532,落云宗修士,青多江,0.664,low_conf
00:24:21.28,36532,落云宗修士,我家锶魏,0.409,pending
00:24:21.28,36532,落云宗修士,古幻灵,0.746,low_conf
00:24:21.28,36532,落云宗修士,季小悠,0.655,low_conf
00:24:21.28,36532,落云宗修士,青心紫,0.627,low_conf
00:24:21.28,36532,落云宗修士,依然皮丘,0.692,low_conf
00:24:21.28,36532,落云宗修士,黑风莱黑,0.471,pending
00:24:21.28,36532,落云宗修士,季雄蔡,0.696,low_conf
00:24:21.28,36532,落云宗修士,Monya. Ti,0.687,low_conf
00:24:21.28,36532,落云宗修士,浮云若梦…,0.743,low_conf
00:24:21.28,36532,落云宗修士,季修综,0.677,low_conf
00:24:21.28,36532,落云宗修士,青彦沐,0.62,low_conf
00:24:21.28,36532,落云宗修士,苟到花神再出关,0.72,low_conf
00:24:21.28,36532,落云宗修士,季有弥,0.712,low_conf
00:24:21.28,36532,落云宗修士,青叶何用田1号,0.717,low_conf
00:24:24.96,36624,落云宗修士,“林海敢,0.482,pending
00:24:24.96,36624,落云宗修士,古清1,0.611,low_conf
00:24:24.96,36624,落云宗修士,李知恩,0.675,low_conf
00:24:24.96,36624,落云宗修士,青羽雀bili,0.727,low_conf
00:24:24.96,36624,落云宗修士,我叫桑哥,0.64,low_conf
00:24:24.96,36624,落云宗修士,“曲憨憨,0.446,pending
00:24:24.96,36624,落云宗修士,古神斋,0.626,low_conf
00:24:24.96,36624,落云宗修士,李止栖,0.743,low_conf
00:24:24.96,36624,落云宗修士,青语纪,0.658,low_conf
00:24:24.96,36624,落云宗修士,我叫夏喜冬,0.71,low_conf
00:24:24.96,36624,落云宗修士,“松鼠“,0.492,pending
00:24:24.96,36624,落云宗修士,古汤姆×,0.537,pending
00:24:24.96,36624,落云宗修士,李丶赖,0.645,low_conf
00:24:24.96,36624,落云宗修士,青玉案,0.701,low_conf
00:24:24.96,36624,落云宗修士,“藤先生,0.547,pending
00:24:24.96,36624,落云宗修士,青钰君,0.673,low_conf
00:24:24.96,36624,落云宗修士,“也曾,0.536,pending
00:24:24.96,36624,落云宗修士,古月,0.465,pending
00:24:24.96,36624,落云宗修士,李子茉,0.72,low_conf
00:24:24.96,36624,落云宗修士,青云金月,0.731,low_conf
00:24:24.96,36624,落云宗修士,猗立米玄心,0.743,low_conf
00:24:24.96,36624,落云宗修士,古月珏纱,0.7,low_conf
00:24:24.96,36624,落云宗修士,李子粢,0.605,low_conf
00:24:24.96,36624,落云宗修士,“一抓超人…,0.707,low_conf
00:24:24.96,36624,落云宗修士,里咕里,0.689,low_conf
00:24:24.96,36624,落云宗修士,“月袭…,0.645,low_conf
00:24:24.96,36624,落云宗修士,里慢漫,0.733,low_conf
00:24:24.96,36624,落云宗修士,“张xiao自,0.684,low_conf
00:24:24.96,36624,落云宗修士,里在嗪,0.737,low_conf
00:24:24.96,36624,落云宗修士,标rua天,0.73,low_conf
00:24:24.96,36624,落云宗修士,谷蒂归耳,0.71,low_conf
00:24:24.96,36624,落云宗修士,理-梗,0.74,low_conf
00:24:24.96,36624,落云宗修士,飙低音,0.708,low_conf
00:24:24.96,36624,落云宗修士,谷皓月合肥本）,0.737,low_conf
00:24:24.96,36624,落云宗修士,理寺0,0.744,low_conf
00:24:24.96,36624,落云宗修士,哥,0.5,pending
00:24:24.96,36624,落云宗修士,谷上方,0.736,low_conf
00:24:24.96,36624,落云宗修士,理塘丁,0.732,low_conf
00:24:24.96,36624,落云宗修士,谷少主,0.744,low_conf
00:24:24.96,36624,落云宗修士,理想就,0.748,low_conf
00:24:24.96,36624,落云宗修士,我就随便侃侃,0.694,low_conf
00:24:24.96,36624,落云宗修士,怡尚心,0.741,low_conf
00:24:24.96,36624,落云宗修士,憋看了快睡觉,0.725,low_conf
00:24:24.96,36624,落云宗修士,谷雨溴,0.586,pending
00:24:24.96,36624,落云宗修士,青梓妤,0.736,low_conf
00:24:24.96,36624,落云宗修士,打七,0.665,low_conf
00:24:24.96,36624,落云宗修士,理想梅,0.749,low_conf
00:24:24.96,36624,落云宗修士,轻云,0.58,pending
00:24:24.96,36624,落云宗修士,股海修行行者,0.739,low_conf
00:24:24.96,36624,落云宗修士,理性中,0.653,low_conf
00:24:24.96,36624,落云宗修士,理智蒸,0.747,low_conf
00:24:24.96,36624,落云宗修士,鲤津,0.666,low_conf
00:24:24.96,36624,落云宗修士,Motrit,0.671,low_conf
00:24:24.96,36624,落云宗修士,鲤鱼煎,0.649,low_conf
00:24:24.96,36624,落云宗修士,轻乃木,0.748,low_conf
00:24:24.96,36624,落云宗修士,鲤鱼酱,0.749,low_conf
00:24:24.96,36624,落云宗修士,鲤鱼王,0.727,low_conf
00:24:24.96,36624,落云宗修士,轻,0.499,pending
00:24:24.96,36624,落云宗修士,蛊言言言言言,0.704,low_conf
00:24:24.96,36624,落云宗修士,鲤整,0.395,pending
00:24:24.96,36624,落云宗修士,轻挣欢呼,0.72,low_conf
00:24:24.96,36624,落云宗修士,别古斋,0.748,low_conf
00:24:24.96,36624,落云宗修士,毂梁薇,0.722,low_conf
00:24:24.96,36624,落云宗修士,历飞雨,0.657,low_conf
00:24:24.96,36624,落云宗修士,轻舟顾北,0.698,low_conf
00:24:24.96,36624,落云宗修士,乙醚小队,0.706,low_conf
00:24:24.96,36624,落云宗修士,历某就,0.749,low_conf
00:24:24.96,36624,落云宗修士,倾情,0.656,low_conf
00:24:24.96,36624,落云宗修士,Mr_ci,0.693,low_conf
00:24:24.96,36624,落云宗修士,历天行,0.734,low_conf
00:24:24.96,36624,落云宗修士,我勒个逗ZZZ,0.716,low_conf
00:24:24.96,36624,落云宗修士,厉不厉,0.56,pending
00:24:24.96,36624,落云宗修士,倾荒QWQ,0.684,low_conf
00:24:24.96,36624,落云宗修士,厉飞鱼,0.74,low_conf
00:24:24.96,36624,落云宗修士,Mr_SDDD,0.74,low_conf
00:24:24.96,36624,落云宗修士,房飞雨,0.62,low_conf
00:24:24.96,36624,落云宗修士,倾予二,0.64,low_conf
00:24:24.96,36624,落云宗修士,厉害的,0.722,low_conf
00:24:24.96,36624,落云宗修士,Mr_眠,0.683,low_conf
00:24:24.96,36624,落云宗修士,厉凉叶,0.714,low_conf
00:24:24.96,36624,落云宗修士,卿安叶,0.742,low_conf
00:24:24.96,36624,落云宗修士,厉某姓,0.749,low_conf
00:24:24.96,36624,落云宗修士,厉蕴丹,0.742,low_conf
00:24:24.96,36624,落云宗修士,卿归远尘寰,0.733,low_conf
00:24:28.64,36716,落云宗修士,mrButay,0.74,low_conf
00:24:28.64,36716,落云宗修士,别说谢独力,0.415,pending
00:24:28.64,36716,落云宗修士,顾城吹,0.533,pending
00:24:28.64,36716,落云宗修士,鲫虾果面,0.282,pending
00:24:28.64,36716,落云宗修士,我们在来起,0.664,low_conf
00:24:28.64,36716,落云宗修士,mrc0521,0.642,low_conf
00:24:28.64,36716,落云宗修士,别说晚安引别问,0.46,pending
00:24:28.64,36716,落云宗修士,顾格喵,0.444,pending
00:24:28.64,36716,落云宗修士,立棍紧,0.614,low_conf
00:24:28.64,36716,落云宗修士,卿纱沟少,0.335,pending
00:24:28.64,36716,落云宗修士,我们终+来到,0.632,low_conf
00:24:28.64,36716,落云宗修士,别呵我就,0.399,pending
00:24:28.64,36716,落云宗修士,顾老,0.592,pending
00:24:28.64,36716,落云宗修士,立狸,0.654,low_conf
00:24:28.64,36716,落云宗修士,卿颜澈,0.535,pending
00:24:28.64,36716,落云宗修士,我们总是会寻见屋,0.667,low_conf
00:24:28.64,36716,落云宗修士,Avri小小,0.681,low_conf
00:24:28.64,36716,落云宗修士,别确我手中抢走码,0.542,pending
00:24:28.64,36716,落云宗修士,顾量eves,0.74,low_conf
00:24:28.64,36716,落云宗修士,立里完,0.696,low_conf
00:24:28.64,36716,落云宗修士,我們的征途是星辰,0.727,low_conf
00:24:28.64,36716,落云宗修士,亿季氏,0.238,pending
00:24:28.64,36716,落云宗修士,MEMTK,0.524,pending
00:24:28.64,36716,落云宗修士,别想我手,0.374,pending
00:24:28.64,36716,落云宗修士,顾森mast,0.652,low_conf
00:24:28.64,36716,落云宗修士,立马平,0.694,low_conf
00:24:28.64,36716,落云宗修士,脚、莫笑,0.502,pending
00:24:28.64,36716,落云宗修士,我明明哒呢,0.517,pending
00:24:28.64,36716,落云宗修士,传黄香,0.334,pending
00:24:28.64,36716,落云宗修士,别压她头发,0.668,low_conf
00:24:28.64,36716,落云宗修士,顾墨yyds,0.726,low_conf
00:24:28.64,36716,落云宗修士,立体几,0.704,low_conf
00:24:28.64,36716,落云宗修士,清枫ovo,0.714,low_conf
00:24:28.64,36716,落云宗修士,我那个去,0.626,low_conf
00:24:28.64,36716,落云宗修士,别用我名啊喂,0.748,low_conf
00:24:28.64,36716,落云宗修士,顾马顾,0.47,pending
00:24:28.64,36716,落云宗修士,清,0.478,pending
00:24:28.64,36716,落云宗修士,我那只喵呢,0.709,low_conf
00:24:28.64,36716,落云宗修士,旖旋怪怪,0.682,low_conf
00:24:28.64,36716,落云宗修士,axianxianoooo0oo,0.744,low_conf
00:24:28.64,36716,落云宗修士,别技,0.332,pending
00:24:28.64,36716,落云宗修士,顾宁渊,0.599,pending
00:24:28.64,36716,落云宗修士,立心予,0.647,low_conf
00:24:28.64,36716,落云宗修士,别真,0.326,pending
00:24:28.64,36716,落云宗修士,顾千晨,0.359,pending
00:24:28.64,36716,落云宗修士,立真一,0.656,low_conf
00:24:28.64,36716,落云宗修士,宾克斯的美酒Z,0.727,low_conf
00:24:28.64,36716,落云宗修士,顾青高,0.541,pending
00:24:28.64,36716,落云宗修士,清琛居士,0.746,low_conf
00:24:28.64,36716,落云宗修士,亿根竹,0.646,low_conf
00:24:28.64,36716,落云宗修士,Ayaiji.,0.647,low_conf
00:24:28.64,36716,落云宗修士,顾惜朝O_0,0.647,low_conf
00:24:28.64,36716,落云宗修士,丽尔巴,0.748,low_conf
00:24:28.64,36716,落云宗修士,顾惠OVO,0.603,low_conf
00:24:28.64,36716,落云宗修士,丽江消,0.749,low_conf
00:24:28.64,36716,落云宗修士,我妻铃鹿,0.701,low_conf
00:24:28.64,36716,落云宗修士,頤小圆满,0.554,pending
00:24:28.64,36716,落云宗修士,清川,0.659,low_conf
00:24:28.64,36716,落云宗修士,弋娃娃,0.517,pending
00:24:28.64,36716,落云宗修士,彬小磊,0.743,low_conf
00:24:28.64,36716,落云宗修士,利飞羽,0.647,low_conf
00:24:28.64,36716,落云宗修士,斌天尊,0.748,low_conf
00:24:28.64,36716,落云宗修士,清范辛,0.719,low_conf
00:24:28.64,36716,落云宗修士,忆晨曦X,0.746,low_conf
00:24:28.64,36716,落云宗修士,利马那,0.744,low_conf
00:24:28.64,36716,落云宗修士,忆解之,0.729,low_conf
00:24:28.64,36716,落云宗修士,水,0.154,pending
00:24:28.64,36716,落云宗修士,瓜皮一个>,0.638,low_conf
00:24:28.64,36716,落云宗修士,利莫安,0.749,low_conf
00:24:28.64,36716,落云宗修士,忆哭思,0.746,low_conf
00:24:28.64,36716,落云宗修士,>逝影,0.704,low_conf
00:24:28.64,36716,落云宗修士,忆梦鱼,0.655,low_conf
00:24:28.64,36716,落云宗修士,忆南康白起,0.744,low_conf
00:24:28.64,36716,落云宗修士,利维坦,0.746,low_conf
00:24:28.64,36716,落云宗修士,Mr yf,0.682,low_conf
00:24:28.64,36716,落云宗修士,沥小川,0.659,low_conf
00:24:28.64,36716,落云宗修士,忆稀,0.665,low_conf
00:24:28.64,36716,落云宗修士,Mr ~zach,0.739,low_conf
00:24:28.64,36716,落云宗修士,瓜籽狸,0.746,low_conf
00:24:28.64,36716,落云宗修士,劳尧,0.646,low_conf
00:24:28.64,36716,落云宗修士,我是○气,0.691,low_conf
00:24:28.64,36716,落云宗修士,忆寻秋,0.749,low_conf
00:24:28.64,36716,落云宗修士,荔川遥,0.749,low_conf
00:24:28.64,36716,落云宗修士,荔丰飞,0.749,low_conf
00:24:28.64,36716,落云宗修士,我是白s,0.717,low_conf
00:24:28.64,36716,落云宗修士,荔枝大,0.748,low_conf
00:24:28.64,36716,落云宗修士,卦卦,0.666,low_conf
00:24:28.64,36716,落云宗修士,荔枝的,0.703,low_conf
00:24:28.64,36716,落云宗修士,卦者那啥子靈瓜,0.688,low_conf
00:24:28.64,36716,落云宗修士,荔枝儿,0.661,low_conf
00:24:28.64,36716,落云宗修士,亦白C,0.543,pending
00:24:28.64,36716,落云宗修士,荔枝蜜,0.672,low_conf
00:24:28.64,36716,落云宗修士,a歡a,0.566,pending
00:24:28.64,36716,落云宗修士,乖乖hcy,0.713,low_conf
00:24:28.64,36716,落云宗修士,荔枝柠,0.742,low_conf
00:24:28.64,36716,落云宗修士,冰氙若夔,0.697,low_conf
00:24:28.64,36716,落云宗修士,乖乘怪怪wu,0.708,low_conf
00:24:28.64,36716,落云宗修士,荔枝且,0.734,low_conf
00:24:28.64,36716,落云宗修士,乖乖没有来,0.74,low_conf
00:24:28.64,36716,落云宗修士,荔枝树,0.746,low_conf
00:24:28.64,36716,落云宗修士,亦茗茗,0.749,low_conf
00:24:28.64,36716,落云宗修士,A寒都,0.685,low_conf
00:24:28.64,36716,落云宗修士,荔梓兮,0.737,low_conf
00:24:28.64,36716,落云宗修士,亦然C,0.64,low_conf
00:24:32.32,36808,落云宗修士,圣蓉菠落,0.162,pending
00:24:32.32,36808,落云宗修士,mumu-关,0.642,low_conf
00:24:32.32,36808,落云宗修士,冰封儿爱,0.687,low_conf
00:24:32.32,36808,落云宗修士,怪鲁好可怕,0.716,low_conf
00:24:32.32,36808,落云宗修士,栗情像,0.422,pending
00:24:32.32,36808,落云宗修士,清华筑师,0.58,pending
00:24:32.32,36808,落云宗修士,我是懒美半羊羊,0.508,pending
00:24:32.32,36808,落云宗修士,Q洛洛落,0.358,pending
00:24:32.32,36808,落云宗修士,栗俘饭,0.517,pending
00:24:32.32,36808,落云宗修士,我是李需甜,0.566,pending
00:24:32.32,36808,落云宗修士,A马情园,0.38,pending
00:24:32.32,36808,落云宗修士,mutiousha,0.671,low_conf
00:24:32.32,36808,落云宗修士,冰果配柠楼,0.66,low_conf
00:24:32.32,36808,落云宗修士,果学心！,0.285,pending
00:24:32.32,36808,落云宗修士,清锦妈水,0.6,low_conf
00:24:32.32,36808,落云宗修士,我是降降龙,0.731,low_conf
00:24:32.32,36808,落云宗修士,A-库打,0.461,pending
00:24:32.32,36808,落云宗修士,Muus,0.437,pending
00:24:32.32,36808,落云宗修士,冰海传说,0.748,low_conf
00:24:32.32,36808,落云宗修士,怪味能本能,0.739,low_conf
00:24:32.32,36808,落云宗修士,果子吃,0.462,pending
00:24:32.32,36808,落云宗修士,清锦无水、,0.64,low_conf
00:24:32.32,36808,落云宗修士,我是队里乙丙工厂,0.631,low_conf
00:24:32.32,36808,落云宗修士,小堂落花魔术使,0.509,pending
00:24:32.32,36808,落云宗修士,个胖瘦了,0.473,pending
00:24:32.32,36808,落云宗修士,Mykevin,0.639,low_conf
00:24:32.32,36808,落云宗修士,冰楼Abinghug,0.686,low_conf
00:24:32.32,36808,落云宗修士,全暖具朵东东,0.358,pending
00:24:32.32,36808,落云宗修士,清净究列,0.52,pending
00:24:32.32,36808,落云宗修士,我是猫舌实,0.588,pending
00:24:32.32,36808,落云宗修士,开虚洛化魔,0.44,pending
00:24:32.32,36808,落云宗修士,A胖瘦,0.565,pending
00:24:32.32,36808,落云宗修士,MVRevi,0.505,pending
00:24:32.32,36808,落云宗修士,冰尖者,0.723,low_conf
00:24:32.32,36808,落云宗修士,关灯睡荣52乐,0.646,low_conf
00:24:32.32,36808,落云宗修士,果子天,0.343,pending
00:24:32.32,36808,落云宗修士,清舒全,0.363,pending
00:24:32.32,36808,落云宗修士,我是属权233,0.668,low_conf
00:24:32.32,36808,落云宗修士,异虎界康主瑞,0.426,pending
00:24:32.32,36808,落云宗修士,a青竹峰,0.483,pending
00:24:32.32,36808,落云宗修士,MVP本,0.33,pending
00:24:32.32,36808,落云宗修士,冰澳东有,0.44,pending
00:24:32.32,36808,落云宗修士,天东蓝宽星,0.422,pending
00:24:32.32,36808,落云宗修士,果子糕,0.492,pending
00:24:32.32,36808,落云宗修士,清烫镍,0.428,pending
00:24:32.32,36808,落云宗修士,我是民吗啊,0.485,pending
00:24:32.32,36808,落云宗修士,异世界在逃璃猴烧酒,0.735,low_conf
00:24:32.32,36808,落云宗修士,A小人组,0.624,low_conf
00:24:32.32,36808,落云宗修士,mx122,0.456,pending
00:24:32.32,36808,落云宗修士,冰漆的岛屿,0.663,low_conf
00:24:32.32,36808,落云宗修士,天柔美关雕鸠,0.427,pending
00:24:32.32,36808,落云宗修士,果子绝,0.636,low_conf
00:24:32.32,36808,落云宗修士,清酒滑锦成,0.621,low_conf
00:24:32.32,36808,落云宗修士,异世界在递,0.599,pending
00:24:32.32,36808,落云宗修士,冰冷,0.612,low_conf
00:24:32.32,36808,落云宗修士,大,0.043,pending
00:24:32.32,36808,落云宗修士,栗子猫,0.716,low_conf
00:24:32.32,36808,落云宗修士,清玺不,0.549,pending
00:24:32.32,36808,落云宗修士,我是你森妈妈,0.716,low_conf
00:24:32.32,36808,落云宗修士,异付点,0.605,low_conf
00:24:32.32,36808,落云宗修士,八源介书生S,0.546,pending
00:24:32.32,36808,落云宗修士,Mxu24,0.709,low_conf
00:24:32.32,36808,落云宗修士,冰绣晶,0.549,pending
00:24:32.32,36808,落云宗修士,吴河春吃,0.306,pending
00:24:32.32,36808,落云宗修士,栗子味,0.698,low_conf
00:24:32.32,36808,落云宗修士,清朗的月15,0.685,low_conf
00:24:32.32,36808,落云宗修士,我是你陶哥啊安,0.581,pending
00:24:32.32,36808,落云宗修士,一件侠,0.244,pending
00:24:32.32,36808,落云宗修士,MYyiherys,0.71,low_conf
00:24:32.32,36808,落云宗修士,冰缀雨,0.584,pending
00:24:32.32,36808,落云宗修士,美河春晓,0.45,pending
00:24:32.32,36808,落云宗修士,栗子小,0.639,low_conf
00:24:32.32,36808,落云宗修士,名,0.408,pending
00:24:32.32,36808,落云宗修士,冰翎蝶雨,0.484,pending
00:24:32.32,36808,落云宗修士,美您带6,0.414,pending
00:24:32.32,36808,落云宗修士,莉莉安,0.68,low_conf
00:24:32.32,36808,落云宗修士,铁名猫先有,0.381,pending
00:24:32.32,36808,落云宗修士,冰洛式优没事,0.649,low_conf
00:24:32.32,36808,落云宗修士,天你西东,0.466,pending
00:24:32.32,36808,落云宗修士,莉莉丝,0.743,low_conf
00:24:32.32,36808,落云宗修士,清零的CC,0.718,low_conf
00:24:32.32,36808,落云宗修士,抑木家醛有星辰,0.651,low_conf
00:24:32.32,36808,落云宗修士,冰美式我,0.739,low_conf
00:24:32.32,36808,落云宗修士,关亦,0.297,pending
00:24:32.32,36808,落云宗修士,莉莉亚,0.746,low_conf
00:24:32.32,36808,落云宗修士,我是你小鸡哥,0.717,low_conf
00:24:32.32,36808,落云宗修士,冰淇托了,0.361,pending
00:24:32.32,36808,落云宗修士,关西利,0.391,pending
00:24:32.32,36808,落云宗修士,莉专节,0.615,low_conf
00:24:32.32,36808,落云宗修士,我是你猪猪嫂咪,0.733,low_conf
00:24:32.32,36808,落云宗修士,邑宸人病,0.285,pending
00:24:32.32,36808,落云宗修士,B2B,0.746,low_conf
00:24:32.32,36808,落云宗修士,冰淇淋化了,0.672,low_conf
00:24:32.32,36808,落云宗修士,关闲适,0.691,low_conf
00:24:32.32,36808,落云宗修士,粒泽LZ,0.715,low_conf
00:24:32.32,36808,落云宗修士,清念,0.665,low_conf
00:24:32.32,36808,落云宗修士,冰涩海洋脏,0.676,low_conf
00:24:32.32,36808,落云宗修士,关小西同学,0.691,low_conf
00:24:32.32,36808,落云宗修士,属飛羽,0.69,low_conf
00:24:32.32,36808,落云宗修士,易奥,0.408,pending
00:24:32.32,36808,落云宗修士,泳山的心脏,0.697,low_conf
00:24:32.32,36808,落云宗修士,连动云,0.712,low_conf
00:24:32.32,36808,落云宗修士,冰室夕奇,0.589,pending
00:24:32.32,36808,落云宗修士,观风来,0.746,low_conf
00:24:32.32,36808,落云宗修士,连名字,0.725,low_conf
00:24:32.32,36808,落云宗修士,易了因,0.749,low_conf
00:24:32.32,36808,落云宗修士,M嘿√你好,0.715,low_conf
00:24:32.32,36808,落云宗修士,连雀AK,0.692,low_conf
00:24:32.32,36808,落云宗修士,我是出词,0.706,low_conf
00:24:32.32,36808,落云宗修士,易穆川,0.743,low_conf
00:24:32.32,36808,落云宗修士,M天问,0.688,low_conf
00:24:32.32,36808,落云宗修士,莲城谭,0.664,low_conf
00:24:32.32,36808,落云宗修士,m相見恨晚,0.705,low_conf
00:24:32.32,36808,落云宗修士,观松澜,0.746,low_conf
00:24:32.32,36808,落云宗修士,莲花宝,0.749,low_conf
00:24:32.32,36808,落云宗修士,我是覃小℃,0.691,low_conf
00:24:32.32,36808,落云宗修士,Nok.,0.645,low_conf
00:24:32.32,36808,落云宗修士,观鱼令,0.66,low_conf
00:24:32.32,36808,落云宗修士,莲莲不,0.744,low_conf
00:24:32.32,36808,落云宗修士,观知行,0.749,low_conf
00:24:32.32,36808,落云宗修士,莲莲璨,0.746,low_conf
00:24:32.32,36808,落云宗修士,nalchA,0.731,low_conf
00:24:32.32,36808,落云宗修士,观√上官昭容,0.708,low_conf
00:24:32.32,36808,落云宗修士,莲青璇,0.748,low_conf
00:24:32.32,36808,落云宗修士,易鸭梨,0.747,low_conf
00:24:32.32,36808,落云宗修士,联盟小,0.749,low_conf
00:24:32.32,36808,落云宗修士,冰心克,0.524,pending
00:24:32.32,36808,落云宗修士,官长安,0.746,low_conf
00:24:32.32,36808,落云宗修士,我是小白312,0.746,low_conf
00:24:32.32,36808,落云宗修士,易远y,0.584,pending
00:24:32.32,36808,落云宗修士,官子迁,0.748,low_conf
00:24:32.32,36808,落云宗修士,琏笙,0.541,pending
00:24:32.32,36808,落云宗修士,清司县,0.705,low_conf
00:24:32.32,36808,落云宗修士,冰胤火,0.745,low_conf
00:24:32.32,36808,落云宗修士,蔻,0.33,pending
00:24:32.32,36808,落云宗修士,脸大不,0.749,low_conf
00:24:32.32,36808,落云宗修士,清祀汀烟,0.749,low_conf
00:24:32.32,36808,落云宗修士,冰或美式,0.747,low_conf
00:24:32.32,36808,落云宗修士,脸颊红,0.739,low_conf
00:24:32.32,36808,落云宗修士,我是小吖同学,0.732,low_conf
00:24:32.32,36808,落云宗修士,冰域火光,0.71,low_conf
00:24:32.32,36808,落云宗修士,练习出,0.743,low_conf
00:24:32.32,36808,落云宗修士,奕-涵,0.643,low_conf
00:24:36.00,36900,落云宗修士,BB 36871,0.749,low_conf
00:24:36.00,36900,落云宗修士,光晶墨,0.639,low_conf
00:24:36.00,36900,落云宗修士,炼气韩,0.738,low_conf
00:24:36.00,36900,落云宗修士,清阳者,0.747,low_conf
00:24:36.00,36900,落云宗修士,邵大人,0.542,pending
00:24:36.00,36900,落云宗修士,炼气期,0.726,low_conf
00:24:36.00,36900,落云宗修士,清瑶明轩,0.54,pending
00:24:36.00,36900,落云宗修士,饼炳饼,0.741,low_conf
00:24:36.00,36900,落云宗修士,光掠过,0.749,low_conf
00:24:36.00,36900,落云宗修士,炼气水,0.621,low_conf
00:24:36.00,36900,落云宗修士,bbccccdad,0.608,low_conf
00:24:36.00,36900,落云宗修士,光芒何止万丈,0.718,low_conf
00:24:36.00,36900,落云宗修士,炼染心,0.722,low_conf
00:24:36.00,36900,落云宗修士,NAN某人,0.749,low_conf
00:24:36.00,36900,落云宗修士,炼乳只,0.641,low_conf
00:24:36.00,36900,落云宗修士,清于梦终,0.713,low_conf
00:24:36.00,36900,落云宗修士,恋T-木,0.269,pending
00:24:36.00,36900,落云宗修士,一清羽黑白,0.669,low_conf
00:24:36.00,36900,落云宗修士,翊圣元帅,0.591,pending
00:24:36.00,36900,落云宗修士,naririta,0.645,low_conf
00:24:36.00,36900,落云宗修士,饼干777111,0.738,low_conf
00:24:36.00,36900,落云宗修士,恋情lo,0.64,low_conf
00:24:36.00,36900,落云宗修士,我说我糊涂,0.7,low_conf
00:24:36.00,36900,落云宗修士,翌ec,0.553,pending
00:24:36.00,36900,落云宗修士,光年致前,0.709,low_conf
00:24:36.00,36900,落云宗修士,恋色纸,0.745,low_conf
00:24:36.00,36900,落云宗修士,清则明qzm,0.707,low_conf
00:24:36.00,36900,落云宗修士,我他么真接撒撒给！,0.74,low_conf
00:24:36.00,36900,落云宗修士,逸安者也,0.7,low_conf
00:24:36.00,36900,落云宗修士,BB能辣,0.585,pending
00:24:36.00,36900,落云宗修士,光盘,0.659,low_conf
00:24:36.00,36900,落云宗修士,恋在西,0.528,pending
00:24:36.00,36900,落云宗修士,清真威鱼、,0.686,low_conf
00:24:36.00,36900,落云宗修士,我态难了鸭,0.539,pending
00:24:36.00,36900,落云宗修士,逸君白an,0.554,pending
00:24:36.00,36900,落云宗修士,BEYSY,0.652,low_conf
00:24:36.00,36900,落云宗修士,并齐星至,0.72,low_conf
00:24:36.00,36900,落云宗修士,链祛,0.307,pending
00:24:36.00,36900,落云宗修士,清蒸咸鱼配蒸葵,0.705,low_conf
00:24:36.00,36900,落云宗修士,beun,0.639,low_conf
00:24:36.00,36900,落云宗修士,navio,0.634,low_conf
00:24:36.00,36900,落云宗修士,光荣生黑,0.689,low_conf
00:24:36.00,36900,落云宗修士,健辰知,0.353,pending
00:24:36.00,36900,落云宗修士,清蒸鱼d,0.413,pending
00:24:36.00,36900,落云宗修士,逸师傅,0.741,low_conf
00:24:36.00,36900,落云宗修士,beadonte,0.67,low_conf
00:24:36.00,36900,落云宗修士,nbe234vovo,0.74,low_conf
00:24:36.00,36900,落云宗修士,波b,0.623,low_conf
00:24:36.00,36900,落云宗修士,光武帝刘秀,0.673,low_conf
00:24:36.00,36900,落云宗修士,良,0.24,pending
00:24:36.00,36900,落云宗修士,清油无名,0.631,low_conf
00:24:36.00,36900,落云宗修士,我听说你父牛了,0.703,low_conf
00:24:36.00,36900,落云宗修士,逸就荐,0.344,pending
00:24:36.00,36900,落云宗修士,Necify,0.534,pending
00:24:36.00,36900,落云宗修士,光阻刷本Page,0.714,low_conf
00:24:36.00,36900,落云宗修士,良小,0.59,pending
00:24:36.00,36900,落云宗修士,清油,0.444,pending
00:24:36.00,36900,落云宗修士,我通觉召唤阿莱斯,0.717,low_conf
00:24:36.00,36900,落云宗修士,逸水扁属,0.429,pending
00:24:36.00,36900,落云宗修士,NCEsoma,0.621,low_conf
00:24:36.00,36900,落云宗修士,光阴河,0.552,pending
00:24:36.00,36900,落云宗修士,清队长pt,0.728,low_conf
00:24:36.00,36900,落云宗修士,我哦呀妖怪咪,0.448,pending
00:24:36.00,36900,落云宗修士,逸水属魂,0.643,low_conf
00:24:36.00,36900,落云宗修士,Bebur爷ye,0.614,low_conf
00:24:36.00,36900,落云宗修士,ndissa,0.631,low_conf
00:24:36.00,36900,落云宗修士,波,0.458,pending
00:24:36.00,36900,落云宗修士,浪精司,0.179,pending
00:24:36.00,36900,落云宗修士,蜻蛛队长梦,0.493,pending
00:24:36.00,36900,落云宗修士,我为呀优,0.497,pending
00:24:36.00,36900,落云宗修士,逸大星克,0.536,pending
00:24:36.00,36900,落云宗修士,Bebopfia,0.627,low_conf
00:24:36.00,36900,落云宗修士,波波利51,0.685,low_conf
00:24:36.00,36900,落云宗修士,光影纤梦灰,0.6,low_conf
00:24:36.00,36900,落云宗修士,凉板茶,0.359,pending
00:24:36.00,36900,落云宗修士,情,0.492,pending
00:24:36.00,36900,落云宗修士,逸代成流,0.568,pending
00:24:36.00,36900,落云宗修士,BellniIx,0.522,pending
00:24:36.00,36900,落云宗修士,波技树,0.435,pending
00:24:36.00,36900,落云宗修士,光影软机灰,0.623,low_conf
00:24:36.00,36900,落云宗修士,凉拌小,0.687,low_conf
00:24:36.00,36900,落云宗修士,情激威菌,0.506,pending
00:24:36.00,36900,落云宗修士,我喝你喝典明粥,0.623,low_conf
00:24:36.00,36900,落云宗修士,逸许成决子,0.507,pending
00:24:36.00,36900,落云宗修士,belly188my,0.624,low_conf
00:24:36.00,36900,落云宗修士,Neadk,0.64,low_conf
00:24:36.00,36900,落云宗修士,光彩,0.575,pending
00:24:36.00,36900,落云宗修士,情播您园,0.374,pending
00:24:36.00,36900,落云宗修士,我我我我的,0.622,low_conf
00:24:36.00,36900,落云宗修士,逸选选,0.392,pending
00:24:36.00,36900,落云宗修士,Neik,0.644,low_conf
00:24:36.00,36900,落云宗修士,波利欧晓特,0.715,low_conf
00:24:36.00,36900,落云宗修士,光之阿宝,0.661,low_conf
00:24:36.00,36900,落云宗修士,凉辰！,0.485,pending
00:24:36.00,36900,落云宗修士,情像笔记信,0.653,low_conf
00:24:36.00,36900,落云宗修士,我我欢你的话,0.633,low_conf
00:24:36.00,36900,落云宗修士,透只炒蛋,0.439,pending
00:24:36.00,36900,落云宗修士,NelkiD,0.515,pending
00:24:36.00,36900,落云宗修士,波和克的衬帽,0.454,pending
00:24:36.00,36900,落云宗修士,光之附夫叔黄,0.611,low_conf
00:24:36.00,36900,落云宗修士,凉歌晚,0.711,low_conf
00:24:36.00,36900,落云宗修士,情系丹阳像,0.647,low_conf
00:24:36.00,36900,落云宗修士,我希欢你唱腰,0.568,pending
00:24:36.00,36900,落云宗修士,意大利炒蟹,0.6,low_conf
00:24:36.00,36900,落云宗修士,-ben66-,0.679,low_conf
00:24:36.00,36900,落云宗修士,nelmizlingg9,0.664,low_conf
00:24:36.00,36900,落云宗修士,波婚烤,0.327,pending
00:24:36.00,36900,落云宗修士,光之天,0.6,low_conf
00:24:36.00,36900,落云宗修士,凉花磨,0.591,pending
00:24:36.00,36900,落云宗修士,晴林林林,0.447,pending
00:24:36.00,36900,落云宗修士,我喜欢啊！,0.573,pending
00:24:36.00,36900,落云宗修士,意摸刺的蜗牛吃披,0.629,low_conf
00:24:36.00,36900,落云宗修士,波牵將猪钱包不社恐,0.684,low_conf
00:24:36.00,36900,落云宗修士,光眉毛,0.428,pending
00:24:36.00,36900,落云宗修士,凉介只,0.543,pending
00:24:36.00,36900,落云宗修士,晴睛睛小,0.515,pending
00:24:36.00,36900,落云宗修士,我系你概板,0.684,low_conf
00:24:36.00,36900,落云宗修士,意境组,0.727,low_conf
00:24:36.00,36900,落云宗修士,波奇大钱包,0.65,low_conf
00:24:36.00,36900,落云宗修士,光深的膚,0.572,pending
00:24:36.00,36900,落云宗修士,凉尽营,0.516,pending
00:24:36.00,36900,落云宗修士,晴睛晴小,0.512,pending
00:24:36.00,36900,落云宗修士,我系你老板,0.692,low_conf
00:24:36.00,36900,落云宗修士,意观出道,0.544,pending
00:24:36.00,36900,落云宗修士,波斯顿大,0.698,low_conf
00:24:36.00,36900,落云宗修士,光子宇寓,0.598,pending
00:24:36.00,36900,落云宗修士,凉梦的,0.701,low_conf
00:24:36.00,36900,落云宗修士,晴愿绪风,0.665,low_conf
00:24:36.00,36900,落云宗修士,我妞死了夏,0.723,low_conf
00:24:36.00,36900,落云宗修士,波斯猫,0.739,low_conf
00:24:36.00,36900,落云宗修士,凉面哈,0.742,low_conf
00:24:36.00,36900,落云宗修士,我想-回家,0.723,low_conf
00:24:36.00,36900,落云宗修士,广东醉深情,0.749,low_conf
00:24:36.00,36900,落云宗修士,凉墓CC,0.589,pending
00:24:36.00,36900,落云宗修士,我想夏沁,0.688,low_conf
00:24:36.00,36900,落云宗修士,意钟雪,0.734,low_conf
00:24:36.00,36900,落云宗修士,nerdsi,0.695,low_conf
00:24:36.00,36900,落云宗修士,波智来室,0.522,pending
00:24:36.00,36900,落云宗修士,凉皮和,0.746,low_conf
00:24:36.00,36900,落云宗修士,我想看出述是山,0.569,pending
00:24:36.00,36900,落云宗修士,義贰式,0.628,low_conf
00:24:36.00,36900,落云宗修士,凉亭旧,0.669,low_conf
00:24:36.00,36900,落云宗修士,我想胖到g0斤,0.713,low_conf
00:24:36.00,36900,落云宗修士,毅力号,0.633,low_conf
00:24:36.00,36900,落云宗修士,廣东历飞羽,0.65,low_conf
00:24:36.00,36900,落云宗修士,凉微Z,0.61,low_conf
00:24:36.00,36900,落云宗修士,-熠胺-,0.69,low_conf
00:24:36.00,36900,落云宗修士,剥毛豆,0.673,low_conf
00:24:36.00,36900,落云宗修士,逛逛的路,0.7,low_conf
00:24:36.00,36900,落云宗修士,晴天人阴天人,0.665,low_conf
00:24:36.00,36900,落云宗修士,归读跑男,0.707,low_conf
00:24:36.00,36900,落云宗修士,梁大华,0.747,low_conf
00:24:36.00,36900,落云宗修士,-啵啵悦惠,0.726,low_conf
00:24:36.00,36900,落云宗修士,归离仙,0.733,low_conf
00:24:36.00,36900,落云宗修士,梁恒锋,0.736,low_conf
00:24:36.00,36900,落云宗修士,焱清,0.43,pending
00:24:39.68,36992,落云宗修士,圭月忆,0.729,low_conf
00:24:39.68,36992,落云宗修士,两口三,0.741,low_conf
00:24:39.68,36992,落云宗修士,两米大,0.67,low_conf
00:24:39.68,36992,落云宗修士,ngu.,0.718,low_conf
00:24:39.68,36992,落云宗修士,两抹青,0.678,low_conf
00:24:39.68,36992,落云宗修士,晴之舒ly,0.703,low_conf
00:24:39.68,36992,落云宗修士,两小步,0.72,low_conf
00:24:39.68,36992,落云宗修士,晴、丫,0.492,pending
00:24:39.68,36992,落云宗修士,两袖空,0.742,low_conf
00:24:39.68,36992,落云宗修士,两支沈,0.746,low_conf
00:24:39.68,36992,落云宗修士,阴损焉坏,0.675,low_conf
00:24:39.68,36992,落云宗修士,沈月的兔子,0.746,low_conf
00:24:39.68,36992,落云宗修士,两只疯,0.743,low_conf
00:24:39.68,36992,落云宗修士,阴天有雨,0.745,low_conf
00:24:39.68,36992,落云宗修士,沈、沈、,0.58,pending
00:24:39.68,36992,落云宗修士,两只胡,0.746,low_conf
00:24:39.68,36992,落云宗修士,伯乐0o,0.582,pending
00:24:39.68,36992,落云宗修士,两只企,0.742,low_conf
00:24:39.68,36992,落云宗修士,阴雨庭,0.748,low_conf
00:24:39.68,36992,落云宗修士,伯子舟,0.687,low_conf
00:24:39.68,36992,落云宗修士,两只小,0.657,low_conf
00:24:39.68,36992,落云宗修士,茵茵央央,0.744,low_conf
00:24:39.68,36992,落云宗修士,雨俊未,0.476,pending
00:24:39.68,36992,落云宗修士,鬼56呢,0.717,low_conf
00:24:39.68,36992,落云宗修士,亮注注,0.656,low_conf
00:24:39.68,36992,落云宗修士,量产高,0.628,low_conf
00:24:39.68,36992,落云宗修士,量子睡,0.656,low_conf
00:24:39.68,36992,落云宗修士,音无夜,0.735,low_conf
00:24:39.68,36992,落云宗修士,量子阅,0.701,low_conf
00:24:39.68,36992,落云宗修士,音也！,0.576,pending
00:24:39.68,36992,落云宗修士,博研大白话,0.727,low_conf
00:24:39.68,36992,落云宗修士,鬼灵门夫人,0.736,low_conf
00:24:39.68,36992,落云宗修士,捷见屋,0.486,pending
00:24:39.68,36992,落云宗修士,BIUAKER,0.731,low_conf
00:24:39.68,36992,落云宗修士,跛脚小三温不胜,0.724,low_conf
00:24:39.68,36992,落云宗修士,擦若,0.255,pending
00:24:39.68,36992,落云宗修士,音音惠,0.354,pending
00:24:39.68,36992,落云宗修士,bilbi知遇,0.702,low_conf
00:24:39.68,36992,落云宗修士,燎云展,0.354,pending
00:24:39.68,36992,落云宗修士,晟Lin念,0.512,pending
00:24:39.68,36992,落云宗修士,鬼市猪精,0.737,low_conf
00:24:39.68,36992,落云宗修士,精百有,0.363,pending
00:24:39.68,36992,落云宗修士,请叫我十哦,0.612,low_conf
00:24:39.68,36992,落云宗修士,我有很多铅,0.74,low_conf
00:24:39.68,36992,落云宗修士,殷勤的杀手辣条,0.745,low_conf
00:24:39.68,36992,落云宗修士,下卦子,0.536,pending
00:24:39.68,36992,落云宗修士,鬼武者、猎人,0.715,low_conf
00:24:39.68,36992,落云宗修士,猫户座,0.392,pending
00:24:39.68,36992,落云宗修士,我有两只角,0.744,low_conf
00:24:39.68,36992,落云宗修士,哈歌鲛绡泪沾尘,0.521,pending
00:24:39.68,36992,落云宗修士,nikelanlan,0.722,low_conf
00:24:39.68,36992,落云宗修士,卧叭卧噜噜,0.64,low_conf
00:24:39.68,36992,落云宗修士,贵树和明重,0.634,low_conf
00:24:39.68,36992,落云宗修士,猎,0.309,pending
00:24:39.68,36992,落云宗修士,请叫我赶尼更达克,0.739,low_conf
00:24:39.68,36992,落云宗修士,吟散,0.443,pending
00:24:39.68,36992,落云宗修士,Nke1981,0.737,low_conf
00:24:39.68,36992,落云宗修士,卧喂呦,0.529,pending
00:24:39.68,36992,落云宗修士,桂馥兰,0.592,pending
00:24:39.68,36992,落云宗修士,猎春奇,0.577,pending
00:24:39.68,36992,落云宗修士,请叫我托尼学,0.664,low_conf
00:24:39.68,36992,落云宗修士,我有两尺八音哦,0.498,pending
00:24:39.68,36992,落云宗修士,吟筱时语,0.644,low_conf
00:24:39.68,36992,落云宗修士,桂花汤圆,0.674,low_conf
00:24:39.68,36992,落云宗修士,邪人奇,0.342,pending
00:24:39.68,36992,落云宗修士,请叫我撼奇,0.506,pending
00:24:39.68,36992,落云宗修士,我有一个大市品,0.521,pending
00:24:39.68,36992,落云宗修士,哈凝的炭,0.222,pending
00:24:39.68,36992,落云宗修士,NkiuNiki,0.732,low_conf
00:24:39.68,36992,落云宗修士,桂花猫、,0.708,low_conf
00:24:39.68,36992,落云宗修士,称居家,0.484,pending
00:24:39.68,36992,落云宗修士,请叫我携戏多,0.742,low_conf
00:24:39.68,36992,落云宗修士,我有一买小哺驴,0.657,low_conf
00:24:39.68,36992,落云宗修士,天1233,0.601,low_conf
00:24:39.68,36992,落云宗修士,Nikki 安安,0.724,low_conf
00:24:39.68,36992,落云宗修士,桂倪大猫猫,0.58,pending
00:24:39.68,36992,落云宗修士,kang,0.366,pending
00:24:39.68,36992,落云宗修士,请你唱杯茶哦,0.56,pending
00:24:39.68,36992,落云宗修士,我有一只无脸能,0.678,low_conf
00:24:39.68,36992,落云宗修士,银尘灸幻影,0.605,low_conf
00:24:39.68,36992,落云宗修士,Nikol安女术术,0.704,low_conf
00:24:39.68,36992,落云宗修士,神提智,0.284,pending
00:24:39.68,36992,落云宗修士,桂中地瘤著名,0.53,pending
00:24:39.68,36992,落云宗修士,林-八M,0.41,pending
00:24:39.68,36992,落云宗修士,请件略杯条,0.377,pending
00:24:39.68,36992,落云宗修士,我与深渊相递,0.539,pending
00:24:39.68,36992,落云宗修士,银春大力影-涛笔,0.529,pending
00:24:39.68,36992,落云宗修士,桂地,0.324,pending
00:24:39.68,36992,落云宗修士,林八笔,0.557,pending
00:24:39.68,36992,落云宗修士,请井职加新哦,0.498,pending
00:24:39.68,36992,落云宗修士,我欧添钢,0.39,pending
00:24:39.68,36992,落云宗修士,银春卷李谁电啦,0.487,pending
00:24:39.68,36992,落云宗修士,Nikonbubuke,0.724,low_conf
00:24:39.68,36992,落云宗修士,不爱吃花的,0.736,low_conf
00:24:39.68,36992,落云宗修士,桂子哥,0.428,pending
00:24:39.68,36992,落云宗修士,林人里,0.302,pending
00:24:39.68,36992,落云宗修士,请输不罪称哦名字,0.522,pending
00:24:39.68,36992,落云宗修士,我欲浸秘牛呢,0.6,low_conf
00:24:39.68,36992,落云宗修士,银小,0.604,low_conf
00:24:39.68,36992,落云宗修士,Nik的,0.693,low_conf
00:24:39.68,36992,落云宗修士,不爱吃化生,0.746,low_conf
00:24:39.68,36992,落云宗修士,11浮生如梦1,0.688,low_conf
00:24:39.68,36992,落云宗修士,林宝宝,0.693,low_conf
00:24:39.68,36992,落云宗修士,请问还剩件么名称,0.654,low_conf
00:24:39.68,36992,落云宗修士,我啦遥遇妞呢,0.425,pending
00:24:39.68,36992,落云宗修士,银和芯,0.356,pending
00:24:39.68,36992,落云宗修士,Nik柠橡随,0.595,pending
00:24:39.68,36992,落云宗修士,opseer,0.444,pending
00:24:39.68,36992,落云宗修士,林超旺,0.623,low_conf
00:24:39.68,36992,落云宗修士,请向好何修改名称,0.658,low_conf
00:24:39.68,36992,落云宗修士,我存力晚五,0.68,low_conf
00:24:39.68,36992,落云宗修士,银河棒球尖,0.604,low_conf
00:24:39.68,36992,落云宗修士,Nim梦道,0.618,low_conf
00:24:39.68,36992,落云宗修士,不爱吃鱼的瓣小星属,0.647,low_conf
00:24:39.68,36992,落云宗修士,I sobse,0.658,low_conf
00:24:39.68,36992,落云宗修士,-林璨,0.555,pending
00:24:39.68,36992,落云宗修士,存,0.492,pending
00:24:39.68,36992,落云宗修士,我在朝九,0.705,low_conf
00:24:39.68,36992,落云宗修士,银河的流,0.734,low_conf
00:24:43.36,37084,落云宗修士,|苍白骑士丨,0.636,low_conf
00:24:43.36,37084,落云宗修士,林间拾,0.745,low_conf
00:24:43.36,37084,落云宗修士,弯村,0.525,pending
00:24:43.36,37084,落云宗修士,！辞旧！,0.545,pending
00:24:43.36,37084,落云宗修士,穹星河露,0.674,low_conf
00:24:43.36,37084,落云宗修士,|附加词,0.657,low_conf
00:24:43.36,37084,落云宗修士,林俊亮,0.735,low_conf
00:24:43.36,37084,落云宗修士,莹飙,0.474,pending
00:24:43.36,37084,落云宗修士,|寒丨江|孤,0.597,pending
00:24:43.36,37084,落云宗修士,林卡设,0.661,low_conf
00:24:43.36,37084,落云宗修士,莹然若依,0.719,low_conf
00:24:43.36,37084,落云宗修士,nirvana丶沉心,0.739,low_conf
00:24:43.36,37084,落云宗修士,「黄家杰丨,0.623,low_conf
00:24:43.36,37084,落云宗修士,林可可,0.749,low_conf
00:24:43.36,37084,落云宗修士,莺·,0.378,pending
00:24:43.36,37084,落云宗修士,我真吃过了,0.729,low_conf
00:24:43.36,37084,落云宗修士,「那位大人,0.693,low_conf
00:24:43.36,37084,落云宗修士,林凌25,0.707,low_conf
00:24:43.36,37084,落云宗修士,不变的是遏去,0.734,low_conf
00:24:43.36,37084,落云宗修士,|派大星,0.653,low_conf
00:24:43.36,37084,落云宗修士,林龙浩,0.746,low_conf
00:24:43.36,37084,落云宗修士,银树吖,0.691,low_conf
00:24:43.36,37084,落云宗修士,[泡泡丨,0.523,pending
00:24:43.36,37084,落云宗修士,林乱秋,0.746,low_conf
00:24:43.36,37084,落云宗修士,瑄踊,0.315,pending
00:24:43.36,37084,落云宗修士,林略略,0.633,low_conf
00:24:43.36,37084,落云宗修士,{+},0.222,pending
00:24:43.36,37084,落云宗修士,林祥,0.662,low_conf
00:24:43.36,37084,落云宗修士,银艺,0.665,low_conf
00:24:43.36,37084,落云宗修士,Ni九姨,0.661,low_conf
00:24:43.36,37084,落云宗修士,林魔王,0.736,low_conf
00:24:43.36,37084,落云宗修士,|温言丨,0.571,pending
00:24:43.36,37084,落云宗修士,邱棱森,0.747,low_conf
00:24:43.36,37084,落云宗修士,丨無名丨,0.537,pending
00:24:43.36,37084,落云宗修士,林南歌,0.749,low_conf
00:24:43.36,37084,落云宗修士,【显君|,0.526,pending
00:24:43.36,37084,落云宗修士,林戚北,0.741,low_conf
00:24:43.36,37084,落云宗修士,邱小疯,0.746,low_conf
00:24:43.36,37084,落云宗修士,不吃小龙虾ZZ,0.74,low_conf
00:24:43.36,37084,落云宗修士,「 小生不倭 |,0.618,low_conf
00:24:43.36,37084,落云宗修士,林干夜,0.695,low_conf
00:24:43.36,37084,落云宗修士,邱阳邱阳,0.632,low_conf
00:24:43.36,37084,落云宗修士,林钦科,0.748,low_conf
00:24:43.36,37084,落云宗修士,秋刀魚魚鱼鱼魚,0.726,low_conf
00:24:43.36,37084,落云宗修士,「辛瑶丨,0.519,pending
00:24:43.36,37084,落云宗修士,林三来,0.737,low_conf
00:24:43.36,37084,落云宗修士,銀鱼炒蛋OvO,0.611,low_conf
00:24:43.36,37084,落云宗修士,Noah94,0.686,low_conf
00:24:43.36,37084,落云宗修士,妖妖「凌,0.674,low_conf
00:24:43.36,37084,落云宗修士,林深雾,0.729,low_conf
00:24:43.36,37084,落云宗修士,我终于改名了,0.719,low_conf
00:24:43.36,37084,落云宗修士,の龍の背秉,0.674,low_conf
00:24:43.36,37084,落云宗修士,「—江秋」,0.507,pending
00:24:43.36,37084,落云宗修士,林深与,0.627,low_conf
00:24:43.36,37084,落云宗修士,|莺」,0.292,pending
00:24:43.36,37084,落云宗修士,林然,0.66,low_conf
00:24:43.36,37084,落云宗修士,我走运,0.554,pending
00:24:43.36,37084,落云宗修士,引梦泽,0.749,low_conf
00:24:43.36,37084,落云宗修士,「月影之下1,0.597,pending
00:24:43.36,37084,落云宗修士,林罗安,0.692,low_conf
00:24:43.36,37084,落云宗修士,饮鸠禾止渴,0.662,low_conf
00:24:43.36,37084,落云宗修士,林西顾,0.708,low_conf
00:24:43.36,37084,落云宗修士,秋裤大侠1,0.746,low_conf
00:24:43.36,37084,落云宗修士,饮啤酒,0.625,low_conf
00:24:43.36,37084,落云宗修士,漆水中的冰,0.722,low_conf
00:24:43.36,37084,落云宗修士,林小简,0.603,low_conf
00:24:43.36,37084,落云宗修士,秋裤熊,0.693,low_conf
00:24:43.36,37084,落云宗修士,滚轴板面,0.719,low_conf
00:24:43.36,37084,落云宗修士,林小唯,0.387,pending
00:24:43.36,37084,落云宗修士,秋来、九月八,0.74,low_conf
00:24:43.36,37084,落云宗修士,不大来丝,0.734,low_conf
00:24:43.36,37084,落云宗修士,郭叭尼,0.581,pending
00:24:43.36,37084,落云宗修士,林星嗨！,0.653,low_conf
00:24:43.36,37084,落云宗修士,林阳爱,0.636,low_conf
00:24:43.36,37084,落云宗修士,秋帘夜,0.721,low_conf
00:24:43.36,37084,落云宗修士,隐身王学,0.645,low_conf
00:24:43.36,37084,落云宗修士,郭嘉字奉孝,0.699,low_conf
00:24:43.36,37084,落云宗修士,林有有司,0.552,pending
00:24:43.36,37084,落云宗修士,秋凉伺游旧时院,0.725,low_conf
00:24:43.36,37084,落云宗修士,隐时约,0.711,low_conf
00:24:43.36,37084,落云宗修士,林雨0,0.269,pending
00:24:43.36,37084,落云宗修士,秋玲風石,0.597,pending
00:24:43.36,37084,落云宗修士,NONOkawai,0.73,low_conf
00:24:43.36,37084,落云宗修士,不倒青竹,0.744,low_conf
00:24:43.36,37084,落云宗修士,郭睛晴咿呀,0.707,low_conf
00:24:43.36,37084,落云宗修士,林雨心,0.617,low_conf
00:24:43.36,37084,落云宗修士,乌大鸟大,0.457,pending
00:24:43.36,37084,落云宗修士,林中之,0.506,pending
00:24:43.36,37084,落云宗修士,秋自,0.466,pending
00:24:43.36,37084,落云宗修士,马鱼先生s,0.625,low_conf
00:24:43.36,37084,落云宗修士,隐逸者,0.722,low_conf
00:24:43.36,37084,落云宗修士,不定积分呦,0.738,low_conf
00:24:43.36,37084,落云宗修士,郭优秀吧,0.73,low_conf
00:24:43.36,37084,落云宗修士,林钟雨,0.665,low_conf
00:24:43.36,37084,落云宗修士,乌拉Sam,0.563,pending
00:24:43.36,37084,落云宗修士,隐隐池玉,0.594,pending
00:24:43.36,37084,落云宗修士,Nonne豪豪,0.73,low_conf
00:24:43.36,37084,落云宗修士,不冬眠乌鱼,0.582,pending
00:24:43.36,37084,落云宗修士,林钟面,0.385,pending
00:24:43.36,37084,落云宗修士,隐禹眠,0.204,pending
00:24:47.04,37176,落云宗修士,临江仙,0.747,low_conf
00:24:47.04,37176,落云宗修士,過眼雲烟…,0.656,low_conf
00:24:47.04,37176,落云宗修士,乌帕,0.661,low_conf
00:24:47.04,37176,落云宗修士,不明n,0.747,low_conf
00:24:47.04,37176,落云宗修士,帼骑着马儿,0.719,low_conf
00:24:47.04,37176,落云宗修士,临江,0.666,low_conf
00:24:47.04,37176,落云宗修士,乌鹊不飞,0.699,low_conf
00:24:47.04,37176,落云宗修士,帼尼酱,0.597,pending
00:24:47.04,37176,落云宗修士,秋裘邱,0.736,low_conf
00:24:47.04,37176,落云宗修士,乌鸦寿司,0.724,low_conf
00:24:47.04,37176,落云宗修士,临青枫,0.7,low_conf
00:24:47.04,37176,落云宗修士,应泽威,0.749,low_conf
00:24:47.04,37176,落云宗修士,临夕寒,0.735,low_conf
00:24:47.04,37176,落云宗修士,ns小,0.722,low_conf
00:24:47.04,37176,落云宗修士,临渊_2,0.696,low_conf
00:24:47.04,37176,落云宗修士,乌雉,0.663,low_conf
00:24:47.04,37176,落云宗修士,國學概,0.671,low_conf
00:24:47.04,37176,落云宗修士,临渊大,0.749,low_conf
00:24:47.04,37176,落云宗修士,秋叶咪,0.749,low_conf
00:24:47.04,37176,落云宗修士,英雄浩、,0.661,low_conf
00:24:47.04,37176,落云宗修士,临垣雾,0.749,low_conf
00:24:47.04,37176,落云宗修士,邬小贼,0.714,low_conf
00:24:47.04,37176,落云宗修士,淋辰,0.629,low_conf
00:24:47.04,37176,落云宗修士,鸣哇嘿,0.674,low_conf
00:24:47.04,37176,落云宗修士,淋魚,0.498,pending
00:24:47.04,37176,落云宗修士,-秋隐,0.747,low_conf
00:24:47.04,37176,落云宗修士,巫卿芸,0.747,low_conf
00:24:47.04,37176,落云宗修士,楼高轻音部长,0.737,low_conf
00:24:47.04,37176,落云宗修士,秋于鹰,0.658,low_conf
00:24:47.04,37176,落云宗修士,樱罹鬼,0.521,pending
00:24:47.04,37176,落云宗修士,果气泡水,0.713,low_conf
00:24:47.04,37176,落云宗修士,霏,0.495,pending
00:24:47.04,37176,落云宗修士,婴应,0.665,low_conf
00:24:47.04,37176,落云宗修士,霖哒哟,0.723,low_conf
00:24:47.04,37176,落云宗修士,秋月冷,0.727,low_conf
00:24:47.04,37176,落云宗修士,无欢,0.665,low_conf
00:24:47.04,37176,落云宗修士,缨脆,0.357,pending
00:24:47.04,37176,落云宗修士,霖润琼,0.744,low_conf
00:24:47.04,37176,落云宗修士,樱花超美,0.697,low_conf
00:24:47.04,37176,落云宗修士,霖汐x,0.644,low_conf
00:24:47.04,37176,落云宗修士,樱花粉光,0.749,low_conf
00:24:47.04,37176,落云宗修士,粿粒陈,0.659,low_conf
00:24:47.04,37176,落云宗修士,霖瑶達,0.64,low_conf
00:24:47.04,37176,落云宗修士,裹蛋皮,0.657,low_conf
00:24:47.04,37176,落云宗修士,-漂冬将,0.703,low_conf
00:24:47.04,37176,落云宗修士,过云雨,0.749,low_conf
00:24:47.04,37176,落云宗修士,漂冬至,0.575,pending
00:24:47.04,37176,落云宗修士,0111,0.703,low_conf
00:24:47.04,37176,落云宗修士,漂寂无,0.653,low_conf
00:24:47.04,37176,落云宗修士,050黑企,0.723,low_conf
00:24:47.04,37176,落云宗修士,不狐闹,0.724,low_conf
00:24:47.04,37176,落云宗修士,漂荫,0.549,pending
00:24:47.04,37176,落云宗修士,OaO枫QWQ,0.689,low_conf
00:24:47.04,37176,落云宗修士,过九反,0.744,low_conf
00:24:47.04,37176,落云宗修士,漂字不,0.553,pending
00:24:47.04,37176,落云宗修士,伶行写,0.714,low_conf
00:24:47.04,37176,落云宗修士,灵茶仙,0.745,low_conf
00:24:47.04,37176,落云宗修士,球迷丙,0.641,low_conf
00:24:47.04,37176,落云宗修士,无敌霉雳男神,0.724,low_conf
00:24:47.04,37176,落云宗修士,灵炽c,0.494,pending
00:24:47.04,37176,落云宗修士,球求Me,0.733,low_conf
00:24:47.04,37176,落云宗修士,不会画画00,0.692,low_conf
00:24:47.04,37176,落云宗修士,过期笑语,0.725,low_conf
00:24:47.04,37176,落云宗修士,灵盗耳,0.745,low_conf
00:24:50.72,37268,落云宗修士,ocolduix,0.683,low_conf
00:24:50.72,37268,落云宗修士,不会起名的托右,0.651,low_conf
00:24:50.72,37268,落云宗修士,过氧化森,0.742,low_conf
00:24:50.72,37268,落云宗修士,灵魂带,0.745,low_conf
00:24:50.72,37268,落云宗修士,区区本座,0.695,low_conf
00:24:50.72,37268,落云宗修士,无敌の蛛饺仔,0.714,low_conf
00:24:50.72,37268,落云宗修士,OGaLux,0.73,low_conf
00:24:50.72,37268,落云宗修士,不会取敢名的好,0.723,low_conf
00:24:50.72,37268,落云宗修士,哈hiCriush,0.652,low_conf
00:24:50.72,37268,落云宗修士,灵魂莲,0.745,low_conf
00:24:50.72,37268,落云宗修士,无端人梦奶惊计,0.609,low_conf
00:24:50.72,37268,落云宗修士,不会永的驼鸟,0.603,low_conf
00:24:50.72,37268,落云宗修士,灵魂之,0.705,low_conf
00:24:50.72,37268,落云宗修士,区蛭区区区姐[,0.646,low_conf
00:24:50.72,37268,落云宗修士,oh.captain,0.731,low_conf
00:24:50.72,37268,落云宗修士,灵基法,0.748,low_conf
00:24:50.72,37268,落云宗修士,无歌,0.656,low_conf
00:24:50.72,37268,落云宗修士,灵寂然,0.748,low_conf
00:24:50.72,37268,落云宗修士,灵界大,0.737,low_conf
00:24:50.72,37268,落云宗修士,曲沐寒,0.728,low_conf
00:24:50.72,37268,落云宗修士,灵界韩,0.737,low_conf
00:24:50.72,37268,落云宗修士,曲奇／饼干,0.728,low_conf
00:24:50.72,37268,落云宗修士,荧光蘭,0.613,low_conf
00:24:50.72,37268,落云宗修士,灵界有,0.721,low_conf
00:24:50.72,37268,落云宗修士,家无乐之乎者也,0.649,low_conf
00:24:50.72,37268,落云宗修士,灵澜张,0.676,low_conf
00:24:50.72,37268,落云宗修士,萤火成,0.702,low_conf
00:24:50.72,37268,落云宗修士,灵灵爱,0.745,low_conf
00:24:50.72,37268,落云宗修士,灵零,0.666,low_conf
00:24:50.72,37268,落云宗修士,无咎素履,0.644,low_conf
00:24:50.72,37268,落云宗修士,灵梦,0.665,low_conf
00:24:50.72,37268,落云宗修士,瞿瞿瞿瞿,0.518,pending
00:24:50.72,37268,落云宗修士,无菌,0.663,low_conf
00:24:50.72,37268,落云宗修士,蒙回ixx,0.734,low_conf
00:24:50.72,37268,落云宗修士,灵梦专,0.732,low_conf
00:24:50.72,37268,落云宗修士,楹骅幻影,0.691,low_conf
00:24:50.72,37268,落云宗修士,不舊为新,0.654,low_conf
00:24:50.72,37268,落云宗修士,灵少LS,0.697,low_conf
00:24:50.72,37268,落云宗修士,灵肆伍,0.642,low_conf
00:24:50.72,37268,落云宗修士,无聊的eie,0.72,low_conf
00:24:50.72,37268,落云宗修士,藻渊,0.491,pending
00:24:50.72,37268,落云宗修士,灵恸天,0.692,low_conf
00:24:50.72,37268,落云宗修士,赢无 113,0.742,low_conf
00:24:50.72,37268,落云宗修士,0L710,0.553,pending
00:24:50.72,37268,落云宗修士,灵吾玄,0.747,low_conf
00:24:50.72,37268,落云宗修士,灵修,0.532,pending
00:24:50.72,37268,落云宗修士,灵隐之,0.745,low_conf
00:24:50.72,37268,落云宗修士,灵樱音,0.747,low_conf
00:24:50.72,37268,落云宗修士,灵余与,0.643,low_conf
00:24:50.72,37268,落云宗修士,灵玉凝,0.67,low_conf
00:24:50.72,37268,落云宗修士,影,0.5,pending
00:24:50.72,37268,落云宗修士,灵泽古,0.72,low_conf
00:24:50.72,37268,落云宗修士,灵之恋,0.668,low_conf
00:24:50.72,37268,落云宗修士,娶龟丶,0.607,low_conf
00:24:50.72,37268,落云宗修士,映明镜,0.74,low_conf
00:24:50.72,37268,落云宗修士,灵之语,0.749,low_conf
00:24:50.72,37268,落云宗修士,不良人,0.727,low_conf
00:24:50.72,37268,落云宗修士,灵镯紫,0.606,low_conf
00:24:50.72,37268,落云宗修士,硬币人,0.741,low_conf
00:24:50.72,37268,落云宗修士,哈利牧,0.644,low_conf
00:24:50.72,37268,落云宗修士,岑,0.342,pending
00:24:50.72,37268,落云宗修士,冷风疏,0.746,low_conf
00:24:50.72,37268,落云宗修士,硬的凉,0.747,low_conf
00:24:50.72,37268,落云宗修士,冷海飞,0.748,low_conf
00:24:50.72,37268,落云宗修士,去路诏遥终相见,0.689,low_conf
00:24:50.72,37268,落云宗修士,冷然漆,0.576,pending
00:24:50.72,37268,落云宗修士,不能ZZ,0.748,low_conf
00:24:50.72,37268,落云宗修士,冷无月,0.735,low_conf
00:24:50.72,37268,落云宗修士,硬硬的耙耙柑,0.737,low_conf
00:24:54.40,37360,落云宗修士,·柔·,0.369,pending
00:24:54.40,37360,落云宗修士,不琼不究,0.59,pending
00:24:54.40,37360,落云宗修士,哈奇座,0.713,low_conf
00:24:54.40,37360,落云宗修士,凌烈ce,0.535,pending
00:24:54.40,37360,落云宗修士,叔鲜汤,0.183,pending
00:24:54.40,37360,落云宗修士,无铭落有,0.545,pending
00:24:54.40,37360,落云宗修士,0：潜大：0,0.286,pending
00:24:54.40,37360,落云宗修士,不染染,0.376,pending
00:24:54.40,37360,落云宗修士,哈士奇重机,0.675,low_conf
00:24:54.40,37360,落云宗修士,凌波系,0.641,low_conf
00:24:54.40,37360,落云宗修士,趣解解满,0.451,pending
00:24:54.40,37360,落云宗修士,Qo洁精英0,0.16,pending
00:24:54.40,37360,落云宗修士,不朵的萃枝味,0.651,low_conf
00:24:54.40,37360,落云宗修士,哈斯猫,0.58,pending
00:24:54.40,37360,落云宗修士,凌波不,0.523,pending
00:24:54.40,37360,落云宗修士,无摩擦的元,0.408,pending
00:24:54.40,37360,落云宗修士,懒的大橘猫饿,0.461,pending
00:24:54.40,37360,落云宗修士,bll 234833/9500,0.749,low_conf
00:24:54.40,37360,落云宗修士,00花腰杯老虎007,0.538,pending
00:24:54.40,37360,落云宗修士,不人流润数修,0.589,pending
00:24:54.40,37360,落云宗修士,哈维领主,0.723,low_conf
00:24:54.40,37360,落云宗修士,凌晨,0.478,pending
00:24:54.40,37360,落云宗修士,图儿文又险,0.235,pending
00:24:54.40,37360,落云宗修士,无腻式,0.547,pending
00:24:54.40,37360,落云宗修士,懂懒的获橘,0.368,pending
00:24:54.40,37360,落云宗修士,0啥既打者,0.46,pending
00:24:54.40,37360,落云宗修士,不散流淘,0.394,pending
00:24:54.40,37360,落云宗修士,哈学士,0.373,pending
00:24:54.40,37360,落云宗修士,凌川冰,0.381,pending
00:24:54.40,37360,落云宗修士,图图,0.282,pending
00:24:54.40,37360,落云宗修士,懂懒的犸等,0.539,pending
00:24:54.40,37360,落云宗修士,0啡仔0,0.272,pending
00:24:54.40,37360,落云宗修士,不散的青春？,0.675,low_conf
00:24:54.40,37360,落云宗修士,蛤字品吧,0.409,pending
00:24:54.40,37360,落云宗修士,凌雪,0.396,pending
00:24:54.40,37360,落云宗修士,图图的尔,0.421,pending
00:24:54.40,37360,落云宗修士,无趣世阁方,0.584,pending
00:24:54.40,37360,落云宗修士,情懒的假失,0.516,pending
00:24:54.40,37360,落云宗修士,0琪琦,0.584,pending
00:24:54.40,37360,落云宗修士,不敏场的奇而己,0.472,pending
00:24:54.40,37360,落云宗修士,隆阿行,0.509,pending
00:24:54.40,37360,落云宗修士,凌摇光,0.664,low_conf
00:24:54.40,37360,落云宗修士,恩A哈尔,0.458,pending
00:24:54.40,37360,落云宗修士,无人久留,0.617,low_conf
00:24:54.40,37360,落云宗修士,循懒的渔,0.532,pending
00:24:54.40,37360,落云宗修士,0天。,0.354,pending
00:24:54.40,37360,落云宗修士,不不美,0.482,pending
00:24:54.40,37360,落云宗修士,凌瑶,0.651,low_conf
00:24:54.40,37360,落云宗修士,園小圈001,0.603,low_conf
00:24:54.40,37360,落云宗修士,无瑟生,0.559,pending
00:24:54.40,37360,落云宗修士,永安在点,0.635,low_conf
00:24:54.40,37360,落云宗修士,0食！,0.266,pending
00:24:54.40,37360,落云宗修士,不代,0.555,pending
00:24:54.40,37360,落云宗修士,嗨唻曦2折9,0.37,pending
00:24:54.40,37360,落云宗修士,凌,0.469,pending
00:24:54.40,37360,落云宗修士,園小行,0.556,pending
00:24:54.40,37360,落云宗修士,无上的冬,0.656,low_conf
00:24:54.40,37360,落云宗修士,鑫啊鑫鑫O,0.675,low_conf
00:24:54.40,37360,落云宗修士,不善杀伐的e厉飞雨,0.638,low_conf
00:24:54.40,37360,落云宗修士,嗨你尾色掉子,0.742,low_conf
00:24:54.40,37360,落云宗修士,凌二2,0.679,low_conf
00:24:54.40,37360,落云宗修士,图=个图5321,0.694,low_conf
00:24:54.40,37360,落云宗修士,无上的,0.686,low_conf
00:24:54.40,37360,落云宗修士,永不膏手5,0.707,low_conf
00:24:54.40,37360,落云宗修士,不善杀伐的人,0.579,pending
00:24:54.40,37360,落云宗修士,全都是你的！,0.747,low_conf
00:24:54.40,37360,落云宗修士,无生的,0.728,low_conf
00:24:54.40,37360,落云宗修士,永不气儿,0.644,low_conf
00:24:54.40,37360,落云宗修士,不善杀伐的韩立,0.705,low_conf
00:24:54.40,37360,落云宗修士,凌云湃,0.59,pending
00:24:54.40,37360,落云宗修士,无声的旋律刘,0.724,low_conf
00:24:54.40,37360,落云宗修士,永维夏木ovo,0.682,low_conf
00:24:54.40,37360,落云宗修士,还不明白吗,0.646,low_conf
00:24:54.40,37360,落云宗修士,凌云薯,0.671,low_conf
00:24:54.40,37360,落云宗修士,永川装杯仔,0.739,low_conf
00:24:54.40,37360,落云宗修士,铃铛M,0.686,low_conf
00:24:54.40,37360,落云宗修士,还好还坏,0.741,low_conf
00:24:54.40,37360,落云宗修士,铃科白,0.656,low_conf
00:24:54.40,37360,落云宗修士,不上岸不氮,0.655,low_conf
00:24:54.40,37360,落云宗修士,铃木入,0.712,low_conf
00:24:54.40,37360,落云宗修士,Oribe萝見花,0.741,low_conf
00:24:54.40,37360,落云宗修士,铃木园,0.626,low_conf
00:24:54.40,37360,落云宗修士,不甚了了磨,0.716,low_conf
00:24:54.40,37360,落云宗修士,无双九尾,0.736,low_conf
00:24:54.40,37360,落云宗修士,陵音寒,0.724,low_conf
00:24:54.40,37360,落云宗修士,绫波丽,0.592,pending
00:24:54.40,37360,落云宗修士,绫绫大,0.591,pending
00:24:54.40,37360,落云宗修士,权威七休目,0.746,low_conf
00:24:54.40,37360,落云宗修士,无所谓cj,0.742,low_conf
00:24:54.40,37360,落云宗修士,绫秋同,0.698,low_conf
00:24:54.40,37360,落云宗修士,权叶6,0.74,low_conf
00:24:54.40,37360,落云宗修士,OSAN-NK,0.736,low_conf
00:24:54.40,37360,落云宗修士,还是喜欢椰椰,0.737,low_conf
00:24:54.40,37360,落云宗修士,绫小路,0.589,pending
00:24:54.40,37360,落云宗修士,绫野旭,0.661,low_conf
00:24:54.40,37360,落云宗修士,永远不分黎,0.701,low_conf
00:24:54.40,37360,落云宗修士,O-t,0.606,low_conf
00:24:54.40,37360,落云宗修士,聆尘菀,0.73,low_conf
00:24:54.40,37360,落云宗修士,拳大侠,0.65,low_conf
00:24:54.40,37360,落云宗修士,无王也,0.688,low_conf
00:24:54.40,37360,落云宗修士,聆江渡,0.746,low_conf
00:24:54.40,37360,落云宗修士,聆朔风,0.639,low_conf
00:24:54.40,37360,落云宗修士,永远的门先生,0.732,low_conf
00:24:54.40,37360,落云宗修士,缺钙惹,0.739,low_conf
00:24:54.40,37360,落云宗修士,聆听你,0.745,low_conf
00:24:54.40,37360,落云宗修士,Ovoyil,0.601,low_conf
00:24:54.40,37360,落云宗修士,聆馨若,0.738,low_conf
00:24:54.40,37360,落云宗修士,泳一君,0.733,low_conf
00:24:58.08,37452,落云宗修士,不思议的空自,0.721,low_conf
00:24:58.08,37452,落云宗修士,零降上,0.442,pending
00:24:58.08,37452,落云宗修士,荷峪·,0.529,pending
00:24:58.08,37452,落云宗修士,不思麟众世界,0.621,low_conf
00:24:58.08,37452,落云宗修士,零落花,0.709,low_conf
00:24:58.08,37452,落云宗修士,O花雨◎,0.479,pending
00:24:58.08,37452,落云宗修士,零洛化,0.633,low_conf
00:24:58.08,37452,落云宗修士,然明安,0.647,low_conf
00:24:58.08,37452,落云宗修士,○懒嘟配,0.64,low_conf
00:24:58.08,37452,落云宗修士,不死寒天,0.736,low_conf
00:24:58.08,37452,落云宗修士,零式龙,0.581,pending
00:24:58.08,37452,落云宗修士,然然酱山,0.652,low_conf
00:24:58.08,37452,落云宗修士,用户已注魅点,0.651,low_conf
00:24:58.08,37452,落云宗修士,○理想的王。,0.672,low_conf
00:24:58.08,37452,落云宗修士,海盗Q,0.688,low_conf
00:24:58.08,37452,落云宗修士,零纤维,0.701,low_conf
00:24:58.08,37452,落云宗修士,○龙啸的,0.431,pending
00:24:58.08,37452,落云宗修士,不诉m,0.652,low_conf
00:24:58.08,37452,落云宗修士,海盗馨拜,0.665,low_conf
00:24:58.08,37452,落云宗修士,零叶浴,0.206,pending
00:24:58.08,37452,落云宗修士,燃盒,0.338,pending
00:24:58.08,37452,落云宗修士,用,0.491,pending
00:24:58.08,37452,落云宗修士,○泡果奶人,0.659,low_conf
00:24:58.08,37452,落云宗修士,零虚泡,0.207,pending
00:24:58.08,37452,落云宗修士,无言学！,0.426,pending
00:24:58.08,37452,落云宗修士,?熙沫沫,0.551,pending
00:24:58.08,37452,落云宗修士,不,0.479,pending
00:24:58.08,37452,落云宗修士,零虚用,0.392,pending
00:24:58.08,37452,落云宗修士,燃系镜,0.642,low_conf
00:24:58.08,37452,落云宗修士,无氢小可爱,0.744,low_conf
00:24:58.08,37452,落云宗修士,用决斗给柔界带来笑,0.579,pending
00:24:58.08,37452,落云宗修士,O点型的能,0.529,pending
00:24:58.08,37452,落云宗修士,零阳,0.392,pending
00:24:58.08,37452,落云宗修士,罐炸弹,0.403,pending
00:24:58.08,37452,落云宗修士,无名氏,0.647,low_conf
00:24:58.08,37452,落云宗修士,用,0.274,pending
00:24:58.08,37452,落云宗修士,○亿差超人。,0.558,pending
00:24:58.08,37452,落云宗修士,不得e的,0.705,low_conf
00:24:58.08,37452,落云宗修士,海风中的宁静,0.675,low_conf
00:24:58.08,37452,落云宗修士,泰阳阀,0.478,pending
00:24:58.08,37452,落云宗修士,电电炸弹,0.288,pending
00:24:58.08,37452,落云宗修士,无疑仙氏,0.472,pending
00:24:58.08,37452,落云宗修士,用金纯夫日Y,0.357,pending
00:24:58.08,37452,落云宗修士,亿超,0.469,pending
00:24:58.08,37452,落云宗修士,海,0.401,pending
00:24:58.08,37452,落云宗修士,绿工闲,0.194,pending
00:24:58.08,37452,落云宗修士,再再依月,0.301,pending
00:24:58.08,37452,落云宗修士,无疑咏歌,0.606,low_conf
00:24:58.08,37452,落云宗修士,优车发,0.246,pending
00:24:58.08,37452,落云宗修士,不为是做,0.629,low_conf
00:24:58.08,37452,落云宗修士,海哥bil的老父,0.749,low_conf
00:24:58.08,37452,落云宗修士,臻小,0.157,pending
00:24:58.08,37452,落云宗修士,母母惯好好睡觉,0.554,pending
00:24:58.08,37452,落云宗修士,无康咏敏,0.493,pending
00:24:58.08,37452,落云宗修士,优好,0.638,low_conf
00:24:58.08,37452,落云宗修士,元多人,0.434,pending
00:24:58.08,37452,落云宗修士,未为自,0.387,pending
00:24:58.08,37452,落云宗修士,海格-Haia,0.602,low_conf
00:24:58.08,37452,落云宗修士,酸德性,0.53,pending
00:24:58.08,37452,落云宗修士,赶再要好好,0.549,pending
00:24:58.08,37452,落云宗修士,无康无学家,0.622,low_conf
00:24:58.08,37452,落云宗修士,优疑好管中心,0.679,low_conf
00:24:58.08,37452,落云宗修士,0元幕传来风等,0.649,low_conf
00:24:58.08,37452,落云宗修士,墨瑰洁,0.156,pending
00:24:58.08,37452,落云宗修士,染色鸡,0.485,pending
00:24:58.08,37452,落云宗修士,无用限等,0.517,pending
00:24:58.08,37452,落云宗修士,优能托實车,0.531,pending
00:24:58.08,37452,落云宗修士,0远方传来,0.633,low_conf
00:24:58.08,37452,落云宗修士,不稳的随线,0.517,pending
00:24:58.08,37452,落云宗修士,海電游啊,0.554,pending
00:24:58.08,37452,落云宗修士,霖界第,0.584,pending
00:24:58.08,37452,落云宗修士,染兮,0.496,pending
00:24:58.08,37452,落云宗修士,无忧得,0.565,pending
00:24:58.08,37452,落云宗修士,优雅螺春委桑,0.672,low_conf
00:24:58.08,37452,落云宗修士,0长樂未,0.37,pending
00:24:58.08,37452,落云宗修士,不稳延的晰纲处,0.398,pending
00:24:58.08,37452,落云宗修士,海天之曲,0.446,pending
00:24:58.08,37452,落云宗修士,领导我！,0.635,low_conf
00:24:58.08,37452,落云宗修士,柔爽,0.307,pending
00:24:58.08,37452,落云宗修士,无忧然射Feathe,0.69,low_conf
00:24:58.08,37452,落云宗修士,紫电青霜！,0.643,low_conf
00:24:58.08,37452,落云宗修士,不每纸船所风处tmo,0.595,pending
00:24:58.08,37452,落云宗修士,海阔尔蹦林克,0.462,pending
00:24:58.08,37452,落云宗修士,无请无个edhe,0.539,pending
00:24:58.08,37452,落云宗修士,优优大维,0.616,low_conf
00:24:58.08,37452,落云宗修士,口嘴角薇,0.509,pending
00:24:58.08,37452,落云宗修士,不,0.484,pending
00:24:58.08,37452,落云宗修士,海拉尔的林,0.715,low_conf
00:24:58.08,37452,落云宗修士,领域D,0.745,low_conf
00:24:58.08,37452,落云宗修士,无兔无优,0.61,low_conf
00:24:58.08,37452,落云宗修士,P6Z12Gsu/于117,0.506,pending
00:24:58.08,37452,落云宗修士,不当修,0.469,pending
00:24:58.08,37452,落云宗修士,海拉鲁野逃美化,0.59,pending
00:24:58.08,37452,落云宗修士,令先贤,0.705,low_conf
00:24:58.08,37452,落云宗修士,无缘大能中秋,0.66,low_conf
00:24:58.08,37452,落云宗修士,忧伤的孙期85,0.746,low_conf
00:24:58.08,37452,落云宗修士,不想当你修,0.684,low_conf
00:24:58.08,37452,落云宗修士,海拉鲁在逃盖1,0.621,low_conf
00:24:58.08,37452,落云宗修士,另一首,0.703,low_conf
00:24:58.08,37452,落云宗修士,溜达的,0.744,low_conf
00:24:58.08,37452,落云宗修士,无爽无难非,0.614,low_conf
00:24:58.08,37452,落云宗修士,忧郁啊忧郁,0.586,pending
00:24:58.08,37452,落云宗修士,Paigger,0.745,low_conf
00:24:58.08,37452,落云宗修士,不想画家！,0.723,low_conf
00:24:58.08,37452,落云宗修士,海泷er,0.677,low_conf
00:24:58.08,37452,落云宗修士,溜号鱼,0.746,low_conf
00:24:58.08,37452,落云宗修士,pailai酱,0.732,low_conf
00:24:58.08,37452,落云宗修士,海洛压,0.546,pending
00:24:58.08,37452,落云宗修士,溜了再,0.748,low_conf
00:24:58.08,37452,落云宗修士,不想平凡,0.696,low_conf
00:24:58.08,37452,落云宗修士,溜溜哒,0.747,low_conf
00:24:58.08,37452,落云宗修士,无知肥肥,0.738,low_conf
00:24:58.08,37452,落云宗修士,刘嗽,0.503,pending
00:24:58.08,37452,落云宗修士,扰弦,0.495,pending
00:24:58.08,37452,落云宗修士,不想数羊,0.68,low_conf
00:24:58.08,37452,落云宗修士,-海明威-,0.706,low_conf
00:24:58.08,37452,落云宗修士,刘鼻涕,0.621,low_conf
00:24:58.08,37452,落云宗修士,无知者求索,0.749,low_conf
00:24:58.08,37452,落云宗修士,刘丁丁,0.645,low_conf
00:24:58.08,37452,落云宗修士,无执无念\夙,0.709,low_conf
00:24:58.08,37452,落云宗修士,呦乐玻,0.747,low_conf
00:24:58.08,37452,落云宗修士,刘峰翼,0.749,low_conf
00:24:58.08,37452,落云宗修士,无中生友--,0.741,low_conf
00:24:58.08,37452,落云宗修士,不想说话羊羊,0.705,low_conf
00:24:58.08,37452,落云宗修士,刘竿三,0.708,low_conf
00:24:58.08,37452,落云宗修士,无名子,0.721,low_conf
00:24:58.08,37452,落云宗修士,不想填瞻,0.699,low_conf
00:24:58.08,37452,落云宗修士,海山光,0.748,low_conf
00:24:58.08,37452,落云宗修士,刘耗子,0.749,low_conf
00:24:58.08,37452,落云宗修士,热不,0.648,low_conf
00:24:58.08,37452,落云宗修士,-海上星,0.704,low_conf
00:24:58.08,37452,落云宗修士,刘厚斌,0.654,low_conf
00:25:01.76,37544,落云宗修士,刘曦颜,0.747,low_conf
00:25:01.76,37544,落云宗修士,热翔现调,0.74,low_conf
00:25:01.76,37544,落云宗修士,刘小G,0.747,low_conf
00:25:01.76,37544,落云宗修士,吴飞羽,0.706,low_conf
00:25:01.76,37544,落云宗修士,海棠晓月Zk,0.713,low_conf
00:25:01.76,37544,落云宗修士,刘小邦,0.749,low_conf
00:25:01.76,37544,落云宗修士,刘小芳,0.63,low_conf
00:25:01.76,37544,落云宗修士,吴琼琼,0.747,low_conf
00:25:01.76,37544,落云宗修士,不妖方,0.749,low_conf
00:25:01.76,37544,落云宗修士,刘小飞,0.719,low_conf
00:25:01.76,37544,落云宗修士,刘小耗,0.636,low_conf
00:25:01.76,37544,落云宗修士,热、汤面,0.719,low_conf
00:25:01.76,37544,落云宗修士,吴太师,0.727,low_conf
00:25:01.76,37544,落云宗修士,刘小喵,0.727,low_conf
00:25:01.76,37544,落云宗修士,熱爱喉,0.639,low_conf
00:25:01.76,37544,落云宗修士,悠灯闪,0.743,low_conf
00:25:01.76,37544,落云宗修士,刘小旖,0.67,low_conf
00:25:01.76,37544,落云宗修士,人才gg,0.706,low_conf
00:25:01.76,37544,落云宗修士,吴小孟,0.612,low_conf
00:25:01.76,37544,落云宗修士,刘旭瓜,0.712,low_conf
00:25:01.76,37544,落云宗修士,莫小小小林,0.736,low_conf
00:25:01.76,37544,落云宗修士,刘苡毅,0.383,pending
00:25:01.76,37544,落云宗修士,悠木超,0.592,pending
00:25:01.76,37544,落云宗修士,"Passacalia,J",0.731,low_conf
00:25:01.76,37544,落云宗修士,海啸山空,0.749,low_conf
00:25:01.76,37544,落云宗修士,刘康手,0.645,low_conf
00:25:01.76,37544,落云宗修士,吾爱吾心,0.679,low_conf
00:25:01.76,37544,落云宗修士,Pa嘻嘎,0.548,pending
00:25:01.76,37544,落云宗修士,刘院长,0.744,low_conf
00:25:01.76,37544,落云宗修士,人丑无法显示,0.541,pending
00:25:01.76,37544,落云宗修士,悠小偷,0.533,pending
00:25:01.76,37544,落云宗修士,PA雪风,0.732,low_conf
00:25:01.76,37544,落云宗修士,刘越A,0.558,pending
00:25:01.76,37544,落云宗修士,人畜同条,0.383,pending
00:25:01.76,37544,落云宗修士,吾好類,0.53,pending
00:25:01.76,37544,落云宗修士,悠扬西殡,0.62,low_conf
00:25:01.76,37544,落云宗修士,PC,0.481,pending
00:25:01.76,37544,落云宗修士,海夏河澄2,0.505,pending
00:25:01.76,37544,落云宗修士,刘字焕,0.502,pending
00:25:01.76,37544,落云宗修士,人蛋孕李,0.659,low_conf
00:25:01.76,37544,落云宗修士,流,0.449,pending
00:25:01.76,37544,落云宗修士,喜皇那只吨,0.583,pending
00:25:01.76,37544,落云宗修士,悠悠岁月撒,0.658,low_conf
00:25:01.76,37544,落云宗修士,海猿岛海散修,0.666,low_conf
00:25:01.76,37544,落云宗修士,流识,0.612,low_conf
00:25:01.76,37544,落云宗修士,人非甚闲山,0.527,pending
00:25:01.76,37544,落云宗修士,吾皇万睡01,0.566,pending
00:25:01.76,37544,落云宗修士,悠悠月月,0.629,low_conf
00:25:01.76,37544,落云宗修士,bll 32899731873,0.74,low_conf
00:25:01.76,37544,落云宗修士,PDKYW,0.695,low_conf
00:25:01.76,37544,落云宗修士,流川鹅,0.386,pending
00:25:01.76,37544,落云宗修士,人非朽深,0.621,low_conf
00:25:01.76,37544,落云宗修士,喜即是乃辰,0.56,pending
00:25:01.76,37544,落云宗修士,不手君,0.378,pending
00:25:01.76,37544,落云宗修士,海贼主哇,0.653,low_conf
00:25:01.76,37544,落云宗修士,流荡发,0.293,pending
00:25:01.76,37544,落云宗修士,人格之海,0.453,pending
00:25:01.76,37544,落云宗修士,喜家的主孕们,0.741,low_conf
00:25:01.76,37544,落云宗修士,悠懿的天大王,0.63,low_conf
00:25:01.76,37544,落云宗修士,PEDSOT,0.667,low_conf
00:25:01.76,37544,落云宗修士,不01,0.605,low_conf
00:25:01.76,37544,落云宗修士,人简风与植,0.712,low_conf
00:25:01.76,37544,落云宗修士,喜家小团团,0.679,low_conf
00:25:01.76,37544,落云宗修士,悠惑的,0.544,pending
00:25:01.76,37544,落云宗修士,peigoz,0.647,low_conf
00:25:01.76,37544,落云宗修士,不与犬同状,0.55,pending
00:25:01.76,37544,落云宗修士,海之恋辰,0.6,low_conf
00:25:01.76,37544,落云宗修士,流,0.473,pending
00:25:01.76,37544,落云宗修士,人间花,0.738,low_conf
00:25:01.76,37544,落云宗修士,悠做147,0.654,low_conf
00:25:01.76,37544,落云宗修士,Peko舒仔,0.619,low_conf
00:25:01.76,37544,落云宗修士,不与岁月话短长,0.655,low_conf
00:25:01.76,37544,落云宗修士,孩人哦,0.445,pending
00:25:01.76,37544,落云宗修士,流光原,0.296,pending
00:25:01.76,37544,落云宗修士,人间富意化,0.591,pending
00:25:01.76,37544,落云宗修士,喜家有,0.377,pending
00:25:01.76,37544,落云宗修士,爱付,0.143,pending
00:25:01.76,37544,落云宗修士,Peno锋nx,0.523,pending
00:25:01.76,37544,落云宗修士,不语462,0.735,low_conf
00:25:01.76,37544,落云宗修士,怕孤量的流,0.683,low_conf
00:25:01.76,37544,落云宗修士,流光压,0.565,pending
00:25:01.76,37544,落云宗修士,人间惊鸿青,0.557,pending
00:25:01.76,37544,落云宗修士,喜多秋风,0.506,pending
00:25:01.76,37544,落云宗修士,爱惯尔体伯特,0.644,low_conf
00:25:01.76,37544,落云宗修士,不愿忘知,0.64,low_conf
00:25:01.76,37544,落云宗修士,专着的押的,0.46,pending
00:25:01.76,37544,落云宗修士,流光,0.635,low_conf
00:25:01.76,37544,落云宗修士,人间汐著火,0.541,pending
00:25:01.76,37544,落云宗修士,喜名汉相曹舌德,0.56,pending
00:25:01.76,37544,落云宗修士,无更泰,0.222,pending
00:25:01.76,37544,落云宗修士,不惠忘000009og,0.397,pending
00:25:01.76,37544,落云宗修士,最的,0.395,pending
00:25:01.76,37544,落云宗修士,流光载,0.697,low_conf
00:25:01.76,37544,落云宗修士,人间没有重火会员,0.617,low_conf
00:25:01.76,37544,落云宗修士,喜乃涯相售,0.464,pending
00:25:01.76,37544,落云宗修士,无克,0.539,pending
00:25:01.76,37544,落云宗修士,PepparBd,0.649,low_conf
00:25:01.76,37544,落云宗修士,不在服务区的需,0.73,low_conf
00:25:01.76,37544,落云宗修士,散饼,0.483,pending
00:25:01.76,37544,落云宗修士,流光逐,0.721,low_conf
00:25:01.76,37544,落云宗修士,乃界第一大垂,0.711,low_conf
00:25:01.76,37544,落云宗修士,无,0.274,pending
00:25:01.76,37544,落云宗修士,pepperls,0.713,low_conf
00:25:01.76,37544,落云宗修士,不在版务的谢事看,0.418,pending
00:25:01.76,37544,落云宗修士,憨憨吃权,0.438,pending
00:25:01.76,37544,落云宗修士,流浪大,0.734,low_conf
00:25:01.76,37544,落云宗修士,乃录麻果木麻来桌,0.459,pending
00:25:01.76,37544,落云宗修士,无人奥,0.443,pending
00:25:01.76,37544,落云宗修士,不扭吃的读的ic,0.588,pending
00:25:01.76,37544,落云宗修士,敢迷,0.249,pending
00:25:01.76,37544,落云宗修士,流浪的,0.747,low_conf
00:25:01.76,37544,落云宗修士,人间熹微时,0.681,low_conf
00:25:01.76,37544,落云宗修士,吾乃张麻子本味,0.45,pending
00:25:01.76,37544,落云宗修士,九宿全,0.216,pending
00:25:01.76,37544,落云宗修士,不知道吃啥的的龙,0.682,low_conf
00:25:01.76,37544,落云宗修士,敢憨述大白能,0.572,pending
00:25:01.76,37544,落云宗修士,流浪诗,0.741,low_conf
00:25:01.76,37544,落云宗修士,人间一游客！,0.712,low_conf
00:25:01.76,37544,落云宗修士,妻！,0.294,pending
00:25:01.76,37544,落云宗修士,由雪,0.277,pending
00:25:01.76,37544,落云宗修士,不知道叫時的惑龙宝,0.631,low_conf
00:25:01.76,37544,落云宗修士,憨惠、天白熊,0.542,pending
00:25:01.76,37544,落云宗修士,-流浪小,0.747,low_conf
00:25:01.76,37544,落云宗修士,人贝人爱小窗商,0.653,low_conf
00:25:01.76,37544,落云宗修士,吾麦福子,0.511,pending
00:25:01.76,37544,落云宗修士,油是,0.52,pending
00:25:01.76,37544,落云宗修士,不知道妞件么就的摩,0.67,low_conf
00:25:01.76,37544,落云宗修士,流泪熊,0.741,low_conf
00:25:01.76,37544,落云宗修士,吾柒徒行,0.685,low_conf
00:25:01.76,37544,落云宗修士,油得滑,0.7,low_conf
00:25:01.76,37544,落云宗修士,pett,0.6,low_conf
00:25:01.76,37544,落云宗修士,不知道用啥名字的阳,0.709,low_conf
00:25:01.76,37544,落云宗修士,含猫量,0.587,pending
00:25:01.76,37544,落云宗修士,吾去不早言之,0.557,pending
00:25:01.76,37544,落云宗修士,pfhi,0.533,pending
00:25:01.76,37544,落云宗修士,不知道用什么来,0.717,low_conf
00:25:01.76,37544,落云宗修士,因老魔影,0.469,pending
00:25:01.76,37544,落云宗修士,流流星,0.742,low_conf
00:25:01.76,37544,落云宗修士,人满为患了。,0.679,low_conf
00:25:01.76,37544,落云宗修士,喜识蔬咖腹棒,0.504,pending
00:25:05.44,37636,落云宗修士,流年醉,0.749,low_conf
00:25:05.44,37636,落云宗修士,吾修生,0.634,low_conf
00:25:05.44,37636,落云宗修士,流沙兔,0.627,low_conf
00:25:05.44,37636,落云宗修士,寒,0.478,pending
00:25:05.44,37636,落云宗修士,流逝微,0.733,low_conf
00:25:05.44,37636,落云宗修士,流逝抓,0.734,low_conf
00:25:05.44,37636,落云宗修士,寒寒碰,0.705,low_conf
00:25:05.44,37636,落云宗修士,流水11.,0.679,low_conf
00:25:05.44,37636,落云宗修士,芜春不言磅,0.725,low_conf
00:25:05.44,37636,落云宗修士,迷_,0.481,pending
00:25:05.44,37636,落云宗修士,pigawake,0.692,low_conf
00:25:05.44,37636,落云宗修士,寒金石,0.729,low_conf
00:25:05.44,37636,落云宗修士,流苏92,0.638,low_conf
00:25:05.44,37636,落云宗修士,不丶完美、,0.72,low_conf
00:25:05.44,37636,落云宗修士,寒老韩,0.743,low_conf
00:25:05.44,37636,落云宗修士,流消天,0.742,low_conf
00:25:05.44,37636,落云宗修士,流线小,0.747,low_conf
00:25:05.44,37636,落云宗修士,寒）墨尘,0.667,low_conf
00:25:05.44,37636,落云宗修士,人生一番榨』,0.675,low_conf
00:25:05.44,37636,落云宗修士,流猩猩,0.743,low_conf
00:25:05.44,37636,落云宗修士,芜湖、、,0.627,low_conf
00:25:05.44,37636,落云宗修士,流血的,0.746,low_conf
00:25:05.44,37636,落云宗修士,唔嘞唔唔,0.573,pending
00:25:05.44,37636,落云宗修士,-游泷,0.742,low_conf
00:25:05.44,37636,落云宗修士,流柚,0.601,low_conf
00:25:05.44,37636,落云宗修士,游宁梦,0.749,low_conf
00:25:05.44,37636,落云宗修士,布哥哥,0.748,low_conf
00:25:05.44,37636,落云宗修士,流云剑,0.747,low_conf
00:25:05.44,37636,落云宗修士,人心多,0.748,low_conf
00:25:05.44,37636,落云宗修士,2 Pino、,0.723,low_conf
00:25:05.44,37636,落云宗修士,流会倾,0.626,low_conf
00:25:05.44,37636,落云宗修士,唔值钱,0.735,low_conf
00:25:05.44,37636,落云宗修士,游水云间,0.738,low_conf
00:25:05.44,37636,落云宗修士,流会天,0.633,low_conf
00:25:05.44,37636,落云宗修士,梧辰_W,0.712,low_conf
00:25:05.44,37636,落云宗修士,流舟w,0.611,low_conf
00:25:05.44,37636,落云宗修士,梧速,0.643,low_conf
00:25:05.44,37636,落云宗修士,寒—-,0.5,pending
00:25:05.44,37636,落云宗修士,留春春,0.723,low_conf
00:25:05.44,37636,落云宗修士,留个笑,0.611,low_conf
00:25:05.44,37636,落云宗修士,仁自知,0.658,low_conf
00:25:05.44,37636,落云宗修士,寒郁黎,0.711,low_conf
00:25:05.44,37636,落云宗修士,留级小,0.725,low_conf
00:25:05.44,37636,落云宗修士,梧桐言语,0.718,low_conf
00:25:05.44,37636,落云宗修士,寒渊听汐,0.724,low_conf
00:25:05.44,37636,落云宗修士,留留余,0.659,low_conf
00:25:05.44,37636,落云宗修士,無缺,0.664,low_conf
00:25:05.44,37636,落云宗修士,游伊戏,0.748,low_conf
00:25:05.44,37636,落云宗修士,寒月岚,0.74,low_conf
00:25:05.44,37636,落云宗修士,留神牙,0.656,low_conf
00:25:05.44,37636,落云宗修士,认真丨努力丨集中,0.741,low_conf
00:25:05.44,37636,落云宗修士,游云戏水,0.735,low_conf
00:25:05.44,37636,落云宗修士,PK口苦,0.715,low_conf
00:25:05.44,37636,落云宗修士,寒,0.39,pending
00:25:05.44,37636,落云宗修士,留言利秒,0.462,pending
00:25:05.44,37636,落云宗修士,無敢靠王-百哈不灭,0.639,low_conf
00:25:05.44,37636,落云宗修士,-布什二戈门-,0.701,low_conf
00:25:05.44,37636,落云宗修士,留在落,0.531,pending
00:25:05.44,37636,落云宗修士,认真生活bo-app,0.698,low_conf
00:25:05.44,37636,落云宗修士,-無法無天,0.689,low_conf
00:25:05.44,37636,落云宗修士,友寿,0.384,pending
00:25:05.44,37636,落云宗修士,布团,0.551,pending
00:25:05.44,37636,落云宗修士,韩大哥,0.724,low_conf
00:25:05.44,37636,落云宗修士,瑞璃,0.068,pending
00:25:05.44,37636,落云宗修士,無鼠風朝,0.416,pending
00:25:05.44,37636,落云宗修士,布晓德,0.748,low_conf
00:25:05.44,37636,落云宗修士,琉璃唱,0.574,pending
00:25:05.44,37636,落云宗修士,任要寿,0.143,pending
00:25:05.44,37636,落云宗修士,無口人,0.463,pending
00:25:05.44,37636,落云宗修士,琉璃光,0.599,pending
00:25:05.44,37636,落云宗修士,任看存飞,0.445,pending
00:25:05.44,37636,落云宗修士,無理聚闹,0.607,low_conf
00:25:05.44,37636,落云宗修士,布衣黛心,0.449,pending
00:25:05.44,37636,落云宗修士,韩悼友,0.604,low_conf
00:25:05.44,37636,落云宗修士,琉璃色,0.541,pending
00:25:05.44,37636,落云宗修士,往永佳,0.271,pending
00:25:05.44,37636,落云宗修士,無名剑圣,0.511,pending
00:25:05.44,37636,落云宗修士,友之友,0.656,low_conf
00:25:05.44,37636,落云宗修士,布衣居士,0.593,pending
00:25:05.44,37636,落云宗修士,韩道友要胶带,0.734,low_conf
00:25:05.44,37636,落云宗修士,無相不款,0.435,pending
00:25:05.44,37636,落云宗修士,有1交东西,0.606,low_conf
00:25:05.44,37636,落云宗修士,poit123,0.539,pending
00:25:05.44,37636,落云宗修士,伟狼牙,0.43,pending
00:25:05.44,37636,落云宗修士,韩东泽,0.634,low_conf
00:25:05.44,37636,落云宗修士,琉璃天,0.49,pending
00:25:05.44,37636,落云宗修士,任我笑,0.59,pending
00:25:05.44,37636,落云宗修士,無限谁步的小涛,0.73,low_conf
00:25:05.44,37636,落云宗修士,有币了乐改个名,0.74,low_conf
00:25:05.44,37636,落云宗修士,poi冰童皇,0.566,pending
00:25:05.44,37636,落云宗修士,怀臭睡,0.162,pending
00:25:05.44,37636,落云宗修士,韩乐李车,0.431,pending
00:25:05.44,37636,落云宗修士,琉璃,0.576,pending
00:25:05.44,37636,落云宗修士,住送之王,0.458,pending
00:25:05.44,37636,落云宗修士,無小糖,0.576,pending
00:25:05.44,37636,落云宗修士,看由儿皮的寂空行,0.707,low_conf
00:25:05.44,37636,落云宗修士,bll 39064268362,0.709,low_conf
00:25:05.44,37636,落云宗修士,Pol冰水果,0.71,low_conf
00:25:05.44,37636,落云宗修士,步高,0.499,pending
00:25:05.44,37636,落云宗修士,韩夫人爱韩文,0.667,low_conf
00:25:05.44,37636,落云宗修士,琉效+,0.42,pending
00:25:05.44,37636,落云宗修士,佳通违连收,0.381,pending
00:25:05.44,37636,落云宗修士,無邪氨力子供,0.572,pending
00:25:05.44,37636,落云宗修士,有质无快的,0.614,low_conf
00:25:09.12,37728,落云宗修士,榴莲味,0.748,low_conf
00:25:09.12,37728,落云宗修士,日晶旭,0.713,low_conf
00:25:09.12,37728,落云宗修士,义野渡,0.454,pending
00:25:09.12,37728,落云宗修士,榴配,0.665,low_conf
00:25:09.12,37728,落云宗修士,劉伟嘉,0.651,low_conf
00:25:09.12,37728,落云宗修士,有狐_绥绥、,0.742,low_conf
00:25:09.12,37728,落云宗修士,鎏叁零,0.704,low_conf
00:25:09.12,37728,落云宗修士,柳橙味,0.653,low_conf
00:25:09.12,37728,落云宗修士,柳讽,0.655,low_conf
00:25:09.12,37728,落云宗修士,有空一起遛狗,0.692,low_conf
00:25:09.12,37728,落云宗修士,柳九不,0.747,low_conf
00:25:09.12,37728,落云宗修士,有猫饼訂你,0.677,low_conf
00:25:09.12,37728,落云宗修士,柳林风,0.643,low_conf
00:25:09.12,37728,落云宗修士,有猫病,0.749,low_conf
00:25:09.12,37728,落云宗修士,柳墨枫,0.748,low_conf
00:25:09.12,37728,落云宗修士,柳色浅,0.736,low_conf
00:25:09.12,37728,落云宗修士,五晶工业,0.713,low_conf
00:25:09.12,37728,落云宗修士,财迷猪丶,0.696,low_conf
00:25:09.12,37728,落云宗修士,柳爽-,0.729,low_conf
00:25:09.12,37728,落云宗修士,柳桐汐,0.743,low_conf
00:25:09.12,37728,落云宗修士,有木,0.651,low_conf
00:25:09.12,37728,落云宗修士,柳吾心,0.744,low_conf
00:25:09.12,37728,落云宗修士,钥铭,0.665,low_conf
00:25:09.12,37728,落云宗修士,柳下不,0.706,low_conf
00:25:09.12,37728,落云宗修士,荣纯,0.635,low_conf
00:25:09.12,37728,落云宗修士,荣新节,0.748,low_conf
00:25:09.12,37728,落云宗修士,柳悦兮,0.725,low_conf
00:25:09.12,37728,落云宗修士,五七参一,0.646,low_conf
00:25:09.12,37728,落云宗修士,有请哈哈哈,0.728,low_conf
00:25:09.12,37728,落云宗修士,韩立韓老魔,0.734,low_conf
00:25:09.12,37728,落云宗修士,六尺布,0.74,low_conf
00:25:09.12,37728,落云宗修士,容颂语,0.694,low_conf
00:25:09.12,37728,落云宗修士,彩芒果干,0.723,low_conf
00:25:09.12,37728,落云宗修士,六大力,0.56,pending
00:25:09.12,37728,落云宗修士,五味梓,0.748,low_conf
00:25:09.12,37728,落云宗修士,Pro、念,0.694,low_conf
00:25:09.12,37728,落云宗修士,彩阳略咯,0.66,low_conf
00:25:09.12,37728,落云宗修士,六代猫,0.745,low_conf
00:25:09.12,37728,落云宗修士,六点起,0.684,low_conf
00:25:09.12,37728,落云宗修士,六分闲,0.707,low_conf
00:25:09.12,37728,落云宗修士,pseam,0.739,low_conf
00:25:09.12,37728,落云宗修士,六个-六,0.528,pending
00:25:09.12,37728,落云宗修士,五氧划二磷,0.731,low_conf
00:25:09.12,37728,落云宗修士,韩立起个名好,0.743,low_conf
00:25:09.12,37728,落云宗修士,六根清,0.727,low_conf
00:25:09.12,37728,落云宗修士,有条人,0.704,low_conf
00:25:09.12,37728,落云宗修士,六副,0.293,pending
00:25:09.12,37728,落云宗修士,深缓南凰,0.564,pending
00:25:09.12,37728,落云宗修士,六六六,0.732,low_conf
00:25:09.12,37728,落云宗修士,pny,0.287,pending
00:25:09.12,37728,落云宗修士,六神二,0.62,low_conf
00:25:09.12,37728,落云宗修士,五玥蝇,0.727,low_conf
00:25:09.12,37728,落云宗修士,六廿四桌,0.477,pending
00:25:09.12,37728,落云宗修士,有一个na,0.685,low_conf
00:25:09.12,37728,落云宗修士,菜狗-Ovo,0.675,low_conf
00:25:09.12,37728,落云宗修士,韩菱纱-,0.682,low_conf
00:25:09.12,37728,落云宗修士,六石d,0.407,pending
00:25:09.12,37728,落云宗修士,肉丁儿要减肥,0.704,low_conf
00:25:09.12,37728,落云宗修士,六五黄,0.717,low_conf
00:25:09.12,37728,落云宗修士,午俊虹茶,0.727,low_conf
00:25:09.12,37728,落云宗修士,韩世憨,0.714,low_conf
00:25:09.12,37728,落云宗修士,伍金奎,0.561,pending
00:25:09.12,37728,落云宗修士,有只迷恶,0.631,low_conf
00:25:12.80,37820,落云宗修士,菜下离合-,0.628,low_conf
00:25:12.80,37820,落云宗修士,六月是,0.749,low_conf
00:25:12.80,37820,落云宗修士,QH000001,0.707,low_conf
00:25:12.80,37820,落云宗修士,莱糊现,0.2,pending
00:25:12.80,37820,落云宗修士,六月,0.663,low_conf
00:25:12.80,37820,落云宗修士,如初見,0.599,pending
00:25:12.80,37820,落云宗修士,莱鸭鹅,0.614,low_conf
00:25:12.80,37820,落云宗修士,韩铁历,0.748,low_conf
00:25:12.80,37820,落云宗修士,六文白,0.511,pending
00:25:12.80,37820,落云宗修士,莱芽儿晨,0.69,low_conf
00:25:12.80,37820,落云宗修士,六兆年,0.631,low_conf
00:25:12.80,37820,落云宗修士,qianmqy,0.702,low_conf
00:25:12.80,37820,落云宗修士,韩小魔魔,0.743,low_conf
00:25:12.80,37820,落云宗修士,六只鸟,0.712,low_conf
00:25:12.80,37820,落云宗修士,如逢椿,0.74,low_conf
00:25:12.80,37820,落云宗修士,菜长了,0.702,low_conf
00:25:12.80,37820,落云宗修士,六转人,0.747,low_conf
00:25:12.80,37820,落云宗修士,龙PP,0.634,low_conf
00:25:12.80,37820,落云宗修士,韩砚冰,0.748,low_conf
00:25:12.80,37820,落云宗修士,龙傲天,0.721,low_conf
00:25:12.80,37820,落云宗修士,Qin鲜笋,0.748,low_conf
00:25:12.80,37820,落云宗修士,韩翼de,0.731,low_conf
00:25:12.80,37820,落云宗修士,龙骥,0.645,low_conf
00:25:12.80,37820,落云宗修士,Qiz\,0.613,low_conf
00:25:12.80,37820,落云宗修士,龙城_L,0.72,low_conf
00:25:12.80,37820,落云宗修士,舞瓜弄茄,0.706,low_conf
00:25:12.80,37820,落云宗修士,又,0.477,pending
00:25:12.80,37820,落云宗修士,Q时一,0.6,low_conf
00:25:12.80,37820,落云宗修士,韓俊熙,0.623,low_conf
00:25:12.80,37820,落云宗修士,龙豆豆,0.748,low_conf
00:25:12.80,37820,落云宗修士,舞司,0.664,low_conf
00:25:12.80,37820,落云宗修士,又秋凉,0.733,low_conf
00:25:12.80,37820,落云宗修士,龙飞路,0.746,low_conf
00:25:12.80,37820,落云宗修士,舞湘蛋,0.726,low_conf
00:25:12.80,37820,落云宗修士,龙骨村,0.712,low_conf
00:25:12.80,37820,落云宗修士,龙合山,0.721,low_conf
00:25:12.80,37820,落云宗修士,元元无物鸣,0.661,low_conf
00:25:12.80,37820,落云宗修士,龙虎山,0.748,low_conf
00:25:12.80,37820,落云宗修士,元自不一,0.628,low_conf
00:25:12.80,37820,落云宗修士,残梦「砀流年,0.701,low_conf
00:25:12.80,37820,落云宗修士,汉译英,0.749,low_conf
00:25:12.80,37820,落云宗修士,龙卷v残,0.654,low_conf
00:25:12.80,37820,落云宗修士,如乐随形,0.742,low_conf
00:25:12.80,37820,落云宗修士,汉源润,0.748,low_conf
00:25:12.80,37820,落云宗修士,龙卡卡,0.736,low_conf
00:25:12.80,37820,落云宗修士,龙龙小,0.746,low_conf
00:25:12.80,37820,落云宗修士,又一年蝉鸣丫,0.733,low_conf
00:25:12.80,37820,落云宗修士,残缺骑士x×,0.682,low_conf
00:25:12.80,37820,落云宗修士,漢故人,0.695,low_conf
00:25:12.80,37820,落云宗修士,龙龙在,0.748,low_conf
00:25:12.80,37820,落云宗修士,如梦丶烟,0.725,low_conf
00:25:12.80,37820,落云宗修士,漢丨元合五极,0.706,low_conf
00:25:12.80,37820,落云宗修士,龙马模,0.695,low_conf
00:25:12.80,37820,落云宗修士,右耳呢喃,0.692,low_conf
00:25:12.80,37820,落云宗修士,龙猫da,0.695,low_conf
00:25:12.80,37820,落云宗修士,杭鑫呀,0.749,low_conf
00:25:12.80,37820,落云宗修士,龙猫酱,0.748,low_conf
00:25:12.80,37820,落云宗修士,物森山,0.734,low_conf
00:25:12.80,37820,落云宗修士,惨浪-,0.746,low_conf
00:25:12.80,37820,落云宗修士,龙猫侠,0.744,low_conf
00:25:12.80,37820,落云宗修士,航夜星,0.745,low_conf
00:25:12.80,37820,落云宗修士,如心无忧,0.705,low_conf
00:25:12.80,37820,落云宗修士,悟六道,0.747,low_conf
00:25:12.80,37820,落云宗修士,悟梦,0.665,low_conf
00:25:12.80,37820,落云宗修士,图团因園,0.502,pending
00:25:12.80,37820,落云宗修士,quttvv,0.747,low_conf
00:25:12.80,37820,落云宗修士,龙山君,0.746,low_conf
00:25:12.80,37820,落云宗修士,悟胖,0.666,low_conf
00:25:12.80,37820,落云宗修士,柚斐斐,0.741,low_conf
00:25:12.80,37820,落云宗修士,龙枢阁,0.744,low_conf
00:25:12.80,37820,落云宗修士,悟拾叁,0.662,low_conf
00:25:12.80,37820,落云宗修士,龙 ,0.431,pending
00:25:12.80,37820,落云宗修士,如珠似玉,0.742,low_conf
00:25:12.80,37820,落云宗修士,龙逍遥,0.718,low_conf
00:25:12.80,37820,落云宗修士,儒勒君,0.746,low_conf
00:25:12.80,37820,落云宗修士,2,0.156,pending
00:25:12.80,37820,落云宗修士,豪利尤,0.713,low_conf
00:25:12.80,37820,落云宗修士,龙小宋,0.662,low_conf
00:25:16.48,37912,落云宗修士,q339578,0.646,low_conf
00:25:16.48,37912,落云宗修士,沧澜雾歌,0.512,pending
00:25:16.48,37912,落云宗修士,就粑先生227,0.632,low_conf
00:25:16.48,37912,落云宗修士,龙眼荔,0.51,pending
00:25:16.48,37912,落云宗修士,汝花花,0.265,pending
00:25:16.48,37912,落云宗修士,雾化随激光,0.651,low_conf
00:25:16.48,37912,落云宗修士,浴眼修,0.328,pending
00:25:16.48,37912,落云宗修士,好咔先生,0.59,pending
00:25:16.48,37912,落云宗修士,龙梭,0.453,pending
00:25:16.48,37912,落云宗修士,乳鸽蘑菇,0.701,low_conf
00:25:16.48,37912,落云宗修士,雾鑫防,0.517,pending
00:25:16.48,37912,落云宗修士,qzhm9828,0.735,low_conf
00:25:16.48,37912,落云宗修士,浴睡修,0.415,pending
00:25:16.48,37912,落云宗修士,好吃馨吃hbh,0.608,low_conf
00:25:16.48,37912,落云宗修士,龙楼76,0.701,low_conf
00:25:16.48,37912,落云宗修士,乳酸菌渐温湿,0.673,low_conf
00:25:16.48,37912,落云宗修士,雾山晚目,0.529,pending
00:25:16.48,37912,落云宗修士,柚子,0.476,pending
00:25:16.48,37912,落云宗修士,沧晓浸日月,0.543,pending
00:25:16.48,37912,落云宗修士,好吃爱馆hh,0.549,pending
00:25:16.48,37912,落云宗修士,龙語泳,0.444,pending
00:25:16.48,37912,落云宗修士,入淮青洛渐漫漫,0.722,low_conf
00:25:16.48,37912,落云宗修士,裕贤,0.468,pending
00:25:16.48,37912,落云宗修士,Qzaik,0.604,low_conf
00:25:16.48,37912,落云宗修士,范月的月,0.498,pending
00:25:16.48,37912,落云宗修士,龙御小,0.568,pending
00:25:16.48,37912,落云宗修士,雾仙去海客,0.716,low_conf
00:25:16.48,37912,落云宗修士,触悠毅,0.512,pending
00:25:16.48,37912,落云宗修士,QU黑夜,0.629,low_conf
00:25:16.48,37912,落云宗修士,爸日的,0.37,pending
00:25:16.48,37912,落云宗修士,好吃牛善鱼,0.584,pending
00:25:16.48,37912,落云宗修士,入帘青,0.497,pending
00:25:16.48,37912,落云宗修士,迁生,0.383,pending
00:25:16.48,37912,落云宗修士,a椿漱p,0.521,pending
00:25:16.48,37912,落云宗修士,爸火姿,0.336,pending
00:25:16.48,37912,落云宗修士,好吃小灵石,0.708,low_conf
00:25:16.48,37912,落云宗修士,龙泽萝,0.73,low_conf
00:25:16.48,37912,落云宗修士,雾雾陈,0.737,low_conf
00:25:16.48,37912,落云宗修士,手ia懒,0.534,pending
00:25:16.48,37912,落云宗修士,爸井布风,0.606,low_conf
00:25:16.48,37912,落云宗修士,好大的一次里,0.602,low_conf
00:25:16.48,37912,落云宗修士,龙之裔,0.735,low_conf
00:25:16.48,37912,落云宗修士,雾影之场,0.593,pending
00:25:16.48,37912,落云宗修士,手大壮,0.5,pending
00:25:16.48,37912,落云宗修士,Q小王公举,0.691,low_conf
00:25:16.48,37912,落云宗修士,苍蓝雪风,0.697,low_conf
00:25:16.48,37912,落云宗修士,龙珠超,0.657,low_conf
00:25:16.48,37912,落云宗修士,入秋了的,0.692,low_conf
00:25:16.48,37912,落云宗修士,雾与晨,0.743,low_conf
00:25:16.48,37912,落云宗修士,于木常青,0.561,pending
00:25:16.48,37912,落云宗修士,苍蓝映雪,0.718,low_conf
00:25:16.48,37912,落云宗修士,龙子坤,0.747,low_conf
00:25:16.48,37912,落云宗修士,泷舞者,0.741,low_conf
00:25:16.48,37912,落云宗修士,于是偕行,0.707,low_conf
00:25:16.48,37912,落云宗修士,苍窝影雪,0.701,low_conf
00:25:16.48,37912,落云宗修士,好的宇寓,0.662,low_conf
00:25:16.48,37912,落云宗修士,珑祀de,0.73,low_conf
00:25:16.48,37912,落云宗修士,软盆,0.664,low_conf
00:25:16.48,37912,落云宗修士,于天霸,0.647,low_conf
00:25:16.48,37912,落云宗修士,bil 51751670231,0.749,low_conf
00:25:16.48,37912,落云宗修士,Rad、离,0.671,low_conf
00:25:16.48,37912,落云宗修士,苍雪漫游,0.58,pending
00:25:16.48,37912,落云宗修士,胧村正,0.643,low_conf
00:25:16.48,37912,落云宗修士,胧梦樱,0.736,low_conf
00:25:16.48,37912,落云宗修士,软团君,0.748,low_conf
00:25:16.48,37912,落云宗修士,多豆无瓜,0.737,low_conf
00:25:16.48,37912,落云宗修士,余-度,0.687,low_conf
00:25:16.48,37912,落云宗修士,隆中居,0.748,low_conf
00:25:16.48,37912,落云宗修士,软洋洋,0.718,low_conf
00:25:16.48,37912,落云宗修士,多蓝资源网,0.743,low_conf
00:25:16.48,37912,落云宗修士,余黄叶,0.743,low_conf
00:25:16.48,37912,落云宗修士,苍之照,0.743,low_conf
00:25:16.48,37912,落云宗修士,龍QVO,0.637,low_conf
00:25:16.48,37912,落云宗修士,芮芙暗姬,0.723,low_conf
00:25:16.48,37912,落云宗修士,多林慧,0.626,low_conf
00:25:16.48,37912,落云宗修士,龍曦晨,0.695,low_conf
00:25:16.48,37912,落云宗修士,夕水水、,0.57,pending
00:25:16.48,37912,落云宗修士,余生久,0.551,pending
00:25:16.48,37912,落云宗修士,娄岚,0.666,low_conf
00:25:16.48,37912,落云宗修士,夕是只小兔子,0.739,low_conf
00:25:16.48,37912,落云宗修士,楼兰,0.665,low_conf
00:25:16.48,37912,落云宗修士,stu,0.606,low_conf
00:25:16.48,37912,落云宗修士,楼楼在,0.657,low_conf
00:25:16.48,37912,落云宗修士,夕炎反骨崽,0.708,low_conf
00:25:16.48,37912,落云宗修士,楼满西,0.747,low_conf
00:25:16.48,37912,落云宗修士,曹老,0.662,low_conf
00:25:16.48,37912,落云宗修士,好汉哈,0.746,low_conf
00:25:16.48,37912,落云宗修士,楼上杨,0.746,low_conf
00:25:16.48,37912,落云宗修士,夕阳西下八,0.646,low_conf
00:25:16.48,37912,落云宗修士,楼下狗,0.748,low_conf
00:25:16.48,37912,落云宗修士,bli_ 53122222238,0.744,low_conf
00:25:16.48,37912,落云宗修士,楼下七,0.686,low_conf
00:25:16.48,37912,落云宗修士,瑞瑞瑞,0.728,low_conf
00:25:16.48,37912,落云宗修士,余\生-,0.708,low_conf
00:25:16.48,37912,落云宗修士,噜噜啦,0.748,low_conf
00:25:16.48,37912,落云宗修士,兮默早,0.69,low_conf
00:25:16.48,37912,落云宗修士,曹七操,0.584,pending
00:25:16.48,37912,落云宗修士,噜噜噜,0.743,low_conf
00:25:16.48,37912,落云宗修士,兮兮若煜,0.701,low_conf
00:25:16.48,37912,落云宗修士,噜咳喵,0.59,pending
00:25:16.48,37912,落云宗修士,噜炉卤,0.746,low_conf
00:25:16.48,37912,落云宗修士,吸锡娃,0.748,low_conf
00:25:16.48,37912,落云宗修士,好佬嗨,0.723,low_conf
00:25:16.48,37912,落云宗修士,raoxia,0.729,low_conf
00:25:16.48,37912,落云宗修士,撸串侠,0.729,low_conf
00:25:16.48,37912,落云宗修士,蜀小土不土,0.666,low_conf
00:25:16.48,37912,落云宗修士,撸铁仔,0.748,low_conf
00:25:16.48,37912,落云宗修士,若风L,0.742,low_conf
00:25:16.48,37912,落云宗修士,鱼打水了,0.668,low_conf
00:25:16.48,37912,落云宗修士,ray-808,0.729,low_conf
00:25:16.48,37912,落云宗修士,草鹿八千流,0.724,low_conf
00:25:16.48,37912,落云宗修士,好慢呀,0.745,low_conf
00:25:16.48,37912,落云宗修士,卢本伟,0.724,low_conf
00:25:16.48,37912,落云宗修士,鱼非我哎,0.724,low_conf
00:25:20.16,38004,落云宗修士,卢吨,0.36,pending
00:25:20.16,38004,落云宗修士,西八男孩,0.746,low_conf
00:25:20.16,38004,落云宗修士,rc78,0.74,low_conf
00:25:20.16,38004,落云宗修士,好你个厉飞雨,0.717,low_conf
00:25:20.16,38004,落云宗修士,卢锡,0.662,low_conf
00:25:20.16,38004,落云宗修士,弱弱小白菜,0.678,low_conf
00:25:20.16,38004,落云宗修士,西班牙风笛,0.72,low_conf
00:25:20.16,38004,落云宗修士,卢动,0.164,pending
00:25:20.16,38004,落云宗修士,弱永小早朵取一,0.699,low_conf
00:25:20.16,38004,落云宗修士,草莓乳酪小饼干,0.669,low_conf
00:25:20.16,38004,落云宗修士,好让他,0.671,low_conf
00:25:20.16,38004,落云宗修士,启降大,0.209,pending
00:25:20.16,38004,落云宗修士,鱼瘦778,0.682,low_conf
00:25:20.16,38004,落云宗修士,Re-肃清,0.617,low_conf
00:25:20.16,38004,落云宗修士,好人自更,0.708,low_conf
00:25:20.16,38004,落云宗修士,卢源冰,0.353,pending
00:25:20.16,38004,落云宗修士,鸡,0.097,pending
00:25:20.16,38004,落云宗修士,鱼前黄,0.589,pending
00:25:20.16,38004,落云宗修士,Rel,0.598,pending
00:25:20.16,38004,落云宗修士,草莓熊niko201,0.719,low_conf
00:25:20.16,38004,落云宗修士,好说八更八十,0.697,low_conf
00:25:20.16,38004,落云宗修士,鲁冰,0.576,pending
00:25:20.16,38004,落云宗修士,批果,0.105,pending
00:25:20.16,38004,落云宗修士,西伯利亚种土豆,0.712,low_conf
00:25:20.16,38004,落云宗修士,鱼生慢慢,0.701,low_conf
00:25:20.16,38004,落云宗修士,草未一秋心,0.615,low_conf
00:25:20.16,38004,落云宗修士,鲁通创,0.483,pending
00:25:20.16,38004,落云宗修士,撒哈拉沙漠的秀节,0.74,low_conf
00:25:20.16,38004,落云宗修士,西格玛声卡玛卡,0.701,low_conf
00:25:20.16,38004,落云宗修士,鱼睡路便天,0.602,low_conf
00:25:20.16,38004,落云宗修士,rebslinnace,0.709,low_conf
00:25:20.16,38004,落云宗修士,量木花,0.245,pending
00:25:20.16,38004,落云宗修士,好的眠称已,0.59,pending
00:25:20.16,38004,落云宗修士,售男剑,0.333,pending
00:25:20.16,38004,落云宗修士,撒婚拉沙漠,0.687,low_conf
00:25:20.16,38004,落云宗修士,西营美联,0.385,pending
00:25:20.16,38004,落云宗修士,鱼睡,0.376,pending
00:25:20.16,38004,落云宗修士,reellentc,0.652,low_conf
00:25:20.16,38004,落云宗修士,量合班子路人内,0.586,pending
00:25:20.16,38004,落云宗修士,好痛能,0.298,pending
00:25:20.16,38004,落云宗修士,陆二拎,0.48,pending
00:25:20.16,38004,落云宗修士,撒妍,0.411,pending
00:25:20.16,38004,落云宗修士,西晨汞莎不是沙冰,0.655,low_conf
00:25:20.16,38004,落云宗修士,鱼块河粉,0.591,pending
00:25:20.16,38004,落云宗修士,RecoMecturgo,0.654,low_conf
00:25:20.16,38004,落云宗修士,量实瑞冈路,0.498,pending
00:25:20.16,38004,落云宗修士,好物快间,0.637,low_conf
00:25:20.16,38004,落云宗修士,陆专,0.391,pending
00:25:20.16,38004,落云宗修士,撒据菠革,0.525,pending
00:25:20.16,38004,落云宗修士,西瓜沙不是沙,0.446,pending
00:25:20.16,38004,落云宗修士,鱼丸洞粉在摸鱼,0.69,low_conf
00:25:20.16,38004,落云宗修士,RedBMasurao,0.72,low_conf
00:25:20.16,38004,落云宗修士,量大吧,0.236,pending
00:25:20.16,38004,落云宗修士,好物登旧名77,0.509,pending
00:25:20.16,38004,落云宗修士,陆发发,0.726,low_conf
00:25:20.16,38004,落云宗修士,撒盐波烤,0.686,low_conf
00:25:20.16,38004,落云宗修士,西瓜吃亲园的,0.637,low_conf
00:25:20.16,38004,落云宗修士,鱼丸棕在摸鱼年,0.648,low_conf
00:25:20.16,38004,落云宗修士,RedBlazetitra,0.677,low_conf
00:25:20.16,38004,落云宗修士,量原头的吗,0.54,pending
00:25:20.16,38004,落云宗修士,好想摄包买151,0.664,low_conf
00:25:20.16,38004,落云宗修士,陆鹿参,0.613,low_conf
00:25:20.16,38004,落云宗修士,撒盐,0.38,pending
00:25:20.16,38004,落云宗修士,西瓜砂冰,0.563,pending
00:25:20.16,38004,落云宗修士,鱼忘花秒朵,0.53,pending
00:25:20.16,38004,落云宗修士,孕侦的阿度达卡,0.61,low_conf
00:25:20.16,38004,落云宗修士,好想掘包,0.632,low_conf
00:25:20.16,38004,落云宗修士,陆柒Le,0.704,low_conf
00:25:20.16,38004,落云宗修士,洒羚,0.219,pending
00:25:20.16,38004,落云宗修士,西瓜刨冰,0.548,pending
00:25:20.16,38004,落云宗修士,鱼屁微微微123,0.695,low_conf
00:25:20.16,38004,落云宗修士,侧便谜阿,0.5,pending
00:25:20.16,38004,落云宗修士,好想休班啊,0.546,pending
00:25:20.16,38004,落云宗修士,陆仟60,0.668,low_conf
00:25:20.16,38004,落云宗修士,洒脱的MTI,0.665,low_conf
00:25:20.16,38004,落云宗修士,鱼虾整un,0.695,low_conf
00:25:20.16,38004,落云宗修士,侧脸更述,0.728,low_conf
00:25:20.16,38004,落云宗修士,好想休意啊,0.535,pending
00:25:20.16,38004,落云宗修士,陆轻岚,0.574,pending
00:25:20.16,38004,落云宗修士,酒脱示人,0.702,low_conf
00:25:20.16,38004,落云宗修士,西帆泽升,0.441,pending
00:25:20.16,38004,落云宗修士,鱼香rse盖tun,0.65,low_conf
00:25:20.16,38004,落云宗修士,Red情,0.684,low_conf
00:25:20.16,38004,落云宗修士,测所怪量8号,0.689,low_conf
00:25:20.16,38004,落云宗修士,好想钱政,0.481,pending
00:25:20.16,38004,落云宗修士,陆清涯,0.737,low_conf
00:25:20.16,38004,落云宗修士,洒脱一,0.595,pending
00:25:20.16,38004,落云宗修士,西郭先升,0.693,low_conf
00:25:20.16,38004,落云宗修士,鱼香肉丝,0.688,low_conf
00:25:20.16,38004,落云宗修士,测试,0.656,low_conf
00:25:20.16,38004,落云宗修士,陆权社,0.74,low_conf
00:25:20.16,38004,落云宗修士,疯y,0.251,pending
00:25:20.16,38004,落云宗修士,鱼鹅半见,0.6,low_conf
00:25:20.16,38004,落云宗修士,Reeseine,0.68,low_conf
00:25:20.16,38004,落云宗修士,泰泥山水金名在,0.495,pending
00:25:20.16,38004,落云宗修士,陆小姐,0.741,low_conf
00:25:20.16,38004,落云宗修士,讽讽吡吡,0.586,pending
00:25:20.16,38004,落云宗修士,鱼忆凡心,0.723,low_conf
00:25:20.16,38004,落云宗修士,琴溪山水今夕在,0.732,low_conf
00:25:20.16,38004,落云宗修士,好像一加一等,0.699,low_conf
00:25:20.16,38004,落云宗修士,讽砜咪,0.412,pending
00:25:20.16,38004,落云宗修士,穆或,0.436,pending
00:25:20.16,38004,落云宗修士,陆云昭,0.718,low_conf
00:25:20.16,38004,落云宗修士,鱼幼薇OVO,0.669,low_conf
00:25:20.16,38004,落云宗修士,Rei凌波,0.63,low_conf
00:25:20.16,38004,落云宗修士,好小好萌的一！,0.715,low_conf
00:25:20.16,38004,落云宗修士,陆志广,0.746,low_conf
00:25:20.16,38004,落云宗修士,萨姆咯寂奠,0.734,low_conf
00:25:20.16,38004,落云宗修士,西江江,0.721,low_conf
00:25:20.16,38004,落云宗修士,层云染,0.686,low_conf
00:25:20.16,38004,落云宗修士,西街十二少,0.734,low_conf
00:25:20.16,38004,落云宗修士,reko90,0.65,low_conf
00:25:20.16,38004,落云宗修士,鹿几丸,0.693,low_conf
00:25:20.16,38004,落云宗修士,好腰好肾好難,0.685,low_conf
00:25:20.16,38004,落云宗修士,鹿角少,0.709,low_conf
00:25:20.16,38004,落云宗修士,好一只仙气,0.721,low_conf
00:25:20.16,38004,落云宗修士,鹿鸣声,0.743,low_conf
00:25:20.16,38004,落云宗修士,鱼子酱,0.729,low_conf
00:25:20.16,38004,落云宗修士,鹿鸣の,0.651,low_conf
00:25:20.16,38004,落云宗修士,鹿人食,0.748,low_conf
00:25:20.16,38004,落云宗修士,西陵妃,0.747,low_conf
00:25:20.16,38004,落云宗修士,俞优格,0.741,low_conf
00:25:20.16,38004,落云宗修士,好运婕,0.742,low_conf
00:25:20.16,38004,落云宗修士,鹿塔塔,0.743,low_conf
00:25:20.16,38004,落云宗修士,鹿望枝,0.738,low_conf
00:25:20.16,38004,落云宗修士,ReseT_T-,0.685,low_conf
00:25:20.16,38004,落云宗修士,叉丘包,0.649,low_conf
00:25:20.16,38004,落云宗修士,禄存星,0.705,low_conf
00:25:20.16,38004,落云宗修士,赛迪OVO,0.739,low_conf
00:25:20.16,38004,落云宗修士,西血西,0.641,low_conf
00:25:20.16,38004,落云宗修士,好运戚,0.743,low_conf
00:25:20.16,38004,落云宗修士,碌碌无,0.741,low_conf
00:25:20.16,38004,落云宗修士,娱纸酱0v0,0.731,low_conf
00:25:20.16,38004,落云宗修士,渔戈、,0.562,pending
00:25:23.84,38096,落云宗修士,昊炀hy,0.678,low_conf
00:25:23.84,38096,落云宗修士,路负,0.65,low_conf
00:25:23.84,38096,落云宗修士,三川致,0.608,low_conf
00:25:23.84,38096,落云宗修士,西西霉,0.651,low_conf
00:25:23.84,38096,落云宗修士,reytj,0.582,pending
00:25:23.84,38096,落云宗修士,茶砂糖,0.745,low_conf
00:25:23.84,38096,落云宗修士,浩娇,0.665,low_conf
00:25:23.84,38096,落云宗修士,茶生树,0.747,low_conf
00:25:23.84,38096,落云宗修士,浩瀚墨,0.678,low_conf
00:25:23.84,38096,落云宗修士,Rhona.,0.748,low_conf
00:25:23.84,38096,落云宗修士,茶叶宝蛋,0.7,low_conf
00:25:23.84,38096,落云宗修士,路过的,0.745,low_conf
00:25:23.84,38096,落云宗修士,三大他爸,0.741,low_conf
00:25:23.84,38096,落云宗修士,西行小道土,0.692,low_conf
00:25:23.84,38096,落云宗修士,胰人,0.532,pending
00:25:23.84,38096,落云宗修士,西爷v1,0.694,low_conf
00:25:23.84,38096,落云宗修士,浩杰代妻妻,0.726,low_conf
00:25:23.84,38096,落云宗修士,三点星迹,0.634,low_conf
00:25:23.84,38096,落云宗修士,惠人八不鱼,0.593,pending
00:25:23.84,38096,落云宗修士,路过抢,0.645,low_conf
00:25:23.84,38096,落云宗修士,浩子凡人悟道,0.652,low_conf
00:25:23.84,38096,落云宗修士,路过围,0.67,low_conf
00:25:23.84,38096,落云宗修士,三短一长我不选,0.696,low_conf
00:25:23.84,38096,落云宗修士,愚者森森,0.652,low_conf
00:25:23.84,38096,落云宗修士,Rich 抽展,0.744,low_conf
00:25:23.84,38096,落云宗修士,拆合剂,0.745,low_conf
00:25:23.84,38096,落云宗修士,赔二月千里,0.554,pending
00:25:23.84,38096,落云宗修士,路客瘤,0.643,low_conf
00:25:23.84,38096,落云宗修士,三分投不到,0.718,low_conf
00:25:23.84,38096,落云宗修士,榆子梦,0.549,pending
00:25:23.84,38096,落云宗修士,酷max,0.592,pending
00:25:23.84,38096,落云宗修士,路陌无,0.552,pending
00:25:23.84,38096,落云宗修士,三年萌萌哒,0.373,pending
00:25:23.84,38096,落云宗修士,瑜菲鱼,0.729,low_conf
00:25:23.84,38096,落云宗修士,柴柴飞飞,0.68,low_conf
00:25:23.84,38096,落云宗修士,皓子。,0.308,pending
00:25:23.84,38096,落云宗修士,路队究,0.599,pending
00:25:23.84,38096,落云宗修士,三疯子明跳子,0.477,pending
00:25:23.84,38096,落云宗修士,西泽尔x,0.607,low_conf
00:25:23.84,38096,落云宗修士,柴可夫十基,0.711,low_conf
00:25:23.84,38096,落云宗修士,酷月澄心,0.634,low_conf
00:25:23.84,38096,落云宗修士,路人海,0.628,low_conf
00:25:23.84,38096,落云宗修士,三个蛋的强,0.561,pending
00:25:23.84,38096,落云宗修士,西字秋心,0.638,low_conf
00:25:23.84,38096,落云宗修士,瑜笠不岐声,0.612,low_conf
00:25:23.84,38096,落云宗修士,rickvd,0.651,low_conf
00:25:23.84,38096,落云宗修士,柴可天斯阿鸡,0.747,low_conf
00:25:23.84,38096,落云宗修士,赔月下的小自,0.686,low_conf
00:25:23.84,38096,落云宗修士,三个阴墨个鑫,0.658,low_conf
00:25:23.84,38096,落云宗修士,希爸希宝冲冲冲,0.747,low_conf
00:25:23.84,38096,落云宗修士,出树的猫,0.673,low_conf
00:25:23.84,38096,落云宗修士,riaf,0.605,low_conf
00:25:23.84,38096,落云宗修士,柴奈菲尔,0.65,low_conf
00:25:23.84,38096,落云宗修士,赔月幽梦,0.583,pending
00:25:23.84,38096,落云宗修士,路人中,0.636,low_conf
00:25:23.84,38096,落云宗修士,三花先,0.57,pending
00:25:23.84,38096,落云宗修士,希光之述,0.576,pending
00:25:23.84,38096,落云宗修士,度子,0.402,pending
00:25:23.84,38096,落云宗修士,柴系桂广,0.446,pending
00:25:23.84,38096,落云宗修士,暗月游侠s,0.608,low_conf
00:25:23.84,38096,落云宗修士,希脆哈ne,0.697,low_conf
00:25:23.84,38096,落云宗修士,奥生,0.181,pending
00:25:23.84,38096,落云宗修士,Rinako,0.703,low_conf
00:25:23.84,38096,落云宗修士,弹弹霜灯,0.39,pending
00:25:23.84,38096,落云宗修士,酷孕游法,0.342,pending
00:25:23.84,38096,落云宗修士,路透果,0.345,pending
00:25:23.84,38096,落云宗修士,三轮的氧竞,0.315,pending
00:25:23.84,38096,落云宗修士,希腊咔女百丽儿,0.681,low_conf
00:25:23.84,38096,落云宗修士,背景同化了,0.526,pending
00:25:23.84,38096,落云宗修士,bll60596744229,0.744,low_conf
00:25:23.84,38096,落云宗修士,祥重,0.174,pending
00:25:23.84,38096,落云宗修士,瀛Cahor,0.639,low_conf
00:25:23.84,38096,落云宗修士,路透,0.537,pending
00:25:23.84,38096,落云宗修士,三致的初音,0.734,low_conf
00:25:23.84,38096,落云宗修士,希量的骑十滩涤,0.537,pending
00:25:23.84,38096,落云宗修士,与青款向,0.268,pending
00:25:23.84,38096,落云宗修士,Roslem,0.621,low_conf
00:25:23.84,38096,落云宗修士,腻呵哒打打,0.668,low_conf
00:25:23.84,38096,落云宗修士,路伟邻,0.635,low_conf
00:25:23.84,38096,落云宗修士,三软是十分钱,0.656,low_conf
00:25:23.84,38096,落云宗修士,希净的骑,0.419,pending
00:25:23.84,38096,落云宗修士,与错邂逅,0.355,pending
00:25:23.84,38096,落云宗修士,bl61275548185,0.665,low_conf
00:25:23.84,38096,落云宗修士,Risplene,0.663,low_conf
00:25:23.84,38096,落云宗修士,国释十六夜,0.609,low_conf
00:25:23.84,38096,落云宗修士,呵呵畸和鸡尾,0.675,low_conf
00:25:23.84,38096,落云宗修士,路西法,0.621,low_conf
00:25:23.84,38096,落云宗修士,三块五用,0.543,pending
00:25:23.84,38096,落云宗修士,希洛大,0.591,pending
00:25:23.84,38096,落云宗修士,与你契遥的四月来了,0.624,low_conf
00:25:23.84,38096,落云宗修士,Risemone,0.693,low_conf
00:25:23.84,38096,落云宗修士,梅录301,0.632,low_conf
00:25:23.84,38096,落云宗修士,呵呵小栽鸡,0.547,pending
00:25:23.84,38096,落云宗修士,路小果,0.638,low_conf
00:25:23.84,38096,落云宗修士,三茶,0.219,pending
00:25:23.84,38096,落云宗修士,希望永不菠幕,0.56,pending
00:25:23.84,38096,落云宗修士,与读适的,0.391,pending
00:25:23.84,38096,落云宗修士,rusmary,0.594,pending
00:25:23.84,38096,落云宗修士,件每3天罗-木子,0.634,low_conf
00:25:23.84,38096,落云宗修士,喝杯战法,0.42,pending
00:25:23.84,38096,落云宗修士,路苑L,0.58,pending
00:25:23.84,38096,落云宗修士,三粒芝麻,0.65,low_conf
00:25:23.84,38096,落云宗修士,希墨永的洛送述,0.475,pending
00:25:23.84,38096,落云宗修士,与清风自在,0.703,low_conf
00:25:23.84,38096,落云宗修士,肠粉重多烧,0.592,pending
00:25:23.84,38096,落云宗修士,喝杯柚子酒易,0.544,pending
00:25:23.84,38096,落云宗修士,路转溪,0.674,low_conf
00:25:23.84,38096,落云宗修士,三类酸磨吃,0.315,pending
00:25:23.84,38096,落云宗修士,希希子的小迷,0.693,low_conf
00:25:23.84,38096,落云宗修士,与人间月,0.533,pending
00:25:23.84,38096,落云宗修士,roadkiler燕双度,0.744,low_conf
00:25:23.84,38096,落云宗修士,肠粉汁米效,0.479,pending
00:25:23.84,38096,落云宗修士,喝点咖啡香易,0.586,pending
00:25:23.84,38096,落云宗修士,滬雪,0.373,pending
00:25:23.84,38096,落云宗修士,希OM,0.384,pending
00:25:23.84,38096,落云宗修士,与世为安白婚怪,0.741,low_conf
00:25:23.84,38096,落云宗修士,肉肠,0.301,pending
00:25:23.84,38096,落云宗修士,喝喝是痛,0.468,pending
00:25:23.84,38096,落云宗修士,裁鬼笑,0.492,pending
00:25:23.84,38096,落云宗修士,三猫统帅酒,0.742,low_conf
00:25:23.84,38096,落云宗修士,昔时刻火,0.446,pending
00:25:23.84,38096,落云宗修士,与世无争扫怪,0.532,pending
00:25:23.84,38096,落云宗修士,Robokol,0.714,low_conf
00:25:23.84,38096,落云宗修士,量情初心is,0.721,low_conf
00:25:23.84,38096,落云宗修士,喝呼喝的哦,0.522,pending
00:25:23.84,38096,落云宗修士,璐等等,0.748,low_conf
00:25:23.84,38096,落云宗修士,喜时,0.401,pending
00:25:23.84,38096,落云宗修士,与薇尔利特同行,0.699,low_conf
00:25:23.84,38096,落云宗修士,常情初,0.647,low_conf
00:25:23.84,38096,落云宗修士,喝咖啡的憨恩,0.657,low_conf
00:25:23.84,38096,落云宗修士,璐璐大,0.746,low_conf
00:25:23.84,38096,落云宗修士,三木0428,0.729,low_conf
00:25:23.84,38096,落云宗修士,昔花,0.415,pending
00:25:23.84,38096,落云宗修士,与吾缔结契约吧,0.665,low_conf
00:25:23.84,38096,落云宗修士,常生境,0.733,low_conf
00:25:23.84,38096,落云宗修士,璐璐是,0.724,low_conf
00:25:23.84,38096,落云宗修士,析吨来胡述,0.429,pending
00:25:23.84,38096,落云宗修士,常熟第=抽家垫,0.61,low_conf
00:25:23.84,38096,落云宗修士,露林ZG,0.719,low_conf
00:25:23.84,38096,落云宗修士,与长风,0.728,low_conf
00:25:23.84,38096,落云宗修士,露切姬,0.748,low_conf
00:25:23.84,38096,落云宗修士,常月升,0.544,pending
00:25:23.84,38096,落云宗修士,露未晓,0.641,low_conf
00:25:23.84,38096,落云宗修士,三年级的陈闯,0.74,low_conf
00:25:23.84,38096,落云宗修士,息灾申鹤,0.724,low_conf
00:25:23.84,38096,落云宗修士,常在湖边飞,0.744,low_conf
00:25:23.84,38096,落云宗修士,驴表来,0.746,low_conf
00:25:23.84,38096,落云宗修士,予の深拥,0.705,low_conf
00:25:27.52,38188,落云宗修士,旅行之,0.668,low_conf
00:25:27.52,38188,落云宗修士,浙义语,0.69,low_conf
00:25:27.52,38188,落云宗修士,焯级色皮,0.725,low_conf
00:25:27.52,38188,落云宗修士,铝合金,0.749,low_conf
00:25:27.52,38188,落云宗修士,率字念,0.743,low_conf
00:25:27.52,38188,落云宗修士,禾ZMZ,0.63,low_conf
00:25:27.52,38188,落云宗修士,绿波兔,0.742,low_conf
00:25:27.52,38188,落云宗修士,超爱金毛啊,0.749,low_conf
00:25:27.52,38188,落云宗修士,禾石石,0.71,low_conf
00:25:27.52,38188,落云宗修士,绿茶道,0.747,low_conf
00:25:27.52,38188,落云宗修士,Roserr,0.662,low_conf
00:25:27.52,38188,落云宗修士,绿川纱,0.737,low_conf
00:25:27.52,38188,落云宗修士,溪海呀,0.74,low_conf
00:25:27.52,38188,落云宗修士,宇轩凌,0.741,low_conf
00:25:27.52,38188,落云宗修士,绿豆大,0.747,low_conf
00:25:27.52,38188,落云宗修士,溪流之光,0.719,low_conf
00:25:27.52,38188,落云宗修士,绿豆妮,0.716,low_conf
00:25:27.52,38188,落云宗修士,溪留向海,0.725,low_conf
00:25:27.52,38188,落云宗修士,绿辣椒,0.747,low_conf
00:25:27.52,38188,落云宗修士,三十三度风,0.744,low_conf
00:25:27.52,38188,落云宗修士,宇智波喵王,0.747,low_conf
00:25:27.52,38188,落云宗修士,绿色的,0.747,low_conf
00:25:27.52,38188,落云宗修士,合口,0.419,pending
00:25:27.52,38188,落云宗修士,绿心小,0.735,low_conf
00:25:27.52,38188,落云宗修士,三石木四,0.677,low_conf
00:25:27.52,38188,落云宗修士,氯化汐,0.723,low_conf
00:25:27.52,38188,落云宗修士,溪舟羁,0.623,low_conf
00:25:27.52,38188,落云宗修士,宇中行,0.626,low_conf
00:25:27.52,38188,落云宗修士,何必邪,0.749,low_conf
00:25:27.52,38188,落云宗修士,氯原子,0.722,low_conf
00:25:27.52,38188,落云宗修士,三水萍,0.651,low_conf
00:25:27.52,38188,落云宗修士,皙咯,0.547,pending
00:25:27.52,38188,落云宗修士,柔任安,0.621,low_conf
00:25:27.52,38188,落云宗修士,皙,0.424,pending
00:25:27.52,38188,落云宗修士,宇宙巴士,0.663,low_conf
00:25:27.52,38188,落云宗修士,柔丹丹,0.465,pending
00:25:27.52,38188,落云宗修士,熄灯,0.659,low_conf
00:25:27.52,38188,落云宗修士,超级蛋大仔W,0.748,low_conf
00:25:27.52,38188,落云宗修士,森,0.234,pending
00:25:27.52,38188,落云宗修士,宇宙第一喵喵头,0.684,low_conf
00:25:27.52,38188,落云宗修士,金乱臣,0.57,pending
00:25:27.52,38188,落云宗修士,熙UU,0.396,pending
00:25:27.52,38188,落云宗修士,宇宙尽头是正态,0.724,low_conf
00:25:27.52,38188,落云宗修士,超级刘大王,0.666,low_conf
00:25:27.52,38188,落云宗修士,何标兵,0.693,low_conf
00:25:27.52,38188,落云宗修士,三夏四,0.65,low_conf
00:25:27.52,38188,落云宗修士,宇宙拉面,0.561,pending
00:25:27.52,38188,落云宗修士,何程潘,0.632,low_conf
00:25:27.52,38188,落云宗修士,乱你量,0.556,pending
00:25:27.52,38188,落云宗修士,三小知里,0.697,low_conf
00:25:27.52,38188,落云宗修士,熙熙携携520,0.708,low_conf
00:25:27.52,38188,落云宗修士,宇宙鑫铁K,0.494,pending
00:25:27.52,38188,落云宗修士,乱你达,0.469,pending
00:25:27.52,38188,落云宗修士,三笑笑里,0.538,pending
00:25:27.52,38188,落云宗修士,全审季无敌二宝,0.591,pending
00:25:27.52,38188,落云宗修士,乱数检,0.46,pending
00:25:27.52,38188,落云宗修士,三天夫意的仙女,0.574,pending
00:25:27.52,38188,落云宗修士,嘻哈弹幕君,0.684,low_conf
00:25:27.52,38188,落云宗修士,审主质教教主,0.507,pending
00:25:27.52,38188,落云宗修士,roner蕊,0.651,low_conf
00:25:27.52,38188,落云宗修士,何大会”,0.385,pending
00:25:27.52,38188,落云宗修士,乱载虚,0.392,pending
00:25:27.52,38188,落云宗修士,三眼鱼石,0.583,pending
00:25:27.52,38188,落云宗修士,嘻哈的阿宅,0.679,low_conf
00:25:27.52,38188,落云宗修士,审无敌致爱券,0.514,pending
00:25:27.52,38188,落云宗修士,Rsaxon,0.688,low_conf
00:25:27.52,38188,落云宗修士,乱晟海,0.396,pending
00:25:27.52,38188,落云宗修士,三鱼眠海,0.452,pending
00:25:27.52,38188,落云宗修士,嘻喱嘻喱壹武叁肆,0.485,pending
00:25:27.52,38188,落云宗修士,何故化人sgbe,0.674,low_conf
00:25:27.52,38188,落云宗修士,乱星海,0.645,low_conf
00:25:27.52,38188,落云宗修士,三鲁并时,0.49,pending
00:25:27.52,38188,落云宗修士,嘻样嘻棒,0.433,pending
00:25:27.52,38188,落云宗修士,全由无敌最可爱,0.677,low_conf
00:25:27.52,38188,落云宗修士,RSUIk,0.416,pending
00:25:27.52,38188,落云宗修士,何商莉,0.318,pending
00:25:27.52,38188,落云宗修士,三月化,0.515,pending
00:25:27.52,38188,落云宗修士,嘻情0504xh,0.709,low_conf
00:25:27.52,38188,落云宗修士,手由无散级烤色,0.326,pending
00:25:27.52,38188,落云宗修士,rydkka,0.4,pending
00:25:27.52,38188,落云宗修士,超级无敌牛味暴龙战,0.738,low_conf
00:25:27.52,38188,落云宗修士,何康者,0.617,low_conf
00:25:27.52,38188,落云宗修士,三月蕨风,0.466,pending
00:25:27.52,38188,落云宗修士,手由蒸康红烧鱼,0.283,pending
00:25:27.52,38188,落云宗修士,超级无敌赛亚泰龙,0.645,low_conf
00:25:27.52,38188,落云宗修士,何女去,0.309,pending
00:25:27.52,38188,落云宗修士,乱星海,0.695,low_conf
00:25:27.52,38188,落云宗修士,三月果,0.464,pending
00:25:27.52,38188,落云宗修士,哈哈啡啡啊啊,0.448,pending
00:25:27.52,38188,落云宗修士,FROA1227,0.674,low_conf
00:25:27.52,38188,落云宗修士,超级无敌炫酷射爪,0.72,low_conf
00:25:27.52,38188,落云宗修士,乱星海！,0.637,low_conf
00:25:27.52,38188,落云宗修士,三童爱吃冰淇淋,0.643,low_conf
00:25:27.52,38188,落云宗修士,嘻嘻哈哈吼吼睡喱,0.613,low_conf
00:25:27.52,38188,落云宗修士,RubyV/红帽,0.599,pending
00:25:27.52,38188,落云宗修士,超级无敌军酷镭射米,0.608,low_conf
00:25:27.52,38188,落云宗修士,三惠爱吃冰,0.687,low_conf
00:25:27.52,38188,落云宗修士,嘻嘻哈哈哦哦嘎喉,0.62,low_conf
00:25:27.52,38188,落云宗修士,羽自影,0.595,pending
00:25:27.52,38188,落云宗修士,Ruby小帕,0.686,low_conf
00:25:27.52,38188,落云宗修士,超级敌,0.591,pending
00:25:27.52,38188,落云宗修士,乱星海,0.718,low_conf
00:25:27.52,38188,落云宗修士,三战艾韩,0.583,pending
00:25:27.52,38188,落云宗修士,嘻嘻哈哈哦哦喔喔,0.669,low_conf
00:25:27.52,38188,落云宗修士,羽薇影间,0.594,pending
00:25:27.52,38188,落云宗修士,超级小畔工,0.673,low_conf
00:25:27.52,38188,落云宗修士,何如我顾,0.512,pending
00:25:27.52,38188,落云宗修士,三只菜免怪晨险,0.485,pending
00:25:27.52,38188,落云宗修士,喝嘻哈哈吗吗食,0.369,pending
00:25:27.52,38188,落云宗修士,羽落,0.521,pending
00:25:31.20,38280,落云宗修士,略略略,0.749,low_conf
00:25:31.20,38280,落云宗修士,叁十一狼,0.717,low_conf
00:25:31.20,38280,落云宗修士,焙炭,0.43,pending
00:25:31.20,38280,落云宗修士,叁拾三画生,0.583,pending
00:25:31.20,38280,落云宗修士,曦茶猫,0.745,low_conf
00:25:31.20,38280,落云宗修士,何扬舟,0.665,low_conf
00:25:31.20,38280,落云宗修士,略略丶,0.718,low_conf
00:25:31.20,38280,落云宗修士,羽颜_墨,0.702,low_conf
00:25:31.20,38280,落云宗修士,何亦谓,0.748,low_conf
00:25:31.20,38280,落云宗修士,伦贝,0.666,low_conf
00:25:31.20,38280,落云宗修士,曦,0.499,pending
00:25:31.20,38280,落云宗修士,轮回殿,0.749,low_conf
00:25:31.20,38280,落云宗修士,伞伞√um,0.699,low_conf
00:25:31.20,38280,落云宗修士,羽翼扬,0.746,low_conf
00:25:31.20,38280,落云宗修士,何屯鴨,0.519,pending
00:25:31.20,38280,落云宗修士,文葛,0.475,pending
00:25:31.20,38280,落云宗修士,羽丶酱,0.676,low_conf
00:25:31.20,38280,落云宗修士,$_get,0.697,low_conf
00:25:31.20,38280,落云宗修士,散场暖,0.745,low_conf
00:25:31.20,38280,落云宗修士,雨道友y,0.693,low_conf
00:25:31.20,38280,落云宗修士,超脱苍茫,0.64,low_conf
00:25:31.20,38280,落云宗修士,和,0.5,pending
00:25:31.20,38280,落云宗修士,罗峰g9,0.64,low_conf
00:25:31.20,38280,落云宗修士,罗教授,0.701,low_conf
00:25:31.20,38280,落云宗修士,习雨三木,0.714,low_conf
00:25:31.20,38280,落云宗修士,和风啦,0.73,low_conf
00:25:31.20,38280,落云宗修士,罗罗诺,0.747,low_conf
00:25:31.20,38280,落云宗修士,罗马王,0.657,low_conf
00:25:31.20,38280,落云宗修士,罗纳德,0.717,low_conf
00:25:31.20,38280,落云宗修士,隔秦苏,0.679,low_conf
00:25:31.20,38280,落云宗修士,罗萨个,0.631,low_conf
00:25:31.20,38280,落云宗修士,散修古汉阳,0.748,low_conf
00:25:31.20,38280,落云宗修士,罗小黑,0.749,low_conf
00:25:31.20,38280,落云宗修士,散修-孟盟,0.727,low_conf
00:25:31.20,38280,落云宗修士,罗爷的,0.749,low_conf
00:25:31.20,38280,落云宗修士,和璞鸢,0.637,low_conf
00:25:31.20,38280,落云宗修士,罗伊德,0.749,low_conf
00:25:31.20,38280,落云宗修士,徙步,0.508,pending
00:25:31.20,38280,落云宗修士,雨后云莺,0.686,low_conf
00:25:31.20,38280,落云宗修士,罗志祥,0.746,low_conf
00:25:31.20,38280,落云宗修士,喜0南风,0.71,low_conf
00:25:31.20,38280,落云宗修士,和小亮,0.678,low_conf
00:25:31.20,38280,落云宗修士,萝卜12,0.647,low_conf
00:25:31.20,38280,落云宗修士,朝露阖慧,0.656,low_conf
00:25:31.20,38280,落云宗修士,萝卜家,0.687,low_conf
00:25:31.20,38280,落云宗修士,桑东篱00,0.574,pending
00:25:31.20,38280,落云宗修士,喜欢看书,0.71,low_conf
00:25:31.20,38280,落云宗修士,萝卜奖,0.66,low_conf
00:25:31.20,38280,落云宗修士,桑火军,0.722,low_conf
00:25:31.20,38280,落云宗修士,河北白王,0.712,low_conf
00:25:31.20,38280,落云宗修士,萝卜梦,0.528,pending
00:25:31.20,38280,落云宗修士,雨鹿隐,0.736,low_conf
00:25:31.20,38280,落云宗修士,saiiga,0.742,low_conf
00:25:31.20,38280,落云宗修士,萝卜胖,0.679,low_conf
00:25:31.20,38280,落云宗修士,柔尼哥,0.591,pending
00:25:31.20,38280,落云宗修士,喜欢吃醉虾,0.748,low_conf
00:25:31.20,38280,落云宗修士,saiing009,0.746,low_conf
00:25:31.20,38280,落云宗修士,潮海灵,0.748,low_conf
00:25:31.20,38280,落云宗修士,萝卜球,0.536,pending
00:25:31.20,38280,落云宗修士,柔其歇歇歇,0.591,pending
00:25:31.20,38280,落云宗修士,河沐紫,0.503,pending
00:25:31.20,38280,落云宗修士,梦卜是,0.375,pending
00:25:31.20,38280,落云宗修士,柔桑瑞啊,0.667,low_conf
00:25:31.20,38280,落云宗修士,潮羽汐,0.749,low_conf
00:25:31.20,38280,落云宗修士,梦,0.105,pending
00:25:31.20,38280,落云宗修士,柔柔桑叶,0.567,pending
00:25:31.20,38280,落云宗修士,萝卜学,0.327,pending
00:25:31.20,38280,落云宗修士,表离子,0.487,pending
00:25:31.20,38280,落云宗修士,河毒素,0.726,low_conf
00:25:31.20,38280,落云宗修士,萝莉狐,0.46,pending
00:25:31.20,38280,落云宗修士,骚人大黑客,0.663,low_conf
00:25:31.20,38280,落云宗修士,喜欢看大e,0.666,low_conf
00:25:31.20,38280,落云宗修士,雨落尖,0.716,low_conf
00:25:31.20,38280,落云宗修士,炒鸡交蛤蛤,0.701,low_conf
00:25:31.20,38280,落云宗修士,河指导,0.741,low_conf
00:25:31.20,38280,落云宗修士,逻利,0.162,pending
00:25:31.20,38280,落云宗修士,强洋亲,0.556,pending
00:25:31.20,38280,落云宗修士,雨落雪衣,0.657,low_conf
00:25:31.20,38280,落云宗修士,搜旗雅,0.123,pending
00:25:31.20,38280,落云宗修士,雨幕盘,0.332,pending
00:25:31.20,38280,落云宗修士,炒鱼子,0.679,low_conf
00:25:31.20,38280,落云宗修士,臻健雅,0.265,pending
00:25:31.20,38280,落云宗修士,包元,0.328,pending
00:25:31.20,38280,落云宗修士,喜欢-某人,0.658,low_conf
00:25:31.20,38280,落云宗修士,雨楠卿,0.415,pending
00:25:34.88,38372,落云宗修士,洛晨景,0.745,low_conf
00:25:34.88,38372,落云宗修士,瑟瑟“,0.559,pending
00:25:34.88,38372,落云宗修士,车太威兄,0.732,low_conf
00:25:34.88,38372,落云宗修士,盒拎央央,0.674,low_conf
00:25:34.88,38372,落云宗修士,洛川昔,0.729,low_conf
00:25:34.88,38372,落云宗修士,洛基的,0.72,low_conf
00:25:34.88,38372,落云宗修士,中团子,0.747,low_conf
00:25:34.88,38372,落云宗修士,岁,0.281,pending
00:25:34.88,38372,落云宗修士,洛基故,0.725,low_conf
00:25:34.88,38372,落云宗修士,彻辰臣,0.744,low_conf
00:25:34.88,38372,落云宗修士,贺椰啵,0.708,low_conf
00:25:34.88,38372,落云宗修士,洛琳の,0.735,low_conf
00:25:34.88,38372,落云宗修士,森碟慕斯,0.744,low_conf
00:25:34.88,38372,落云宗修士,澈_SH,0.732,low_conf
00:25:34.88,38372,落云宗修士,赫尔武,0.654,low_conf
00:25:34.88,38372,落云宗修士,洛伦兹,0.689,low_conf
00:25:34.88,38372,落云宗修士,雨夜未眠丶,0.729,low_conf
00:25:34.88,38372,落云宗修士,赫连铁树、,0.73,low_conf
00:25:34.88,38372,落云宗修士,洛伦佐,0.749,low_conf
00:25:34.88,38372,落云宗修士,澈干,0.498,pending
00:25:34.88,38372,落云宗修士,琛包包,0.628,low_conf
00:25:34.88,38372,落云宗修士,洛明晏,0.744,low_conf
00:25:34.88,38372,落云宗修士,喜勺,0.637,low_conf
00:25:34.88,38372,落云宗修士,琛西瓜,0.695,low_conf
00:25:34.88,38372,落云宗修士,鹤和兮,0.627,low_conf
00:25:34.88,38372,落云宗修士,洛某不,0.723,low_conf
00:25:34.88,38372,落云宗修士,森若望,0.749,low_conf
00:25:34.88,38372,落云宗修士,洛圣都,0.663,low_conf
00:25:34.88,38372,落云宗修士,洛誓柒,0.739,low_conf
00:25:34.88,38372,落云宗修士,黑川雪棣,0.643,low_conf
00:25:34.88,38372,落云宗修士,洛斯里,0.748,low_conf
00:25:34.88,38372,落云宗修士,森森枚,0.744,low_conf
00:25:34.88,38372,落云宗修士,喜喜妈妈,0.714,low_conf
00:25:34.88,38372,落云宗修士,雨中の乌鸦,0.743,low_conf
00:25:34.88,38372,落云宗修士,洛泰雨,0.608,low_conf
00:25:34.88,38372,落云宗修士,森曜,0.65,low_conf
00:25:34.88,38372,落云宗修士,禹桐,0.657,low_conf
00:25:34.88,38372,落云宗修士,尘灰CH,0.747,low_conf
00:25:34.88,38372,落云宗修士,黑,0.361,pending
00:25:34.88,38372,落云宗修士,洛闻|,0.567,pending
00:25:34.88,38372,落云宗修士,系豆豆嫩,0.71,low_conf
00:25:34.88,38372,落云宗修士,尘禁三,0.706,low_conf
00:25:34.88,38372,落云宗修士,洛小琳,0.747,low_conf
00:25:34.88,38372,落云宗修士,惨冥bou,0.672,low_conf
00:25:34.88,38372,落云宗修士,黑暗哮,0.539,pending
00:25:34.88,38372,落云宗修士,洛嫣ya,0.729,low_conf
00:25:34.88,38372,落云宗修士,杀伐耶,0.721,low_conf
00:25:34.88,38372,落云宗修士,细杰节,0.749,low_conf
00:25:34.88,38372,落云宗修士,语挚,0.582,pending
00:25:34.88,38372,落云宗修士,尘旧OvO,0.665,low_conf
00:25:34.88,38372,落云宗修士,洛亦活,0.747,low_conf
00:25:34.88,38372,落云宗修士,玉城Y,0.697,low_conf
00:25:34.88,38372,落云宗修士,尘趴趴,0.745,low_conf
00:25:34.88,38372,落云宗修士,洛雨洄,0.693,low_conf
00:25:34.88,38372,落云宗修士,玉渡燕,0.661,low_conf
00:25:34.88,38372,落云宗修士,尘-雾,0.739,low_conf
00:25:34.88,38372,落云宗修士,黑暗中的-—盏,0.646,low_conf
00:25:34.88,38372,落云宗修士,洛月阁,0.742,low_conf
00:25:34.88,38372,落云宗修士,细雨伤衰烟霏恨,0.738,low_conf
00:25:34.88,38372,落云宗修士,玉飞雨,0.665,low_conf
00:25:34.88,38372,落云宗修士,洛长安,0.749,low_conf
00:25:34.88,38372,落云宗修士,玉镜摇光,0.734,low_conf
00:25:34.88,38372,落云宗修士,bli 75133051328,0.747,low_conf
00:25:34.88,38372,落云宗修士,细语微尘,0.741,low_conf
00:25:34.88,38372,落云宗修士,玉兰饼,0.748,low_conf
00:25:34.88,38372,落云宗修士,黑白独日,0.737,low_conf
00:25:34.88,38372,落云宗修士,苹苹苹,0.27,pending
00:25:34.88,38372,落云宗修士,玉蘭饼,0.722,low_conf
00:25:34.88,38372,落云宗修士,臣仔-,0.626,low_conf
00:25:34.88,38372,落云宗修士,骆寒的,0.747,low_conf
00:25:34.88,38372,落云宗修士,枕梦梦,0.678,low_conf
00:25:34.88,38372,落云宗修士,骆驼不,0.747,low_conf
00:25:34.88,38372,落云宗修士,沉澈喵,0.707,low_conf
00:25:34.88,38372,落云宗修士,珞YY,0.601,low_conf
00:25:34.88,38372,落云宗修士,沉畜猿,0.73,low_conf
00:25:34.88,38372,落云宗修士,落单的！,0.601,low_conf
00:25:34.88,38372,落云宗修士,虾面狮,0.749,low_conf
00:25:34.88,38372,落云宗修士,黑蛋最喜欢啾吗,0.741,low_conf
00:25:34.88,38372,落云宗修士,落地窗,0.749,low_conf
00:25:34.88,38372,落云宗修士,沙漏D,0.696,low_conf
00:25:34.88,38372,落云宗修士,玉鸟流苏,0.727,low_conf
00:25:34.88,38372,落云宗修士,黑蝶紫,0.68,low_conf
00:25:34.88,38372,落云宗修士,沙罗樱,0.678,low_conf
00:25:34.88,38372,落云宗修士,落海先,0.729,low_conf
00:25:34.88,38372,落云宗修士,沙马哥,0.749,low_conf
00:25:34.88,38372,落云宗修士,虾菀,0.409,pending
00:25:38.56,38464,落云宗修士,sdanher,0.688,low_conf
00:25:38.56,38464,落云宗修士,沉木器,0.482,pending
00:25:38.56,38464,落云宗修士,黑风梨梦龙雪,0.693,low_conf
00:25:38.56,38464,落云宗修士,落里落,0.711,low_conf
00:25:38.56,38464,落云宗修士,纱夜汁,0.49,pending
00:25:38.56,38464,落云宗修士,便光渡,0.446,pending
00:25:38.56,38464,落云宗修士,sdbhhsc,0.738,low_conf
00:25:38.56,38464,落云宗修士,沉肤蜜五郎20763,0.739,low_conf
00:25:38.56,38464,落云宗修士,黑海守护看,0.691,low_conf
00:25:38.56,38464,落云宗修士,侠风,0.403,pending
00:25:38.56,38464,落云宗修士,sda5203,0.662,low_conf
00:25:38.56,38464,落云宗修士,黑黑的马,0.677,low_conf
00:25:38.56,38464,落云宗修士,落落下,0.745,low_conf
00:25:38.56,38464,落云宗修士,侠梦玲,0.696,low_conf
00:25:38.56,38464,落云宗修士,SDEESDV,0.749,low_conf
00:25:38.56,38464,落云宗修士,刹佳白日梦,0.64,low_conf
00:25:38.56,38464,落云宗修士,侠魔醉洛,0.68,low_conf
00:25:38.56,38464,落云宗修士,玉玉猛男,0.654,low_conf
00:25:38.56,38464,落云宗修士,沉稳大,0.64,low_conf
00:25:38.56,38464,落云宗修士,黑黑团、,0.647,low_conf
00:25:38.56,38464,落云宗修士,落寞11,0.672,low_conf
00:25:38.56,38464,落云宗修士,砂栗瓦,0.724,low_conf
00:25:38.56,38464,落云宗修士,峡谷鹿人,0.607,low_conf
00:25:38.56,38464,落云宗修士,玉子燒老,0.652,low_conf
00:25:38.56,38464,落云宗修士,沉以歌,0.673,low_conf
00:25:38.56,38464,落云宗修士,落-漠,0.658,low_conf
00:25:38.56,38464,落云宗修士,-砂与海-,0.654,low_conf
00:25:38.56,38464,落云宗修士,驭木,0.63,low_conf
00:25:38.56,38464,落云宗修士,SerEl,0.474,pending
00:25:38.56,38464,落云宗修士,沉吟孤寂,0.696,low_conf
00:25:38.56,38464,落云宗修士,黑乎乎的鸦,0.707,low_conf
00:25:38.56,38464,落云宗修士,落幕繁,0.636,low_conf
00:25:38.56,38464,落云宗修士,辰辰熠熠,0.738,low_conf
00:25:38.56,38464,落云宗修士,黑化的大叔,0.689,low_conf
00:25:38.56,38464,落云宗修士,落幕下,0.739,low_conf
00:25:38.56,38464,落云宗修士,落破年,0.747,low_conf
00:25:38.56,38464,落云宗修士,毅入狂,0.666,low_conf
00:25:38.56,38464,落云宗修士,辰时已凉,0.738,low_conf
00:25:38.56,38464,落云宗修士,黑椒呀,0.726,low_conf
00:25:38.56,38464,落云宗修士,落魄的,0.687,low_conf
00:25:38.56,38464,落云宗修士,毅設,0.634,low_conf
00:25:38.56,38464,落云宗修士,黑猫包子,0.709,low_conf
00:25:38.56,38464,落云宗修士,落人柠,0.749,low_conf
00:25:38.56,38464,落云宗修士,辰星Agr,0.69,low_conf
00:25:38.56,38464,落云宗修士,落日残,0.626,low_conf
00:25:38.56,38464,落云宗修士,落日余,0.728,low_conf
00:25:38.56,38464,落云宗修士,下山采药,0.719,low_conf
00:25:38.56,38464,落云宗修士,郁斑,0.666,low_conf
00:25:38.56,38464,落云宗修士,郁离Z,0.625,low_conf
00:25:38.56,38464,落云宗修士,陈伯越,0.716,low_conf
00:25:38.56,38464,落云宗修士,落星雨,0.713,low_conf
00:25:38.56,38464,落云宗修士,落雪の,0.742,low_conf
00:25:38.56,38464,落云宗修士,落妖狐,0.684,low_conf
00:25:38.56,38464,落云宗修士,下雨天,0.634,low_conf
00:25:38.56,38464,落云宗修士,落叶知,0.645,low_conf
00:25:38.56,38464,落云宗修士,落翼之,0.749,low_conf
00:25:38.56,38464,落云宗修士,夏朝怡,0.731,low_conf
00:25:38.56,38464,落云宗修士,落英纷,0.749,low_conf
00:25:38.56,38464,落云宗修士,夏大暴宇,0.699,low_conf
00:25:38.56,38464,落云宗修士,郁贞,0.665,low_conf
00:25:38.56,38464,落云宗修士,落樱拔,0.727,low_conf
00:25:38.56,38464,落云宗修士,陈菲娅,0.748,low_conf
00:25:38.56,38464,落云宗修士,黑山羊吖吖吖,0.696,low_conf
00:25:38.56,38464,落云宗修士,落樱の,0.735,low_conf
00:25:38.56,38464,落云宗修士,落雨碎,0.749,low_conf
00:25:38.56,38464,落云宗修士,夏宫9,0.727,low_conf
00:25:38.56,38464,落云宗修士,陈固亭,0.723,low_conf
00:25:38.56,38464,落云宗修士,狱寺集人,0.716,low_conf
00:25:38.56,38464,落云宗修士,陈光宗哦,0.706,low_conf
00:25:38.56,38464,落云宗修士,黑岩桑,0.744,low_conf
00:25:38.56,38464,落云宗修士,落月雪,0.71,low_conf
00:25:38.56,38464,落云宗修士,陈画策,0.749,low_conf
00:25:38.56,38464,落云宗修士,夏花花,0.619,low_conf
00:25:38.56,38464,落云宗修士,或荽子,0.62,low_conf
00:25:38.56,38464,落云宗修士,落云第,0.748,low_conf
00:25:38.56,38464,落云宗修士,夏卉_,0.717,low_conf
00:25:38.56,38464,落云宗修士,陈旧的花,0.725,low_conf
00:25:38.56,38464,落云宗修士,落云老,0.749,low_conf
00:25:38.56,38464,落云宗修士,山茶米,0.747,low_conf
00:25:38.56,38464,落云宗修士,陈梦浠,0.748,low_conf
00:25:38.56,38464,落云宗修士,落云-立,0.738,low_conf
00:25:38.56,38464,落云宗修士,落云宗,0.748,low_conf
00:25:38.56,38464,落云宗修士,山村小城,0.745,low_conf
00:25:38.56,38464,落云宗修士,夏柯|,0.549,pending
00:25:42.24,38556,落云宗修士,陈先yuki,0.707,low_conf
00:25:42.24,38556,落云宗修士,厘Yur,0.514,pending
00:25:42.24,38556,落云宗修士,洛会宗,0.62,low_conf
00:25:42.24,38556,落云宗修士,山东发展梨漫质,0.432,pending
00:25:42.24,38556,落云宗修士,夏是,0.207,pending
00:25:42.24,38556,落云宗修士,陈手车,0.437,pending
00:25:42.24,38556,落云宗修士,嘿√小孩,0.381,pending
00:25:42.24,38556,落云宗修士,山森楼,0.45,pending
00:25:42.24,38556,落云宗修士,复自成风,0.553,pending
00:25:42.24,38556,落云宗修士,seengFei,0.685,low_conf
00:25:42.24,38556,落云宗修士,睡哩大教,0.537,pending
00:25:42.24,38556,落云宗修士,山粉的格啊,0.558,pending
00:25:42.24,38556,落云宗修士,夏目的小娇表i,0.652,low_conf
00:25:42.24,38556,落云宗修士,sfeng,0.648,low_conf
00:25:42.24,38556,落云宗修士,陈师姐不程忘尘丹,0.646,low_conf
00:25:42.24,38556,落云宗修士,啤睡?o,0.172,pending
00:25:42.24,38556,落云宗修士,落会宗,0.43,pending
00:25:42.24,38556,落云宗修士,山至的峰前Winter,0.691,low_conf
00:25:42.24,38556,落云宗修士,夏自的的娇享将,0.536,pending
00:25:42.24,38556,落云宗修士,御坂-19091,0.659,low_conf
00:25:42.24,38556,落云宗修士,stod,0.433,pending
00:25:42.24,38556,落云宗修士,陈中妞的坏脂态,0.521,pending
00:25:42.24,38556,落云宗修士,嘿睡睡的小黑！,0.454,pending
00:25:42.24,38556,落云宗修士,山海藏深,0.736,low_conf
00:25:42.24,38556,落云宗修士,复自家的迷单,0.602,low_conf
00:25:42.24,38556,落云宗修士,御坂御坂味哟,0.625,low_conf
00:25:42.24,38556,落云宗修士,sgdishz,0.596,pending
00:25:42.24,38556,落云宗修士,陈十三的环,0.661,low_conf
00:25:42.24,38556,落云宗修士,嘿睡睡韩老素,0.275,pending
00:25:42.24,38556,落云宗修士,落云宗,0.455,pending
00:25:42.24,38556,落云宗修士,山海沉静,0.624,low_conf
00:25:42.24,38556,落云宗修士,夏自家的速需问天,0.633,low_conf
00:25:42.24,38556,落云宗修士,御玻御玻,0.375,pending
00:25:42.24,38556,落云宗修士,SGtishuxifieb,0.724,low_conf
00:25:42.24,38556,落云宗修士,陈干缘,0.594,pending
00:25:42.24,38556,落云宗修士,啤啤啤韩哈院,0.311,pending
00:25:42.24,38556,落云宗修士,落会宗,0.403,pending
00:25:42.24,38556,落云宗修士,山海枯藤,0.66,low_conf
00:25:42.24,38556,落云宗修士,夏自家,0.452,pending
00:25:42.24,38556,落云宗修士,御守烧,0.374,pending
00:25:42.24,38556,落云宗修士,sgen,0.298,pending
00:25:42.24,38556,落云宗修士,陈思缘分会,0.587,pending
00:25:42.24,38556,落云宗修士,啤喱爆啡,0.192,pending
00:25:42.24,38556,落云宗修士,落零宗,0.535,pending
00:25:42.24,38556,落云宗修士,山海寻梦不壳已远,0.742,low_conf
00:25:42.24,38556,落云宗修士,夏自特务,0.466,pending
00:25:42.24,38556,落云宗修士,御更雅发,0.333,pending
00:25:42.24,38556,落云宗修士,SG曦夕宝贝,0.723,low_conf
00:25:42.24,38556,落云宗修士,陈惠佳写,0.448,pending
00:25:42.24,38556,落云宗修士,嘿味,0.149,pending
00:25:42.24,38556,落云宗修士,落子昊,0.6,low_conf
00:25:42.24,38556,落云宗修士,夏国五条,0.409,pending
00:25:42.24,38556,落云宗修士,御惠雅布,0.537,pending
00:25:42.24,38556,落云宗修士,should,0.695,low_conf
00:25:42.24,38556,落云宗修士,陈踏实湖,0.523,pending
00:25:42.24,38556,落云宗修士,嘿每黑皮,0.548,pending
00:25:42.24,38556,落云宗修士,擦镊帝,0.497,pending
00:25:42.24,38556,落云宗修士,夏柔柔的乌喷,0.497,pending
00:25:42.24,38556,落云宗修士,陈天浪,0.496,pending
00:25:42.24,38556,落云宗修士,妈宝下,0.67,low_conf
00:25:42.24,38556,落云宗修士,御姐平天下,0.634,low_conf
00:25:42.24,38556,落云宗修士,ShaoNNN,0.272,pending
00:25:42.24,38556,落云宗修士,陈大尊呀,0.516,pending
00:25:42.24,38556,落云宗修士,嘿咻兔髪,0.506,pending
00:25:42.24,38556,落云宗修士,嬷嬷裴,0.211,pending
00:25:42.24,38556,落云宗修士,夏日光浴,0.696,low_conf
00:25:42.24,38556,落云宗修士,御姐御姐察我何,0.74,low_conf
00:25:42.24,38556,落云宗修士,陈温苏,0.724,low_conf
00:25:42.24,38556,落云宗修士,嘿-鸭鸭解于秋,0.602,low_conf
00:25:42.24,38556,落云宗修士,麻仓十,0.698,low_conf
00:25:42.24,38556,落云宗修士,御,0.302,pending
00:25:42.24,38556,落云宗修士,陈仙市,0.69,low_conf
00:25:42.24,38556,落云宗修士,嘿笑解千愁,0.582,pending
00:25:42.24,38556,落云宗修士,麻豆麻,0.749,low_conf
00:25:42.24,38556,落云宗修士,复日中往日,0.521,pending
00:25:42.24,38556,落云宗修士,陈闲章,0.729,low_conf
00:25:42.24,38556,落云宗修士,麻烦Ju,0.745,low_conf
00:25:42.24,38556,落云宗修士,山柳柳,0.666,low_conf
00:25:42.24,38556,落云宗修士,御酥妻,0.687,low_conf
00:25:42.24,38556,落云宗修士,陈小楼,0.628,low_conf
00:25:42.24,38556,落云宗修士,很大力刘,0.681,low_conf
00:25:42.24,38556,落云宗修士,麻和有,0.669,low_conf
00:25:42.24,38556,落云宗修士,山木有枝喔,0.748,low_conf
00:25:42.24,38556,落云宗修士,夏时随冬迁,0.696,low_conf
00:25:42.24,38556,落云宗修士,麻吉麻,0.719,low_conf
00:25:42.24,38556,落云宗修士,陈小芊,0.596,pending
00:25:42.24,38556,落云宗修士,很久以前,0.712,low_conf
00:25:42.24,38556,落云宗修士,麻吉牙,0.734,low_conf
00:25:42.24,38556,落云宗修士,御夜萌泷,0.689,low_conf
00:25:42.24,38556,落云宗修士,SHAOO,0.669,low_conf
00:25:42.24,38556,落云宗修士,麻椒猫,0.748,low_conf
00:25:42.24,38556,落云宗修士,夏天summer,0.7,low_conf
00:25:42.24,38556,落云宗修士,麻辣粉,0.749,low_conf
00:25:42.24,38556,落云宗修士,山少峰,0.746,low_conf
00:25:42.24,38556,落云宗修士,陈之潇,0.735,low_conf
00:25:42.24,38556,落云宗修士,麻辣小,0.742,low_conf
00:25:42.24,38556,落云宗修士,陈猪友,0.66,low_conf
00:25:42.24,38556,落云宗修士,很银月,0.748,low_conf
00:25:42.24,38556,落云宗修士,麻辣熊,0.733,low_conf
00:25:42.24,38556,落云宗修士,亨大利,0.697,low_conf
00:25:42.24,38556,落云宗修士,麻麻说,0.748,low_conf
00:25:42.24,38556,落云宗修士,亨里克韩,0.739,low_conf
00:25:42.24,38556,落云宗修士,麻尼麻,0.744,low_conf
00:25:42.24,38556,落云宗修士,山吾石武,0.734,low_conf
00:25:42.24,38556,落云宗修士,宸宸家长,0.702,low_conf
00:25:42.24,38556,落云宗修士,哼唧逸,0.637,low_conf
00:25:42.24,38556,落云宗修士,麻薯狗,0.735,low_conf
00:25:42.24,38556,落云宗修士,山無海,0.649,low_conf
00:25:42.24,38556,落云宗修士,遇终迟,0.742,low_conf
00:25:42.24,38556,落云宗修士,麻酥酥,0.749,low_conf
00:25:42.24,38556,落云宗修士,煜茜透,0.624,low_conf
00:25:42.24,38556,落云宗修士,恒河沙,0.749,low_conf
00:25:42.24,38556,落云宗修士,麻油腰,0.749,low_conf
00:25:42.24,38556,落云宗修士,山小杰,0.748,low_conf
00:25:42.24,38556,落云宗修士,夏夏夏晶晶,0.741,low_conf
00:25:42.24,38556,落云宗修士,蟆怪,0.612,low_conf
00:25:42.24,38556,落云宗修士,夏小胖！,0.62,low_conf
00:25:42.24,38556,落云宗修士,鈺颜,0.658,low_conf
00:25:42.24,38556,落云宗修士,陳拾旧,0.726,low_conf
00:25:42.24,38556,落云宗修士,马0薯灿,0.571,pending
00:25:42.24,38556,落云宗修士,山垚入旧梦,0.744,low_conf
00:25:42.24,38556,落云宗修士,横道之,0.683,low_conf
00:25:42.24,38556,落云宗修士,马车夫,0.749,low_conf
00:25:42.24,38556,落云宗修士,横扫八荒-,0.733,low_conf
00:25:42.24,38556,落云宗修士,山元青,0.748,low_conf
00:25:45.92,38648,落云宗修士,晨宇文来了,0.701,low_conf
00:25:45.92,38648,落云宗修士,红瑷,0.586,pending
00:25:45.92,38648,落云宗修士,马嘉祺,0.644,low_conf
00:25:45.92,38648,落云宗修士,出竹会雾,0.559,pending
00:25:45.92,38648,落云宗修士,shiasih,0.733,low_conf
00:25:45.92,38648,落云宗修士,晨惠爱吃糖,0.729,low_conf
00:25:45.92,38648,落云宗修士,马聚甘,0.549,pending
00:25:45.92,38648,落云宗修士,出售30,0.576,pending
00:25:45.92,38648,落云宗修士,夏与尔幼,0.494,pending
00:25:45.92,38648,落云宗修士,马克兔,0.725,low_conf
00:25:45.92,38648,落云宗修士,出山岚,0.489,pending
00:25:45.92,38648,落云宗修士,马里亚,0.49,pending
00:25:45.92,38648,落云宗修士,渊独行,0.669,low_conf
00:25:45.92,38648,落云宗修士,马类,0.425,pending
00:25:45.92,38648,落云宗修士,衫尺幽,0.421,pending
00:25:45.92,38648,落云宗修士,夏雨秋明,0.694,low_conf
00:25:45.92,38648,落云宗修士,成败哦,0.748,low_conf
00:25:45.92,38648,落云宗修士,马晓吧,0.481,pending
00:25:45.92,38648,落云宗修士,渊鼠,0.409,pending
00:25:45.92,38648,落云宗修士,马上有,0.701,low_conf
00:25:45.92,38648,落云宗修士,闪电冰山,0.425,pending
00:25:45.92,38648,落云宗修士,夏月烛,0.702,low_conf
00:25:45.92,38648,落云宗修士,元宝圆圆,0.681,low_conf
00:25:45.92,38648,落云宗修士,shirne利98,0.73,low_conf
00:25:45.92,38648,落云宗修士,马上久,0.57,pending
00:25:45.92,38648,落云宗修士,夏之岚雨,0.665,low_conf
00:25:45.92,38648,落云宗修士,元时,0.243,pending
00:25:45.92,38648,落云宗修士,红李如梦…,0.703,low_conf
00:25:45.92,38648,落云宗修士,马桶内,0.555,pending
00:25:45.92,38648,落云宗修士,闪电的屋,0.599,pending
00:25:45.92,38648,落云宗修士,夏之秋,0.64,low_conf
00:25:45.92,38648,落云宗修士,元合岛青元宫,0.68,low_conf
00:25:45.92,38648,落云宗修士,Shiro的油,0.691,low_conf
00:25:45.92,38648,落云宗修士,马糖肉,0.388,pending
00:25:45.92,38648,落云宗修士,闪电视电,0.492,pending
00:25:45.92,38648,落云宗修士,元金的三次方,0.657,low_conf
00:25:45.92,38648,落云宗修士,SHI券,0.688,low_conf
00:25:45.92,38648,落云宗修士,成都邓英俊,0.704,low_conf
00:25:45.92,38648,落云宗修士,红尘笑仙韩笑,0.656,low_conf
00:25:45.92,38648,落云宗修士,马鼎毛,0.325,pending
00:25:45.92,38648,落云宗修士,复宝,0.4,pending
00:25:45.92,38648,落云宗修士,元麦买学,0.573,pending
00:25:45.92,38648,落云宗修士,成都人苑孕,0.718,low_conf
00:25:45.92,38648,落云宗修士,红地紫月开封,0.615,low_conf
00:25:45.92,38648,落云宗修士,马米,0.323,pending
00:25:45.92,38648,落云宗修士,闪光的大泪,0.585,pending
00:25:45.92,38648,落云宗修士,元老元,0.435,pending
00:25:45.92,38648,落云宗修士,shmsion1314,0.716,low_conf
00:25:45.92,38648,落云宗修士,成哥不是大渣,0.639,low_conf
00:25:45.92,38648,落云宗修士,红地饭是六猫,0.414,pending
00:25:45.92,38648,落云宗修士,马武德,0.52,pending
00:25:45.92,38648,落云宗修士,仙灯笼,0.743,low_conf
00:25:45.92,38648,落云宗修士,元米元,0.536,pending
00:25:45.92,38648,落云宗修士,Shmily等倾心,0.726,low_conf
00:25:45.92,38648,落云宗修士,红豆喷米粥,0.458,pending
00:25:45.92,38648,落云宗修士,马妖妖,0.72,low_conf
00:25:45.92,38648,落云宗修士,闪亮维多利史,0.615,low_conf
00:25:45.92,38648,落云宗修士,仙花龙,0.571,pending
00:25:45.92,38648,落云宗修士,元米大神,0.513,pending
00:25:45.92,38648,落云宗修士,Shmily-格关,0.667,low_conf
00:25:45.92,38648,落云宗修士,成握头,0.44,pending
00:25:45.92,38648,落云宗修士,红枫忆,0.619,low_conf
00:25:45.92,38648,落云宗修士,马士,0.297,pending
00:25:45.92,38648,落云宗修士,闪亮亮的书度,0.65,low_conf
00:25:45.92,38648,落云宗修士,仙货秋一,0.66,low_conf
00:25:45.92,38648,落云宗修士,元柔大种、,0.433,pending
00:25:45.92,38648,落云宗修士,shmty-格子,0.642,low_conf
00:25:45.92,38648,落云宗修士,成轻的复读机,0.729,low_conf
00:25:45.92,38648,落云宗修士,红红子,0.601,low_conf
00:25:45.92,38648,落云宗修士,玛德,0.64,low_conf
00:25:45.92,38648,落云宗修士,闪亮亮的小饼干,0.612,low_conf
00:25:45.92,38648,落云宗修士,仙兔类著,0.332,pending
00:25:45.92,38648,落云宗修士,元奇森科机,0.639,low_conf
00:25:45.92,38648,落云宗修士,成挑猫,0.375,pending
00:25:45.92,38648,落云宗修士,玛格田,0.517,pending
00:25:45.92,38648,落云宗修士,闪肉的阿院,0.525,pending
00:25:45.92,38648,落云宗修士,仙乔等,0.416,pending
00:25:45.92,38648,落云宗修士,元气老司,0.678,low_conf
00:25:45.92,38648,落云宗修士,bil 90481531563,0.722,low_conf
00:25:45.92,38648,落云宗修士,成透猫L,0.538,pending
00:25:45.92,38648,落云宗修士,红纤,0.413,pending
00:25:45.92,38648,落云宗修士,玛卡巴,0.546,pending
00:25:45.92,38648,落云宗修士,闪耀春遥,0.55,pending
00:25:45.92,38648,落云宗修士,仙东男孩,0.515,pending
00:25:45.92,38648,落云宗修士,元双小面,0.453,pending
00:25:45.92,38648,落云宗修士,showngc,0.739,low_conf
00:25:45.92,38648,落云宗修士,红箭难抽,0.561,pending
00:25:45.92,38648,落云宗修士,蚂蚁几,0.692,low_conf
00:25:45.92,38648,落云宗修士,内耀至风,0.683,low_conf
00:25:45.92,38648,落云宗修士,仙女的拖孩,0.746,low_conf
00:25:45.92,38648,落云宗修士,元板起,0.498,pending
00:25:45.92,38648,落云宗修士,成为她,0.708,low_conf
00:25:45.92,38648,落云宗修士,红卡难抽绿-,0.698,low_conf
00:25:45.92,38648,落云宗修士,蚂蚁与,0.647,low_conf
00:25:45.92,38648,落云宗修士,扇火止沸,0.71,low_conf
00:25:45.92,38648,落云宗修士,一仙我规我顶,0.427,pending
00:25:45.92,38648,落云宗修士,元夕曲,0.378,pending
00:25:45.92,38648,落云宗修士,shutfte118,0.733,low_conf
00:25:45.92,38648,落云宗修士,承七古,0.416,pending
00:25:45.92,38648,落云宗修士,红鲤热炉,0.46,pending
00:25:45.92,38648,落云宗修士,娜宝,0.564,pending
00:25:45.92,38648,落云宗修士,仙人球,0.701,low_conf
00:25:45.92,38648,落云宗修士,诚实便古,0.461,pending
00:25:45.92,38648,落云宗修士,红莲劫焰,0.398,pending
00:25:45.92,38648,落云宗修士,埋没。,0.709,low_conf
00:25:45.92,38648,落云宗修士,善可乐,0.735,low_conf
00:25:45.92,38648,落云宗修士,仙石除员,0.452,pending
00:25:45.92,38648,落云宗修士,元瑶大玉,0.596,pending
00:25:45.92,38648,落云宗修士,shying,0.664,low_conf
00:25:45.92,38648,落云宗修士,诚实靠小郎君,0.747,low_conf
00:25:45.92,38648,落云宗修士,红林拓真,0.71,low_conf
00:25:45.92,38648,落云宗修士,埋人专,0.729,low_conf
00:25:45.92,38648,落云宗修士,仙威险见,0.656,low_conf
00:25:45.92,38648,落云宗修士,元瑶灵乳,0.716,low_conf
00:25:45.92,38648,落云宗修士,诚字当,0.485,pending
00:25:45.92,38648,落云宗修士,红领巾ht.,0.699,low_conf
00:25:45.92,38648,落云宗修士,买吉他,0.748,low_conf
00:25:45.92,38648,落云宗修士,迈克尔,0.749,low_conf
00:25:45.92,38648,落云宗修士,城光年,0.635,low_conf
00:25:45.92,38648,落云宗修士,红楼一梦W,0.728,low_conf
00:25:45.92,38648,落云宗修士,先不睡觉了,0.748,low_conf
00:25:45.92,38648,落云宗修士,SiLL.,0.424,pending
00:25:45.92,38648,落云宗修士,城重海,0.594,pending
00:25:45.92,38648,落云宗修士,红炉酷绿蚊,0.636,low_conf
00:25:45.92,38648,落云宗修士,麦城下,0.749,low_conf
00:25:45.92,38648,落云宗修士,善玲珑,0.744,low_conf
00:25:45.92,38648,落云宗修士,城南花文败,0.671,low_conf
00:25:45.92,38648,落云宗修士,麦当噢,0.741,low_conf
00:25:45.92,38648,落云宗修士,城南诗雅,0.723,low_conf
00:25:45.92,38648,落云宗修士,麦当鲨,0.748,low_conf
00:25:45.92,38648,落云宗修士,元月1,0.531,pending
00:25:45.92,38648,落云宗修士,红摩,0.622,low_conf
00:25:45.92,38648,落云宗修士,麦乐小,0.744,low_conf
00:25:45.92,38648,落云宗修士,乘风酱,0.699,low_conf
00:25:45.92,38648,落云宗修士,麦麦麦,0.723,low_conf
00:25:45.92,38648,落云宗修士,先先xx,0.599,pending
00:25:45.92,38648,落云宗修士,沅言）,0.497,pending
00:25:45.92,38648,落云宗修士,sillyioe,0.671,low_conf
00:25:45.92,38648,落云宗修士,麦麦薯,0.715,low_conf
00:25:49.60,38740,落云宗修士,红杉i,0.733,low_conf
00:25:49.60,38740,落云宗修士,卖报小,0.712,low_conf
00:25:49.60,38740,落云宗修士,砀之纪,0.605,low_conf
00:25:49.60,38740,落云宗修士,卖二手,0.709,low_conf
00:25:49.60,38740,落云宗修士,闲茶cq,0.743,low_conf
00:25:49.60,38740,落云宗修士,卖骨灰,0.743,low_conf
00:25:49.60,38740,落云宗修士,商淤六百里,0.729,low_conf
00:25:49.60,38740,落云宗修士,程丑,0.547,pending
00:25:49.60,38740,落云宗修士,卖麻汤,0.745,low_conf
00:25:49.60,38740,落云宗修士,原似,0.66,low_conf
00:25:49.60,38740,落云宗修士,卖麦麦,0.746,low_conf
00:25:49.60,38740,落云宗修士,卖萌不,0.709,low_conf
00:25:49.60,38740,落云宗修士,原墟子,0.738,low_conf
00:25:49.60,38740,落云宗修士,卖萌的,0.736,low_conf
00:25:49.60,38740,落云宗修士,上班侠,0.658,low_conf
00:25:49.60,38740,落云宗修士,-程实,0.745,low_conf
00:25:49.60,38740,落云宗修士,卖萌龙,0.709,low_conf
00:25:49.60,38740,落云宗修士,原野游侠,0.741,low_conf
00:25:49.60,38740,落云宗修士,程仕卿,0.739,low_conf
00:25:49.60,38740,落云宗修士,卖女孩,0.701,low_conf
00:25:49.60,38740,落云宗修士,闲情几许2Z7,0.726,low_conf
00:25:49.60,38740,落云宗修士,零薯饼,0.555,pending
00:25:49.60,38740,落云宗修士,Sir沫寒,0.735,low_conf
00:25:49.60,38740,落云宗修士,程小籍,0.749,low_conf
00:25:49.60,38740,落云宗修士,查鸡-m,0.391,pending
00:25:49.60,38740,落云宗修士,圆滚滚的玉er,0.731,low_conf
00:25:49.60,38740,落云宗修士,事小,0.369,pending
00:25:49.60,38740,落云宗修士,闲书虫,0.69,low_conf
00:25:49.60,38740,落云宗修士,红舞月醇,0.722,low_conf
00:25:49.60,38740,落云宗修士,慢咪,0.315,pending
00:25:49.60,38740,落云宗修士,上官麟泽,0.69,low_conf
00:25:49.60,38740,落云宗修士,闲思客,0.745,low_conf
00:25:49.60,38740,落云宗修士,激skc,0.659,low_conf
00:25:49.60,38740,落云宗修士,鳗鱼99,0.719,low_conf
00:25:49.60,38740,落云宗修士,上官诗话,0.749,low_conf
00:25:49.60,38740,落云宗修士,闲余刀,0.646,low_conf
00:25:49.60,38740,落云宗修士,圆脸小表,0.649,low_conf
00:25:49.60,38740,落云宗修士,S冰阁,0.431,pending
00:25:49.60,38740,落云宗修士,鳗鱼小,0.565,pending
00:25:49.60,38740,落云宗修士,上官梓龙,0.597,pending
00:25:49.60,38740,落云宗修士,闲鱼本娴,0.745,low_conf
00:25:49.60,38740,落云宗修士,满杯快,0.741,low_conf
00:25:49.60,38740,落云宗修士,上海陈奕讯,0.744,low_conf
00:25:49.60,38740,落云宗修士,skaroc,0.716,low_conf
00:25:49.60,38740,落云宗修士,橙·菓,0.393,pending
00:25:49.60,38740,落云宗修士,红颜落芷染,0.665,low_conf
00:25:49.60,38740,落云宗修士,满冰我,0.413,pending
00:25:49.60,38740,落云宗修士,上海黄益达,0.565,pending
00:25:49.60,38740,落云宗修士,闲云公享1985,0.71,low_conf
00:25:49.60,38740,落云宗修士,圆溜溜胖平平,0.688,low_conf
00:25:49.60,38740,落云宗修士,橙留香v,0.637,low_conf
00:25:49.60,38740,落云宗修士,红雨荡漾回忆,0.635,low_conf
00:25:49.60,38740,落云宗修士,满滑技,0.503,pending
00:25:49.60,38740,落云宗修士,上海奶味蓝,0.695,low_conf
00:25:49.60,38740,落云宗修士,闲会季树,0.674,low_conf
00:25:49.60,38740,落云宗修士,Skoky,0.603,low_conf
00:25:49.60,38740,落云宗修士,橙默呢,0.634,low_conf
00:25:49.60,38740,落云宗修士,红爽蛋糕,0.517,pending
00:25:49.60,38740,落云宗修士,满,0.432,pending
00:25:49.60,38740,落云宗修士,上靓聊味类经地义,0.688,low_conf
00:25:49.60,38740,落云宗修士,闲会钢,0.509,pending
00:25:49.60,38740,落云宗修士,SkU0917,0.647,low_conf
00:25:49.60,38740,落云宗修士,橙泥封心,0.704,low_conf
00:25:49.60,38740,落云宗修士,云海的博,0.455,pending
00:25:49.60,38740,落云宗修士,满脑冰,0.627,low_conf
00:25:49.60,38740,落云宗修士,上将达文西,0.471,pending
00:25:49.60,38740,落云宗修士,闲至,0.577,pending
00:25:49.60,38740,落云宗修士,圆斯威,0.662,low_conf
00:25:49.60,38740,落云宗修士,skyfaxi,0.71,low_conf
00:25:49.60,38740,落云宗修士,云鸿,0.55,pending
00:25:49.60,38740,落云宗修士,满盈尿,0.417,pending
00:25:49.60,38740,落云宗修士,上特归者,0.478,pending
00:25:49.60,38740,落云宗修士,孩解哟,0.586,pending
00:25:49.60,38740,落云宗修士,圆阅的一猫,0.681,low_conf
00:25:49.60,38740,落云宗修士,橙味花,0.611,low_conf
00:25:49.60,38740,落云宗修士,泌谦小友,0.557,pending
00:25:49.60,38740,落云宗修士,满月质,0.584,pending
00:25:49.60,38740,落云宗修士,上泉湖有,0.486,pending
00:25:49.60,38740,落云宗修士,孩学,0.253,pending
00:25:49.60,38740,落云宗修士,圆圆的小凋子,0.699,low_conf
00:25:49.60,38740,落云宗修士,skymine,0.615,low_conf
00:25:49.60,38740,落云宗修士,橙味,0.305,pending
00:25:49.60,38740,落云宗修士,泓泰,0.522,pending
00:25:49.60,38740,落云宗修士,满月长,0.554,pending
00:25:49.60,38740,落云宗修士,上果先春伴,0.415,pending
00:25:49.60,38740,落云宗修士,兹上落惊鸿,0.536,pending
00:25:49.60,38740,落云宗修士,青一逸,0.304,pending
00:25:49.60,38740,落云宗修士,橙之家,0.652,low_conf
00:25:49.60,38740,落云宗修士,滋福瑞雪,0.47,pending
00:25:49.60,38740,落云宗修士,曼多基,0.644,low_conf
00:25:49.60,38740,落云宗修士,上纪的我要多喝,0.714,low_conf
00:25:49.60,38740,落云宗修士,孩上洛秦秋、,0.524,pending
00:25:49.60,38740,落云宗修士,袁收瑰,0.455,pending
00:25:49.60,38740,落云宗修士,skywakercha,0.721,low_conf
00:25:49.60,38740,落云宗修士,橙知烁,0.469,pending
00:25:49.60,38740,落云宗修士,洪福阳,0.401,pending
00:25:49.60,38740,落云宗修士,曼谷夜,0.346,pending
00:25:49.60,38740,落云宗修士,孩占钟,0.402,pending
00:25:49.60,38740,落云宗修士,震野邮中,0.252,pending
00:25:49.60,38740,落云宗修士,橙孚述nppn,0.402,pending
00:25:49.60,38740,落云宗修士,红茶畸围,0.45,pending
00:25:49.60,38740,落云宗修士,曼殊,0.622,low_conf
00:25:49.60,38740,落云宗修士,上山打者,0.588,pending
00:25:49.60,38740,落云宗修士,孩目钠空,0.554,pending
00:25:49.60,38740,落云宗修士,绿野,0.605,low_conf
00:25:49.60,38740,落云宗修士,sky-费值,0.56,pending
00:25:49.60,38740,落云宗修士,橙子不是咕咕害,0.501,pending
00:25:49.60,38740,落云宗修士,红条的康子,0.704,low_conf
00:25:49.60,38740,落云宗修士,曼陀,0.599,pending
00:25:49.60,38740,落云宗修士,上山宇微水,0.589,pending
00:25:49.60,38740,落云宗修士,孩月的舍,0.525,pending
00:25:49.60,38740,落云宗修士,缘森风起666,0.749,low_conf
00:25:49.60,38740,落云宗修士,橙子朴题,0.435,pending
00:25:49.60,38740,落云宗修士,红渔的狮博白,0.565,pending
00:25:49.60,38740,落云宗修士,環乐,0.469,pending
00:25:49.60,38740,落云宗修士,上杉不知,0.659,low_conf
00:25:49.60,38740,落云宗修士,M,0.063,pending
00:25:49.60,38740,落云宗修士,缘随,0.606,low_conf
00:25:49.60,38740,落云宗修士,sky天,0.669,low_conf
00:25:49.60,38740,落云宗修士,橙子枪帆酸酸的,0.671,low_conf
00:25:49.60,38740,落云宗修士,红温,0.483,pending
00:25:49.60,38740,落云宗修士,慢慢慢,0.717,low_conf
00:25:49.60,38740,落云宗修士,上杉明,0.71,low_conf
00:25:49.60,38740,落云宗修士,咸43号,0.622,low_conf
00:25:49.60,38740,落云宗修士,缘小院,0.492,pending
00:25:49.60,38740,落云宗修士,SL星,0.562,pending
00:25:49.60,38740,落云宗修士,橙子汁松酸酸的,0.581,pending
00:25:49.60,38740,落云宗修士,红月,0.626,low_conf
00:25:49.60,38740,落云宗修士,慢慢漫,0.737,low_conf
00:25:49.60,38740,落云宗修士,上杉遥,0.56,pending
00:25:49.60,38740,落云宗修士,源ly,0.532,pending
00:25:49.60,38740,落云宗修士,橙子汁超,0.396,pending
00:25:49.60,38740,落云宗修士,紅泉1992,0.735,low_conf
00:25:49.60,38740,落云宗修士,慢慢爬,0.667,low_conf
00:25:49.60,38740,落云宗修士,上世三堂上猪,0.706,low_conf
00:25:49.60,38740,落云宗修士,咸柑橘VG,0.485,pending
00:25:49.60,38740,落云宗修士,源木思亿,0.542,pending
00:25:53.28,38832,落云宗修士,漫步百,0.738,low_conf
00:25:53.28,38832,落云宗修士,上现屋景,0.728,low_conf
00:25:53.28,38832,落云宗修士,漫步的,0.746,low_conf
00:25:53.28,38832,落云宗修士,上邪ye,0.686,low_conf
00:25:53.28,38832,落云宗修士,咸鱼糖水,0.747,low_conf
00:25:53.28,38832,落云宗修士,漫步太,0.741,low_conf
00:25:53.28,38832,落云宗修士,咸--鱼鱼,0.68,low_conf
00:25:53.28,38832,落云宗修士,甜蜜茶,0.745,low_conf
00:25:53.28,38832,落云宗修士,漫步于,0.629,low_conf
00:25:53.28,38832,落云宗修士,荷善若水,0.686,low_conf
00:25:53.28,38832,落云宗修士,丕,0.155,pending
00:25:53.28,38832,落云宗修士,漫步云,0.72,low_conf
00:25:53.28,38832,落云宗修士,远同学,0.749,low_conf
00:25:53.28,38832,落云宗修士,漫靛MD,0.5,pending
00:25:53.28,38832,落云宗修士,-尚可-,0.692,low_conf
00:25:53.28,38832,落云宗修士,猴儿,0.646,low_conf
00:25:53.28,38832,落云宗修士,漫画匠,0.709,low_conf
00:25:53.28,38832,落云宗修士,猴在固途,0.679,low_conf
00:25:53.28,38832,落云宗修士,漫山茶,0.693,low_conf
00:25:53.28,38832,落云宗修士,漫拾,0.579,pending
00:25:53.28,38832,落云宗修士,厚脸君小肆,0.709,low_conf
00:25:53.28,38832,落云宗修士,漫天诗,0.736,low_conf
00:25:53.28,38832,落云宗修士,漫舞De,0.737,low_conf
00:25:53.28,38832,落云宗修士,吃醋的醋醋,0.732,low_conf
00:25:53.28,38832,落云宗修士,蔓越莓,0.746,low_conf
00:25:53.28,38832,落云宗修士,现知,0.634,low_conf
00:25:53.28,38832,落云宗修士,远见晓,0.748,low_conf
00:25:53.28,38832,落云宗修士,bil/咚咚咚咚,0.728,low_conf
00:25:53.28,38832,落云宗修士,烧麦西,0.748,low_conf
00:25:53.28,38832,落云宗修士,現尘,0.524,pending
00:25:53.28,38832,落云宗修士,忙的没,0.748,low_conf
00:25:53.28,38832,落云宗修士,烧卖居土,0.702,low_conf
00:25:53.28,38832,落云宗修士,美仙小星梦,0.745,low_conf
00:25:53.28,38832,落云宗修士,远岫忽明嗨,0.724,low_conf
00:25:53.28,38832,落云宗修士,bili华存,0.584,pending
00:25:53.28,38832,落云宗修士,芒果爸,0.629,low_conf
00:25:53.28,38832,落云宗修士,霞雪凌空,0.727,low_conf
00:25:53.28,38832,落云宗修士,bili杰克斯坦森,0.746,low_conf
00:25:53.28,38832,落云宗修士,芒果,0.506,pending
00:25:53.28,38832,落云宗修士,韶啊韶,0.671,low_conf
00:25:53.28,38832,落云宗修士,bil乐意季,0.713,low_conf
00:25:53.28,38832,落云宗修士,芒奇一,0.439,pending
00:25:53.28,38832,落云宗修士,韶光煎,0.74,low_conf
00:25:53.28,38832,落云宗修士,乡村wtf,0.749,low_conf
00:25:53.28,38832,落云宗修士,bil麻饼,0.699,low_conf
00:25:53.28,38832,落云宗修士,芒椰糯,0.726,low_conf
00:25:53.28,38832,落云宗修士,韶山潜潜,0.706,low_conf
00:25:53.28,38832,落云宗修士,bil守护星,0.643,low_conf
00:25:53.28,38832,落云宗修士,盲里价,0.369,pending
00:25:53.28,38832,落云宗修士,少安母躁,0.695,low_conf
00:25:53.28,38832,落云宗修士,相X安,0.648,low_conf
00:25:53.28,38832,落云宗修士,bil 苏困,0.695,low_conf
00:25:53.28,38832,落云宗修士,狐媚少年,0.709,low_conf
00:25:53.28,38832,落云宗修士,荞撞小,0.523,pending
00:25:53.28,38832,落云宗修士,吃瓜的小萱萱,0.742,low_conf
00:25:53.28,38832,落云宗修士,狐泥泥,0.744,low_conf
00:25:53.28,38832,落云宗修士,荞子啃,0.305,pending
00:25:53.28,38832,落云宗修士,少年泪破晓,0.616,low_conf
00:25:53.28,38832,落云宗修士,Sonder Z,0.725,low_conf
00:25:53.28,38832,落云宗修士,鳞木吃,0.487,pending
00:25:53.28,38832,落云宗修士,吃好吃的喽暖！,0.644,low_conf
00:25:53.28,38832,落云宗修士,狐性,0.665,low_conf
00:25:53.28,38832,落云宗修士,猫ney,0.723,low_conf
00:25:53.28,38832,落云宗修士,狐鷄丸,0.506,pending
00:25:53.28,38832,落云宗修士,猫的无,0.748,low_conf
00:25:53.28,38832,落云宗修士,少山翔宇,0.685,low_conf
00:25:53.28,38832,落云宗修士,BliGrev,0.687,low_conf
00:25:53.28,38832,落云宗修士,狐璎银行,0.686,low_conf
00:25:53.28,38832,落云宗修士,猫恩老,0.738,low_conf
00:25:53.28,38832,落云宗修士,少帅草,0.61,low_conf
00:25:53.28,38832,落云宗修士,Blibilr eGo,0.607,low_conf
00:25:53.28,38832,落云宗修士,吃鸡蛋不吃蛋壳,0.728,low_conf
00:25:53.28,38832,落云宗修士,猫息m,0.578,pending
00:25:53.28,38832,落云宗修士,少头白,0.602,low_conf
00:25:53.28,38832,落云宗修士,愿你似阳光交,0.67,low_conf
00:25:53.28,38832,落云宗修士,soranyynya,0.742,low_conf
00:25:53.28,38832,落云宗修士,胡f,0.585,pending
00:25:53.28,38832,落云宗修士,猫哥炖,0.455,pending
00:25:53.28,38832,落云宗修士,bllibl1282400,0.636,low_conf
00:25:53.28,38832,落云宗修士,sor少年游,0.732,low_conf
00:25:53.28,38832,落云宗修士,吃姜糖看电影,0.723,low_conf
00:25:53.28,38832,落云宗修士,胡阿水,0.741,low_conf
00:25:53.28,38832,落云宗修士,猫哥你,0.531,pending
00:25:53.28,38832,落云宗修士,少盐沙油,0.479,pending
00:25:53.28,38832,落云宗修士,愿世界不体慢,0.394,pending
00:25:53.28,38832,落云宗修士,billill18240bag,0.556,pending
00:25:53.28,38832,落云宗修士,胡彬is1,0.732,low_conf
00:25:53.28,38832,落云宗修士,猫起升,0.31,pending
00:25:53.28,38832,落云宗修士,少则果,0.393,pending
00:25:53.28,38832,落云宗修士,愿望一定会实现,0.669,low_conf
00:25:53.28,38832,落云宗修士,bilibili薄d,0.523,pending
00:25:53.28,38832,落云宗修士,吃口自荟鱼冷静下,0.713,low_conf
00:25:53.28,38832,落云宗修士,猫狗双,0.528,pending
00:25:53.28,38832,落云宗修士,邵小,0.468,pending
00:25:53.28,38832,落云宗修士,相一的恩能,0.543,pending
00:25:53.28,38832,落云宗修士,原为四海,0.586,pending
00:25:53.28,38832,落云宗修士,bilibil作博,0.55,pending
00:25:53.28,38832,落云宗修士,猫狗,0.568,pending
00:25:53.28,38832,落云宗修士,绍兴冰夏夏,0.425,pending
00:25:53.28,38832,落云宗修士,原行,0.469,pending
00:25:53.28,38832,落云宗修士,blbi悠战,0.521,pending
00:25:53.28,38832,落云宗修士,sorrowm,0.574,pending
00:25:53.28,38832,落云宗修士,吃榴莲接吻,0.505,pending
00:25:53.28,38832,落云宗修士,胡良人,0.577,pending
00:25:53.28,38832,落云宗修士,猫会水,0.726,low_conf
00:25:53.28,38832,落云宗修士,全花尔斯真,0.391,pending
00:25:53.28,38832,落云宗修士,香菜五店,0.475,pending
00:25:53.28,38832,落云宗修士,愿存谊天常地久,0.713,low_conf
00:25:56.96,38924,落云宗修士,Bli肥仔,0.647,low_conf
00:25:56.96,38924,落云宗修士,吃面包我,0.723,low_conf
00:25:56.96,38924,落云宗修士,猫猫哈,0.749,low_conf
00:25:56.96,38924,落云宗修士,蛇精婷,0.644,low_conf
00:25:56.96,38924,落云宗修士,胡莱鸟,0.709,low_conf
00:25:56.96,38924,落云宗修士,猫猫里,0.705,low_conf
00:25:56.96,38924,落云宗修士,bili小宝,0.697,low_conf
00:25:56.96,38924,落云宗修士,bili小恶魔,0.74,low_conf
00:25:56.96,38924,落云宗修士,胡萝卜酱丫,0.732,low_conf
00:25:56.96,38924,落云宗修士,猫咪和,0.622,low_conf
00:25:56.96,38924,落云宗修士,香蕉果子哩,0.745,low_conf
00:25:56.96,38924,落云宗修士,bili元宝喵,0.705,low_conf
00:25:56.96,38924,落云宗修士,猫咪叫,0.749,low_conf
00:25:56.96,38924,落云宗修士,bili 帅,0.67,low_conf
00:25:56.96,38924,落云宗修士,胡叁告,0.672,low_conf
00:25:56.96,38924,落云宗修士,猫咪老,0.747,low_conf
00:25:56.96,38924,落云宗修士,bili 御坂美琴,0.737,low_conf
00:25:56.96,38924,落云宗修士,猫糖,0.593,pending
00:25:56.96,38924,落云宗修士,吃手的娃娃,0.739,low_conf
00:25:56.96,38924,落云宗修士,胡说宙,0.747,low_conf
00:25:56.96,38924,落云宗修士,猫,0.499,pending
00:25:56.96,38924,落云宗修士,香蕉√jaoaoao,0.744,low_conf
00:25:56.96,38924,落云宗修士,胡小刀X,0.664,low_conf
00:25:56.96,38924,落云宗修士,猫妮不,0.695,low_conf
00:25:56.96,38924,落云宗修士,猫腻的,0.724,low_conf
00:25:56.96,38924,落云宗修士,月初鸭-,0.729,low_conf
00:25:56.96,38924,落云宗修士,胡壹久,0.705,low_conf
00:25:56.96,38924,落云宗修士,猫奴一,0.677,low_conf
00:25:56.96,38924,落云宗修士,香米酒,0.717,low_conf
00:25:56.96,38924,落云宗修士,壶酒酒,0.744,low_conf
00:25:56.96,38924,落云宗修士,猫神吃,0.749,low_conf
00:25:56.96,38924,落云宗修士,月厨子,0.749,low_conf
00:25:56.96,38924,落云宗修士,壶驱,0.2,pending
00:25:56.96,38924,落云宗修士,厢里湘鸢,0.72,low_conf
00:25:56.96,38924,落云宗修士,猫头鹰,0.748,low_conf
00:25:56.96,38924,落云宗修士,猫星人,0.748,low_conf
00:25:56.96,38924,落云宗修士,香,0.499,pending
00:25:56.96,38924,落云宗修士,月孤 Z2,0.622,low_conf
00:25:56.96,38924,落云宗修士,湖未眠,0.723,low_conf
00:25:56.96,38924,落云宗修士,猫星羽,0.69,low_conf
00:25:56.96,38924,落云宗修士,月光,0.666,low_conf
00:25:56.96,38924,落云宗修士,吃鱼吗QvQ,0.726,low_conf
00:25:56.96,38924,落云宗修士,猫形白,0.72,low_conf
00:25:56.96,38924,落云宗修士,襄檀儿,0.741,low_conf
00:25:56.96,38924,落云宗修士,猫眼明,0.748,low_conf
00:25:56.96,38924,落云宗修士,祥啊大,0.745,low_conf
00:25:56.96,38924,落云宗修士,猫,0.499,pending
00:25:56.96,38924,落云宗修士,猫鱼薄,0.749,low_conf
00:25:56.96,38924,落云宗修士,祥吉诃德,0.748,low_conf
00:25:56.96,38924,落云宗修士,痴了嘻,0.748,low_conf
00:25:56.96,38924,落云宗修士,葫-鱼,0.698,low_conf
00:25:56.96,38924,落云宗修士,猫与深,0.722,low_conf
00:25:56.96,38924,落云宗修士,祥瑞之火,0.747,low_conf
00:25:56.96,38924,落云宗修士,痴灵妙绿,0.738,low_conf
00:25:56.96,38924,落云宗修士,榭栗栗,0.521,pending
00:25:56.96,38924,落云宗修士,猫仲夏,0.743,low_conf
00:25:56.96,38924,落云宗修士,sSSSCK,0.542,pending
00:25:56.96,38924,落云宗修士,猫专插,0.395,pending
00:25:56.96,38924,落云宗修士,bigfh,0.622,low_conf
00:25:56.96,38924,落云宗修士,痴燕,0.643,low_conf
00:25:56.96,38924,落云宗修士,猫MO,0.689,low_conf
00:25:56.96,38924,落云宗修士,翔太杰,0.539,pending
00:25:56.96,38924,落云宗修士,sswiwsss,0.66,low_conf
00:25:56.96,38924,落云宗修士,毛C,0.411,pending
00:25:56.96,38924,落云宗修士,谁说小羊只会吖畔！,0.748,low_conf
00:25:56.96,38924,落云宗修士,糊小鹅,0.746,low_conf
00:25:56.96,38924,落云宗修士,毛多多,0.744,low_conf
00:25:56.96,38924,落云宗修士,申屠寅夜,0.735,low_conf
00:25:56.96,38924,落云宗修士,月见妖、,0.698,low_conf
00:25:56.96,38924,落云宗修士,毛谷容,0.568,pending
00:25:56.96,38924,落云宗修士,灿荔喆,0.46,pending
00:25:56.96,38924,落云宗修士,月煜然,0.561,pending
00:25:56.96,38924,落云宗修士,ssxeo,0.641,low_conf
00:25:56.96,38924,落云宗修士,毛利示,0.599,pending
00:25:56.96,38924,落云宗修士,灿祺塑,0.42,pending
00:25:56.96,38924,落云宗修士,毛毛M,0.504,pending
00:25:56.96,38924,落云宗修士,身跋青云梯,0.676,low_conf
00:25:56.96,38924,落云宗修士,毛毛电,0.726,low_conf
00:25:56.96,38924,落云宗修士,月亮干饭、,0.689,low_conf
00:25:56.96,38924,落云宗修士,虎纹瓜,0.742,low_conf
00:25:56.96,38924,落云宗修士,毛毛匙,0.694,low_conf
00:26:00.64,39016,落云宗修士,虎子AI,0.642,low_conf
00:26:00.64,39016,落云宗修士,毛茸茸,0.717,low_conf
00:26:00.64,39016,落云宗修士,绅士宾,0.647,low_conf
00:26:00.64,39016,落云宗修士,巴口文口芽,0.476,pending
00:26:00.64,39016,落云宗修士,毛绒绒,0.749,low_conf
00:26:00.64,39016,落云宗修士,行行年,0.439,pending
00:26:00.64,39016,落云宗修士,毛斯坦,0.748,low_conf
00:26:00.64,39016,落云宗修士,麦火,0.37,pending
00:26:00.64,39016,落云宗修士,毛丫S,0.524,pending
00:26:00.64,39016,落云宗修士,毛衣骑,0.749,low_conf
00:26:00.64,39016,落云宗修士,月琉染,0.621,low_conf
00:26:00.64,39016,落云宗修士,毛,0.485,pending
00:26:00.64,39016,落云宗修士,矛-盾,0.633,low_conf
00:26:00.64,39016,落云宗修士,想叼奶嘴,0.691,low_conf
00:26:00.64,39016,落云宗修士,矛盾的,0.715,low_conf
00:26:00.64,39016,落云宗修士,想钓虾的猫,0.743,low_conf
00:26:00.64,39016,落云宗修士,月落无砀i,0.648,low_conf
00:26:00.64,39016,落云宗修士,蠡剌,0.344,pending
00:26:00.64,39016,落云宗修士,深海晶晶,0.662,low_conf
00:26:00.64,39016,落云宗修士,花斑猫,0.747,low_conf
00:26:00.64,39016,落云宗修士,卯月初,0.554,pending
00:26:00.64,39016,落云宗修士,月明缺,0.749,low_conf
00:26:00.64,39016,落云宗修士,赤梦如今,0.733,low_conf
00:26:00.64,39016,落云宗修士,茂子变,0.749,low_conf
00:26:00.64,39016,落云宗修士,月陌風色,0.706,low_conf
00:26:00.64,39016,落云宗修士,赤木初,0.737,low_conf
00:26:00.64,39016,落云宗修士,冒冒学,0.732,low_conf
00:26:00.64,39016,落云宗修士,月木--,0.647,low_conf
00:26:00.64,39016,落云宗修士,冒险扶,0.74,low_conf
00:26:00.64,39016,落云宗修士,深空不在,0.719,low_conf
00:26:00.64,39016,落云宗修士,冒险嘎,0.747,low_conf
00:26:00.64,39016,落云宗修士,月七呀,0.749,low_conf
00:26:00.64,39016,落云宗修士,赤影-,0.686,low_conf
00:26:00.64,39016,落云宗修士,花到哪玲度,0.744,low_conf
00:26:00.64,39016,落云宗修士,冒险家,0.747,low_conf
00:26:00.64,39016,落云宗修士,月青豆,0.747,low_conf
00:26:00.64,39016,落云宗修士,老真,0.59,pending
00:26:00.64,39016,落云宗修士,炽热祥,0.748,low_conf
00:26:00.64,39016,落云宗修士,帽子超,0.665,low_conf
00:26:00.64,39016,落云宗修士,月色下的告自,0.736,low_conf
00:26:00.64,39016,落云宗修士,帽子大,0.748,low_conf
00:26:00.64,39016,落云宗修士,么得钱,0.746,low_conf
00:26:00.64,39016,落云宗修士,炽小星,0.747,low_conf
00:26:00.64,39016,落云宗修士,么得意,0.749,low_conf
00:26:00.64,39016,落云宗修士,么么菜,0.73,low_conf
00:26:00.64,39016,落云宗修士,么么嗒,0.739,low_conf
00:26:00.64,39016,落云宗修士,没必要,0.747,low_conf
00:26:00.64,39016,落云宗修士,Sugilite,0.741,low_conf
00:26:00.64,39016,落云宗修士,冲个mao00,0.714,low_conf
00:26:00.64,39016,落云宗修士,没病的,0.746,low_conf
00:26:00.64,39016,落云宗修士,月下听蹄,0.699,low_conf
00:26:00.64,39016,落云宗修士,冲击心,0.748,low_conf
00:26:00.64,39016,落云宗修士,没不吧,0.749,low_conf
00:26:00.64,39016,落云宗修士,没菜扣,0.68,low_conf
00:26:00.64,39016,落云宗修士,没错二是,0.663,low_conf
00:26:00.64,39016,落云宗修士,没错我,0.748,low_conf
00:26:00.64,39016,落云宗修士,冲田總司,0.747,low_conf
00:26:00.64,39016,落云宗修士,没-打-,0.706,low_conf
00:26:00.64,39016,落云宗修士,深渊墨客,0.736,low_conf
00:26:00.64,39016,落云宗修士,月行夜,0.748,low_conf
00:26:00.64,39016,落云宗修士,虫虫单,0.741,low_conf
00:26:00.64,39016,落云宗修士,没带摩,0.748,low_conf
00:26:00.64,39016,落云宗修士,深渊之水,0.671,low_conf
00:26:04.32,39108,落云宗修士,suncalm,0.529,pending
00:26:04.32,39108,落云宗修士,没钥有,0.555,pending
00:26:04.32,39108,落云宗修士,什么id才有个性,0.667,low_conf
00:26:04.32,39108,落云宗修士,想感宝拉学习,0.531,pending
00:26:04.32,39108,落云宗修士,Suncew,0.642,low_conf
00:26:04.32,39108,落云宗修士,由氧瓷,0.099,pending
00:26:04.32,39108,落云宗修士,没钱真,0.743,low_conf
00:26:04.32,39108,落云宗修士,什么胎射有个性,0.611,low_conf
00:26:04.32,39108,落云宗修士,向成主,0.446,pending
00:26:04.32,39108,落云宗修士,惯米智乃,0.482,pending
00:26:04.32,39108,落云宗修士,没人叫,0.551,pending
00:26:04.32,39108,落云宗修士,什么脆脏呀,0.639,low_conf
00:26:04.32,39108,落云宗修士,向晟机,0.376,pending
00:26:04.32,39108,落云宗修士,月影知态,0.545,pending
00:26:04.32,39108,落云宗修士,铜代怪者,0.243,pending
00:26:04.32,39108,落云宗修士,花井满江楼人,0.712,low_conf
00:26:04.32,39108,落云宗修士,没伟大,0.573,pending
00:26:04.32,39108,落云宗修士,什么东东6点,0.598,pending
00:26:04.32,39108,落云宗修士,向量机，,0.65,low_conf
00:26:04.32,39108,落云宗修士,月喝微凉身,0.472,pending
00:26:04.32,39108,落云宗修士,suneko.,0.71,low_conf
00:26:04.32,39108,落云宗修士,谁都迷塑,0.367,pending
00:26:04.32,39108,落云宗修士,花型雄见,0.564,pending
00:26:04.32,39108,落云宗修士,没事儿,0.725,low_conf
00:26:04.32,39108,落云宗修士,什么都剪亿点,0.621,low_conf
00:26:04.32,39108,落云宗修士,向销看向厚赚——,0.534,pending
00:26:04.32,39108,落云宗修士,月圆会变身,0.649,low_conf
00:26:04.32,39108,落云宗修士,歌谁都述粉,0.503,pending
00:26:04.32,39108,落云宗修士,花梨女理,0.464,pending
00:26:04.32,39108,落云宗修士,没事就,0.746,low_conf
00:26:04.32,39108,落云宗修士,向钱看回厚赚百主,0.478,pending
00:26:04.32,39108,落云宗修士,月月帆有,0.5,pending
00:26:04.32,39108,落云宗修士,臭臭小花,0.273,pending
00:26:04.32,39108,落云宗修士,没事没,0.743,low_conf
00:26:04.32,39108,落云宗修士,什么都是跪,0.726,low_conf
00:26:04.32,39108,落云宗修士,Sunny凤鸣,0.731,low_conf
00:26:04.32,39108,落云宗修士,臭狗小猫成圣了吗,0.739,low_conf
00:26:04.32,39108,落云宗修士,花落人终断肠,0.736,low_conf
00:26:04.32,39108,落云宗修士,没手机,0.706,low_conf
00:26:04.32,39108,落云宗修士,向日葵含的！,0.545,pending
00:26:04.32,39108,落云宗修士,莫脸今大成吗,0.503,pending
00:26:04.32,39108,落云宗修士,花溶水,0.647,low_conf
00:26:04.32,39108,落云宗修士,没睡醒,0.746,low_conf
00:26:04.32,39108,落云宗修士,月陨轮口,0.615,low_conf
00:26:04.32,39108,落云宗修士,花满粥,0.742,low_conf
00:26:04.32,39108,落云宗修士,没头脑,0.636,low_conf
00:26:04.32,39108,落云宗修士,向无会,0.679,low_conf
00:26:04.32,39108,落云宗修士,月照清凤,0.68,low_conf
00:26:04.32,39108,落云宗修士,花某爱牛,0.655,low_conf
00:26:04.32,39108,落云宗修士,没心没,0.745,low_conf
00:26:04.32,39108,落云宗修士,什么岐,0.562,pending
00:26:04.32,39108,落云宗修士,向阳而舞步励,0.732,low_conf
00:26:04.32,39108,落云宗修士,花崎莜葉,0.675,low_conf
00:26:04.32,39108,落云宗修士,月知北,0.749,low_conf
00:26:04.32,39108,落云宗修士,花干梨,0.679,low_conf
00:26:04.32,39108,落云宗修士,没腰的,0.734,low_conf
00:26:04.32,39108,落云宗修士,月家彦,0.472,pending
00:26:04.32,39108,落云宗修士,没有ID,0.724,low_conf
00:26:04.32,39108,落云宗修士,月中选,0.658,low_conf
00:26:04.32,39108,落云宗修士,出鞘,0.664,low_conf
00:26:04.32,39108,落云宗修士,花桥R,0.678,low_conf
00:26:04.32,39108,落云宗修士,没有比,0.749,low_conf
00:26:04.32,39108,落云宗修士,向着心,0.691,low_conf
00:26:04.32,39108,落云宗修士,炔冤,0.396,pending
00:26:04.32,39108,落云宗修士,初可,0.373,pending
00:26:04.32,39108,落云宗修士,没有橙,0.742,low_conf
00:26:04.32,39108,落云宗修士,神Sce,0.7,low_conf
00:26:04.32,39108,落云宗修士,巷伯侈分,0.635,low_conf
00:26:04.32,39108,落云宗修士,花娣燃,0.582,pending
00:26:04.32,39108,落云宗修士,没有反,0.747,low_conf
00:26:04.32,39108,落云宗修士,btla,0.702,low_conf
00:26:04.32,39108,落云宗修士,花沙弥,0.725,low_conf
00:26:04.32,39108,落云宗修士,没有饭,0.749,low_conf
00:26:04.32,39108,落云宗修士,神川,0.657,low_conf
00:26:04.32,39108,落云宗修士,玥柒行,0.748,low_conf
00:26:04.32,39108,落云宗修士,没有活,0.727,low_conf
00:26:04.32,39108,落云宗修士,象惠yo,0.745,low_conf
00:26:04.32,39108,落云宗修士,没有脚,0.739,low_conf
00:26:04.32,39108,落云宗修士,悦见酒,0.66,low_conf
00:26:04.32,39108,落云宗修士,初一沫,0.705,low_conf
00:26:04.32,39108,落云宗修士,没有空,0.749,low_conf
00:26:04.32,39108,落云宗修士,SUN羊吖吖吖,0.726,low_conf
00:26:04.32,39108,落云宗修士,没有名,0.744,low_conf
00:26:04.32,39108,落云宗修士,像泳圈鼬,0.629,low_conf
00:26:04.32,39108,落云宗修士,没有情,0.675,low_conf
00:26:04.32,39108,落云宗修士,悦璃灵潇,0.74,low_conf
00:26:04.32,39108,落云宗修士,没有人,0.747,low_conf
00:26:04.32,39108,落云宗修士,神弗晓,0.701,low_conf
00:26:04.32,39108,落云宗修士,粤亭馆馆,0.691,low_conf
00:26:04.32,39108,落云宗修士,初五-——,0.454,pending
00:26:04.32,39108,落云宗修士,枭与懿,0.733,low_conf
00:26:04.32,39108,落云宗修士,没有心,0.749,low_conf
00:26:04.32,39108,落云宗修士,宵伯特,0.648,low_conf
00:26:04.32,39108,落云宗修士,越夏呢,0.743,low_conf
00:26:04.32,39108,落云宗修士,宵文,0.648,low_conf
00:26:04.32,39108,落云宗修士,越渊渊,0.748,low_conf
00:26:04.32,39108,落云宗修士,没有再,0.737,low_conf
00:26:04.32,39108,落云宗修士,神虫,0.666,low_conf
00:26:04.32,39108,落云宗修士,樾樾侠,0.739,low_conf
00:26:04.32,39108,落云宗修士,木行子,0.69,low_conf
00:26:04.32,39108,落云宗修士,没有早,0.748,low_conf
00:26:04.32,39108,落云宗修士,神极熙,0.742,low_conf
00:26:04.32,39108,落云宗修士,除青去白,0.713,low_conf
00:26:04.32,39108,落云宗修士,花颜小兮,0.714,low_conf
00:26:04.32,39108,落云宗修士,没招了,0.559,pending
00:26:08.00,39200,落云宗修士,Byound,0.676,low_conf
00:26:08.00,39200,落云宗修士,surpgss是非,0.747,low_conf
00:26:08.00,39200,落云宗修士,楚蛋三湖,0.65,low_conf
00:26:08.00,39200,落云宗修士,花煜の花,0.65,low_conf
00:26:08.00,39200,落云宗修士,玫瑰染,0.731,low_conf
00:26:08.00,39200,落云宗修士,神餐火绒,0.614,low_conf
00:26:08.00,39200,落云宗修士,逍遥OvO哥哥,0.68,low_conf
00:26:08.00,39200,落云宗修士,byouo,0.415,pending
00:26:08.00,39200,落云宗修士,花园里的伊芙,0.696,low_conf
00:26:08.00,39200,落云宗修士,玫瑰与,0.639,low_conf
00:26:08.00,39200,落云宗修士,神临Ihx,0.576,pending
00:26:08.00,39200,落云宗修士,b男真的大,0.578,pending
00:26:08.00,39200,落云宗修士,楚小听,0.583,pending
00:26:08.00,39200,落云宗修士,花铖大少,0.659,low_conf
00:26:08.00,39200,落云宗修士,玫瑰奇,0.364,pending
00:26:08.00,39200,落云宗修士,神灵的崔希丝,0.62,low_conf
00:26:08.00,39200,落云宗修士,逍遥渡平生,0.735,low_conf
00:26:08.00,39200,落云宗修士,会村在吟游,0.748,low_conf
00:26:08.00,39200,落云宗修士,6辅治,0.237,pending
00:26:08.00,39200,落云宗修士,楚宇,0.661,low_conf
00:26:08.00,39200,落云宗修士,花会卷,0.584,pending
00:26:08.00,39200,落云宗修士,肩自的,0.385,pending
00:26:08.00,39200,落云宗修士,神龙的生布,0.498,pending
00:26:08.00,39200,落云宗修士,会大6,0.515,pending
00:26:08.00,39200,落云宗修士,6桃,0.364,pending
00:26:08.00,39200,落云宗修士,楚雨,0.639,low_conf
00:26:08.00,39200,落云宗修士,花荟yovo,0.635,low_conf
00:26:08.00,39200,落云宗修士,肩告,0.139,pending
00:26:08.00,39200,落云宗修士,神龙呵车谱,0.333,pending
00:26:08.00,39200,落云宗修士,逍遥,0.627,low_conf
00:26:08.00,39200,落云宗修士,会丹卷心菜,0.636,low_conf
00:26:08.00,39200,落云宗修士,B兔,0.582,pending
00:26:08.00,39200,落云宗修士,suse？,0.418,pending
00:26:08.00,39200,落云宗修士,楚生[1111,0.591,pending
00:26:08.00,39200,落云宗修士,花仲有梦,0.649,low_conf
00:26:08.00,39200,落云宗修士,肩先困,0.189,pending
00:26:08.00,39200,落云宗修士,神私德密计,0.441,pending
00:26:08.00,39200,落云宗修士,云洗路遥米23,0.568,pending
00:26:08.00,39200,落云宗修士,SU9,0.261,pending
00:26:08.00,39200,落云宗修士,触碰属宇,0.517,pending
00:26:08.00,39200,落云宗修士,花炮,0.399,pending
00:26:08.00,39200,落云宗修士,信最的,0.386,pending
00:26:08.00,39200,落云宗修士,神秘微哈哈,0.358,pending
00:26:08.00,39200,落云宗修士,逍遥叔,0.488,pending
00:26:08.00,39200,落云宗修士,云淡眉棒1106,0.708,low_conf
00:26:08.00,39200,落云宗修士,Suu思呆辣,0.538,pending
00:26:08.00,39200,落云宗修士,触习得,0.519,pending
00:26:08.00,39200,落云宗修士,花力联素-花力,0.656,low_conf
00:26:08.00,39200,落云宗修士,每莓的,0.45,pending
00:26:08.00,39200,落云宗修士,云淡刀洗,0.42,pending
00:26:08.00,39200,落云宗修士,B站靓电,0.49,pending
00:26:08.00,39200,落云宗修士,SU埃思柔,0.551,pending
00:26:08.00,39200,落云宗修士,龙帮首席张三,0.747,low_conf
00:26:08.00,39200,落云宗修士,华呷咪啡,0.264,pending
00:26:08.00,39200,落云宗修士,梅非托,0.658,low_conf
00:26:08.00,39200,落云宗修士,神秘的猫管家A,0.727,low_conf
00:26:08.00,39200,落云宗修士,追X任是肥,0.513,pending
00:26:08.00,39200,落云宗修士,云类注,0.208,pending
00:26:08.00,39200,落云宗修士,B站靓坤芯,0.681,low_conf
00:26:08.00,39200,落云宗修士,最吃棉花糖,0.54,pending
00:26:08.00,39200,落云宗修士,华懂的婚礼,0.627,low_conf
00:26:08.00,39200,落云宗修士,梅伙计,0.733,low_conf
00:26:08.00,39200,落云宗修士,神秘的陷生,0.722,low_conf
00:26:08.00,39200,落云宗修士,狼霸烟断,0.409,pending
00:26:08.00,39200,落云宗修士,云朵溪淇,0.279,pending
00:26:08.00,39200,落云宗修士,SW23280028,0.738,low_conf
00:26:08.00,39200,落云宗修士,最口化,0.311,pending
00:26:08.00,39200,落云宗修士,华是婚呆？,0.327,pending
00:26:08.00,39200,落云宗修士,梅林坨,0.694,low_conf
00:26:08.00,39200,落云宗修士,糖试湿烟和韩天首,0.548,pending
00:26:08.00,39200,落云宗修士,云姚然,0.323,pending
00:26:08.00,39200,落云宗修士,B站-牛牛先,0.677,low_conf
00:26:08.00,39200,落云宗修士,sw32001028,0.736,low_conf
00:26:08.00,39200,落云宗修士,华华具化,0.432,pending
00:26:08.00,39200,落云宗修士,梅林羽,0.692,low_conf
00:26:08.00,39200,落云宗修士,神秒爽,0.449,pending
00:26:08.00,39200,落云宗修士,萧悦,0.35,pending
00:26:08.00,39200,落云宗修士,云排止,0.376,pending
00:26:08.00,39200,落云宗修士,川谷小子海,0.577,pending
00:26:08.00,39200,落云宗修士,华年是,0.56,pending
00:26:08.00,39200,落云宗修士,梅琳娜,0.744,low_conf
00:26:08.00,39200,落云宗修士,神朵姐姐鹅,0.636,low_conf
00:26:08.00,39200,落云宗修士,萧近水,0.518,pending
00:26:08.00,39200,落云宗修士,云极不让,0.233,pending
00:26:08.00,39200,落云宗修士,B站下月,0.682,low_conf
00:26:08.00,39200,落云宗修士,swagdyh,0.688,low_conf
00:26:08.00,39200,落云宗修士,川里邦学皮,0.526,pending
00:26:08.00,39200,落云宗修士,华强和瓜点,0.644,low_conf
00:26:08.00,39200,落云宗修士,梅岭瑞,0.739,low_conf
00:26:08.00,39200,落云宗修士,肃近水董,0.508,pending
00:26:08.00,39200,落云宗修士,云哈酒,0.163,pending
00:26:08.00,39200,落云宗修士,川種,0.455,pending
00:26:08.00,39200,落云宗修士,华强和盛,0.547,pending
00:26:08.00,39200,落云宗修士,梅梅z,0.61,low_conf
00:26:08.00,39200,落云宗修士,神奇的蘑磨,0.748,low_conf
00:26:08.00,39200,落云宗修士,萧本制,0.331,pending
00:26:08.00,39200,落云宗修士,云间酒人,0.732,low_conf
00:26:08.00,39200,落云宗修士,B醉死,0.746,low_conf
00:26:08.00,39200,落云宗修士,川棵金芝,0.579,pending
00:26:08.00,39200,落云宗修士,华容硕哥部,0.659,low_conf
00:26:08.00,39200,落云宗修士,梅森W,0.694,low_conf
00:26:08.00,39200,落云宗修士,神奇的丝瓜！,0.748,low_conf
00:26:08.00,39200,落云宗修士,萧起歌浮,0.645,low_conf
00:26:08.00,39200,落云宗修士,云间鹿人,0.651,low_conf
00:26:08.00,39200,落云宗修士,C三七,0.44,pending
00:26:08.00,39200,落云宗修士,川味金猪饼,0.526,pending
00:26:08.00,39200,落云宗修士,华瑞街之吉,0.696,low_conf
00:26:08.00,39200,落云宗修士,梅书鸢,0.56,pending
00:26:08.00,39200,落云宗修士,萧强歌,0.6,low_conf
00:26:08.00,39200,落云宗修士,云间宿QAQ,0.715,low_conf
00:26:08.00,39200,落云宗修士,sweetheartl,0.744,low_conf
00:26:08.00,39200,落云宗修士,华等就是发声,0.628,low_conf
00:26:08.00,39200,落云宗修士,梅舒博,0.749,low_conf
00:26:08.00,39200,落云宗修士,萧晴城,0.56,pending
00:26:08.00,39200,落云宗修士,云间绚源,0.744,low_conf
00:26:08.00,39200,落云宗修士,川渝第,0.71,low_conf
00:26:08.00,39200,落云宗修士,梅天理,0.684,low_conf
00:26:08.00,39200,落云宗修士,神奇君二点也不神香,0.727,low_conf
00:26:08.00,39200,落云宗修士,云近喜远,0.687,low_conf
00:26:08.00,39200,落云宗修士,川再,0.28,pending
00:26:08.00,39200,落云宗修士,梅小枝,0.746,low_conf
00:26:08.00,39200,落云宗修士,云鲸航哦,0.7,low_conf
00:26:08.00,39200,落云宗修士,华子的呀,0.716,low_conf
00:26:08.00,39200,落云宗修士,梅有对,0.736,low_conf
00:26:08.00,39200,落云宗修士,萧山吴彦祖,0.745,low_conf
00:26:08.00,39200,落云宗修士,云景乡,0.656,low_conf
00:26:08.00,39200,落云宗修士,穿自大褂很CO,0.526,pending
00:26:08.00,39200,落云宗修士,滑稽树梢,0.667,low_conf
00:26:08.00,39200,落云宗修士,梅予春,0.727,low_conf
00:26:08.00,39200,落云宗修士,云婆,0.563,pending
00:26:08.00,39200,落云宗修士,CA,0.546,pending
00:26:08.00,39200,落云宗修士,化杆成剑,0.73,low_conf
00:26:08.00,39200,落云宗修士,梅者仁,0.745,low_conf
00:26:08.00,39200,落云宗修士,云浪,0.659,low_conf
00:26:08.00,39200,落云宗修士,梅真人,0.717,low_conf
00:26:08.00,39200,落云宗修士,神求死,0.749,low_conf
00:26:08.00,39200,落云宗修士,云蕾儿,0.73,low_conf
00:26:08.00,39200,落云宗修士,梅子止,0.737,low_conf
00:26:08.00,39200,落云宗修士,萧萧夜语,0.739,low_conf
00:26:08.00,39200,落云宗修士,Cale-L,0.727,low_conf
00:26:08.00,39200,落云宗修士,煤矿厂,0.749,low_conf
00:26:08.00,39200,落云宗修士,萧萧雨歇抬望谣,0.687,low_conf
00:26:08.00,39200,落云宗修士,煤球几,0.743,low_conf
00:26:08.00,39200,落云宗修士,煤用的,0.713,low_conf
00:26:08.00,39200,落云宗修士,神圣“风暴,0.738,low_conf
00:26:08.00,39200,落云宗修士,萧交K,0.61,low_conf
00:26:08.00,39200,落云宗修士,化羽e,0.732,low_conf
00:26:08.00,39200,落云宗修士,酶男子,0.691,low_conf
00:26:08.00,39200,落云宗修士,萧懿风,0.742,low_conf
00:26:08.00,39200,落云宗修士,sX自小白不白,0.665,low_conf
00:26:08.00,39200,落云宗修士,-传书-,0.693,low_conf
00:26:08.00,39200,落云宗修士,霉霉委,0.749,low_conf
00:26:08.00,39200,落云宗修士,云门,0.665,low_conf
00:26:11.68,39292,落云宗修士,创世璃,0.749,low_conf
00:26:11.68,39292,落云宗修士,每天都,0.739,low_conf
00:26:11.68,39292,落云宗修士,硝图,0.666,low_conf
00:26:11.68,39292,落云宗修士,sy西卡,0.714,low_conf
00:26:11.68,39292,落云宗修士,僚若风,0.571,pending
00:26:11.68,39292,落云宗修士,伦磅动,0.413,pending
00:26:11.68,39292,落云宗修士,神一六,0.61,low_conf
00:26:11.68,39292,落云宗修士,像野,0.442,pending
00:26:11.68,39292,落云宗修士,SZ山,0.721,low_conf
00:26:11.68,39292,落云宗修士,-の才,0.603,low_conf
00:26:11.68,39292,落云宗修士,每天都,0.721,low_conf
00:26:11.68,39292,落云宗修士,s成阙,0.616,low_conf
00:26:11.68,39292,落云宗修士,美得因,0.727,low_conf
00:26:11.68,39292,落云宗修士,S凉小黑,0.711,low_conf
00:26:11.68,39292,落云宗修士,吹吹风呀,0.725,low_conf
00:26:11.68,39292,落云宗修士,美国今,0.525,pending
00:26:11.68,39292,落云宗修士,潇歌,0.655,low_conf
00:26:11.68,39292,落云宗修士,会栖鹤入霄,0.594,pending
00:26:11.68,39292,落云宗修士,s墨缘y,0.581,pending
00:26:11.68,39292,落云宗修士,画扇、扑流萤,0.736,low_conf
00:26:11.68,39292,落云宗修士,美郝明,0.551,pending
00:26:11.68,39292,落云宗修士,-云栖鹤隐,0.73,low_conf
00:26:11.68,39292,落云宗修士,Caridip,0.713,low_conf
00:26:11.68,39292,落云宗修士,S手别抖,0.733,low_conf
00:26:11.68,39292,落云宗修士,美鹤明,0.464,pending
00:26:11.68,39292,落云宗修士,神佑天玑,0.629,low_conf
00:26:11.68,39292,落云宗修士,美酒红,0.735,low_conf
00:26:11.68,39292,落云宗修士,潇酒乖猪,0.748,low_conf
00:26:11.68,39292,落云宗修士,会千看,0.531,pending
00:26:11.68,39292,落云宗修士,S同学好运来OvO,0.748,low_conf
00:26:11.68,39292,落云宗修士,画星况,0.622,low_conf
00:26:11.68,39292,落云宗修士,美丽琳,0.54,pending
00:26:11.68,39292,落云宗修士,神域荫新,0.686,low_conf
00:26:11.68,39292,落云宗修士,潇酒の红烧肉,0.733,low_conf
00:26:11.68,39292,落云宗修士,会浅摩,0.511,pending
00:26:11.68,39292,落云宗修士,s梧桐树a,0.681,low_conf
00:26:11.68,39292,落云宗修士,美丽球,0.572,pending
00:26:11.68,39292,落云宗修士,神月果,0.524,pending
00:26:11.68,39292,落云宗修士,潇今情,0.584,pending
00:26:11.68,39292,落云宗修士,会轻水清,0.637,low_conf
00:26:11.68,39292,落云宗修士,S众生S,0.713,low_conf
00:26:11.68,39292,落云宗修士,话说ZZL,0.666,low_conf
00:26:11.68,39292,落云宗修士,美漆格,0.653,low_conf
00:26:11.68,39292,落云宗修士,会清,0.579,pending
00:26:11.68,39292,落云宗修士,caryhue,0.626,low_conf
00:26:11.68,39292,落云宗修士,T从A:0,0.418,pending
00:26:11.68,39292,落云宗修士,椎名凌月,0.7,low_conf
00:26:11.68,39292,落云宗修士,媚玩,0.427,pending
00:26:11.68,39292,落云宗修士,美美的,0.658,low_conf
00:26:11.68,39292,落云宗修士,会然逸,0.638,low_conf
00:26:11.68,39292,落云宗修士,casindo,0.574,pending
00:26:11.68,39292,落云宗修士,锤你√胸口,0.696,low_conf
00:26:11.68,39292,落云宗修士,神之创世,0.525,pending
00:26:11.68,39292,落云宗修士,潇潇碁雨zhx,0.685,low_conf
00:26:11.68,39292,落云宗修士,会山塔芬6,0.555,pending
00:26:11.68,39292,落云宗修士,Catsteimg,0.585,pending
00:26:11.68,39292,落云宗修士,锤言锤语666,0.673,low_conf
00:26:11.68,39292,落云宗修士,美男成,0.526,pending
00:26:11.68,39292,落云宗修士,神只会压力你,0.699,low_conf
00:26:11.68,39292,落云宗修士,潇潇涛潇塞枫,0.596,pending
00:26:11.68,39292,落云宗修士,taflv的类吃什么,0.579,pending
00:26:11.68,39292,落云宗修士,怀您环该怀,0.643,low_conf
00:26:11.68,39292,落云宗修士,美腻成,0.409,pending
00:26:11.68,39292,落云宗修士,神州会东风,0.53,pending
00:26:11.68,39292,落云宗修士,潇潇一雨蔡,0.571,pending
00:26:11.68,39292,落云宗修士,会深师,0.453,pending
00:26:11.68,39292,落云宗修士,caastfor,0.619,low_conf
00:26:11.68,39292,落云宗修士,Tail糖的眠花,0.694,low_conf
00:26:11.68,39292,落云宗修士,春凤PLUS,0.742,low_conf
00:26:11.68,39292,落云宗修士,怀凝能猫,0.677,low_conf
00:26:11.68,39292,落云宗修士,美人国,0.454,pending
00:26:11.68,39292,落云宗修士,神猪舞乐凤,0.366,pending
00:26:11.68,39292,落云宗修士,潇潇雨闲,0.373,pending
00:26:11.68,39292,落云宗修士,云深有微凉,0.683,low_conf
00:26:11.68,39292,落云宗修士,cathiyc,0.618,low_conf
00:26:11.68,39292,落云宗修士,TAKAGEY,0.725,low_conf
00:26:11.68,39292,落云宗修士,怀凝蒸推,0.397,pending
00:26:11.68,39292,落云宗修士,美小赔,0.543,pending
00:26:11.68,39292,落云宗修士,神猪粉,0.468,pending
00:26:11.68,39292,落云宗修士,浦珠,0.13,pending
00:26:11.68,39292,落云宗修士,云深仪橱案,0.55,pending
00:26:11.68,39292,落云宗修士,Catlicker16,0.744,low_conf
00:26:11.68,39292,落云宗修士,takto,0.672,low_conf
00:26:11.68,39292,落云宗修士,春风不厨你语,0.568,pending
00:26:11.68,39292,落云宗修士,怀看添化心の,0.566,pending
00:26:11.68,39292,落云宗修士,美少女,0.654,low_conf
00:26:11.68,39292,落云宗修士,神小号663,0.646,low_conf
00:26:11.68,39292,落云宗修士,浦,0.305,pending
00:26:11.68,39292,落云宗修士,会,0.197,pending
00:26:11.68,39292,落云宗修士,catlo,0.732,low_conf
00:26:11.68,39292,落云宗修士,takutashg,0.715,low_conf
00:26:11.68,39292,落云宗修士,春风坏我意,0.576,pending
00:26:11.68,39292,落云宗修士,准有ow心,0.392,pending
00:26:11.68,39292,落云宗修士,沈33是,0.654,low_conf
00:26:11.68,39292,落云宗修士,潇茗苗,0.233,pending
00:26:11.68,39292,落云宗修士,会时帝,0.525,pending
00:26:11.68,39292,落云宗修士,catly,0.679,low_conf
00:26:11.68,39292,落云宗修士,Talentasn和,0.652,low_conf
00:26:11.68,39292,落云宗修士,春风如有岭花意,0.707,low_conf
00:26:11.68,39292,落云宗修士,淮里qgaggg,0.39,pending
00:26:11.68,39292,落云宗修士,美食与,0.658,low_conf
00:26:11.68,39292,落云宗修士,沈震钓,0.465,pending
00:26:11.68,39292,落云宗修士,潇用亭,0.177,pending
00:26:11.68,39292,落云宗修士,会泰化带,0.378,pending
00:26:11.68,39292,落云宗修士,春风细雨对死,0.631,low_conf
00:26:11.68,39292,落云宗修士,淮重,0.356,pending
00:26:11.68,39292,落云宗修士,美食专,0.551,pending
00:26:11.68,39292,落云宗修士,沈纯针,0.554,pending
00:26:11.68,39292,落云宗修士,浦汉大务,0.24,pending
00:26:11.68,39292,落云宗修士,云烟云,0.475,pending
00:26:11.68,39292,落云宗修士,TAIMAMA久等,0.739,low_conf
00:26:11.68,39292,落云宗修士,春风祥寓,0.585,pending
00:26:11.68,39292,落云宗修士,淮南茶,0.503,pending
00:26:11.68,39292,落云宗修士,美松石,0.542,pending
00:26:11.68,39292,落云宗修士,沈立纯,0.659,low_conf
00:26:11.68,39292,落云宗修士,雪液,0.187,pending
00:26:11.68,39292,落云宗修士,会学,0.256,pending
00:26:11.68,39292,落云宗修士,春风璃秋,0.517,pending
00:26:11.68,39292,落云宗修士,神上,0.372,pending
00:26:11.68,39292,落云宗修士,美穗最,0.631,low_conf
00:26:11.68,39292,落云宗修士,沈搭刻,0.502,pending
00:26:11.68,39292,落云宗修士,胃精舞,0.251,pending
00:26:11.68,39292,落云宗修士,会睦团子,0.343,pending
00:26:11.68,39292,落云宗修士,tancydawn,0.745,low_conf
00:26:11.68,39292,落云宗修士,春知傻7,0.525,pending
00:26:11.68,39292,落云宗修士,槐并三检,0.478,pending
00:26:11.68,39292,落云宗修士,美陀生,0.491,pending
00:26:11.68,39292,落云宗修士,沈星教,0.613,low_conf
00:26:11.68,39292,落云宗修士,云滑希亿,0.5,pending
00:26:11.68,39292,落云宗修士,春光限,0.714,low_conf
00:26:11.68,39292,落云宗修士,槐序有搭猫,0.539,pending
00:26:11.68,39292,落云宗修士,美味的,0.711,low_conf
00:26:11.68,39292,落云宗修士,小han,0.658,low_conf
00:26:11.68,39292,落云宗修士,云逸浅风,0.749,low_conf
00:26:11.68,39292,落云宗修士,tangtiha,0.704,low_conf
00:26:11.68,39292,落云宗修士,春海听涛,0.701,low_conf
00:26:11.68,39292,落云宗修士,恢单有只猫的,0.571,pending
00:26:11.68,39292,落云宗修士,美味脚,0.516,pending
00:26:11.68,39292,落云宗修士,沈夜,0.562,pending
00:26:11.68,39292,落云宗修士,小ha腾,0.741,low_conf
00:26:11.68,39292,落云宗修士,云音筑,0.539,pending
00:26:11.68,39292,落云宗修士,cC,0.429,pending
00:26:11.68,39292,落云宗修士,春和心明秋目各需,0.61,low_conf
00:26:11.68,39292,落云宗修士,坏的很重,0.548,pending
00:26:11.68,39292,落云宗修士,美艳毒,0.659,low_conf
00:26:11.68,39292,落云宗修士,中美学家曹孟德,0.749,low_conf
00:26:11.68,39292,落云宗修士,云雨弄,0.598,pending
00:26:11.68,39292,落云宗修士,坏琦琦乖,0.683,low_conf
00:26:11.68,39292,落云宗修士,美羽君,0.729,low_conf
00:26:11.68,39292,落云宗修士,小erry,0.692,low_conf
00:26:11.68,39292,落云宗修士,云月飞亿,0.702,low_conf
00:26:11.68,39292,落云宗修士,春袭秋水,0.633,low_conf
00:26:11.68,39292,落云宗修士,坏小孩儿钻坏,0.543,pending
00:26:11.68,39292,落云宗修士,美赞永,0.605,low_conf
00:26:11.68,39292,落云宗修士,慎言,0.628,low_conf
00:26:11.68,39292,落云宗修士,小k空空空,0.681,low_conf
00:26:11.68,39292,落云宗修士,云云云在哪,0.642,low_conf
00:26:11.68,39292,落云宗修士,春卷豆饼,0.632,low_conf
00:26:11.68,39292,落云宗修士,环小子不够坏,0.742,low_conf
00:26:11.68,39292,落云宗修士,妹妹表,0.63,low_conf
00:26:11.68,39292,落云宗修士,云在耳边,0.723,low_conf
00:26:11.68,39292,落云宗修士,Tan彩虹,0.74,low_conf
00:26:11.68,39292,落云宗修士,欢歌k,0.689,low_conf
00:26:11.68,39292,落云宗修士,妹形态,0.743,low_conf
00:26:11.68,39292,落云宗修士,小Q84,0.735,low_conf
00:26:15.36,39384,落云宗修士,欢哑哟,0.615,low_conf
00:26:15.36,39384,落云宗修士,魅影绚,0.742,low_conf
00:26:15.36,39384,落云宗修士,小Z障,0.691,low_conf
00:26:15.36,39384,落云宗修士,门钉肉,0.677,low_conf
00:26:15.36,39384,落云宗修士,小阿P,0.745,low_conf
00:26:15.36,39384,落云宗修士,门口卖,0.747,low_conf
00:26:15.36,39384,落云宗修士,小阿頔呀,0.708,low_conf
00:26:15.36,39384,落云宗修士,CCy秋水,0.704,low_conf
00:26:15.36,39384,落云宗修士,门沙沙,0.748,low_conf
00:26:15.36,39384,落云宗修士,小阿跳、,0.714,low_conf
00:26:15.36,39384,落云宗修士,闷骚的,0.728,low_conf
00:26:15.36,39384,落云宗修士,小阿璎、,0.673,low_conf
00:26:15.36,39384,落云宗修士,云仔W,0.674,low_conf
00:26:15.36,39384,落云宗修士,Cc木乡Ce,0.71,low_conf
00:26:15.36,39384,落云宗修士,TCwif,0.701,low_conf
00:26:15.36,39384,落云宗修士,阀声发,0.568,pending
00:26:15.36,39384,落云宗修士,生煎小样,0.749,low_conf
00:26:15.36,39384,落云宗修士,小啊呆呢,0.72,low_conf
00:26:15.36,39384,落云宗修士,法痕,0.658,low_conf
00:26:15.36,39384,落云宗修士,环游世界的闲鱼,0.676,low_conf
00:26:15.36,39384,落云宗修士,闷声发,0.601,low_conf
00:26:15.36,39384,落云宗修士,生姜_—根,0.747,low_conf
00:26:15.36,39384,落云宗修士,cd不减,0.668,low_conf
00:26:15.36,39384,落云宗修士,寰尘入梦,0.714,low_conf
00:26:15.36,39384,落云宗修士,阀声马,0.616,low_conf
00:26:15.36,39384,落云宗修士,寰寰拉了拉,0.714,low_conf
00:26:15.36,39384,落云宗修士,闷油赛,0.637,low_conf
00:26:15.36,39384,落云宗修士,teajxc,0.731,low_conf
00:26:15.36,39384,落云宗修士,鹦羽鹤,0.575,pending
00:26:15.36,39384,落云宗修士,關先生,0.601,low_conf
00:26:15.36,39384,落云宗修士,萌Coc,0.632,low_conf
00:26:15.36,39384,落云宗修士,芸妹,0.665,low_conf
00:26:15.36,39384,落云宗修士,椿椿娘,0.748,low_conf
00:26:15.36,39384,落云宗修士,萌菜人,0.746,low_conf
00:26:15.36,39384,落云宗修士,小白粥_z7,0.668,low_conf
00:26:15.36,39384,落云宗修士,Celine宁,0.707,low_conf
00:26:15.36,39384,落云宗修士,椿野诚,0.747,low_conf
00:26:15.36,39384,落云宗修士,萌宏五,0.676,low_conf
00:26:15.36,39384,落云宗修士,芸香,0.647,low_conf
00:26:15.36,39384,落云宗修士,萌符、,0.658,low_conf
00:26:15.36,39384,落云宗修士,小斑狐,0.739,low_conf
00:26:15.36,39384,落云宗修士,萌化乌,0.62,low_conf
00:26:15.36,39384,落云宗修士,零冬冬冬冬,0.687,low_conf
00:26:15.36,39384,落云宗修士,纯粹c,0.629,low_conf
00:26:15.36,39384,落云宗修士,幻灭樱,0.743,low_conf
00:26:15.36,39384,落云宗修士,萌·酱,0.635,low_conf
00:26:15.36,39384,落云宗修士,生鲜冷冻,0.742,low_conf
00:26:15.36,39384,落云宗修士,雲横素,0.59,pending
00:26:15.36,39384,落云宗修士,萌妹纸,0.726,low_conf
00:26:15.36,39384,落云宗修士,会用,0.096,pending
00:26:15.36,39384,落云宗修士,幻焰神州,0.667,low_conf
00:26:15.36,39384,落云宗修士,萌哒,0.35,pending
00:26:15.36,39384,落云宗修士,声色涤草人间,0.742,low_conf
00:26:15.36,39384,落云宗修士,小宝泽,0.736,low_conf
00:26:15.36,39384,落云宗修士,套起Aizen ,0.725,low_conf
00:26:15.36,39384,落云宗修士,tensiont,0.69,low_conf
00:26:15.36,39384,落云宗修士,萌萌哒,0.692,low_conf
00:26:15.36,39384,落云宗修士,特口,0.219,pending
00:26:15.36,39384,落云宗修士,套深不可测,0.718,low_conf
00:26:15.36,39384,落云宗修士,黛夏夏W,0.62,low_conf
00:26:15.36,39384,落云宗修士,小倍同志,0.736,low_conf
00:26:15.36,39384,落云宗修士,雲,0.337,pending
00:26:15.36,39384,落云宗修士,等雪筱,0.291,pending
00:26:15.36,39384,落云宗修士,小点星条,0.622,low_conf
00:26:15.36,39384,落云宗修士,雾雾雾、,0.517,pending
00:26:15.36,39384,落云宗修士,CfrotVYY,0.64,low_conf
00:26:15.36,39384,落云宗修士,萌萌哒,0.643,low_conf
00:26:15.36,39384,落云宗修士,会中觀山客,0.559,pending
00:26:15.36,39384,落云宗修士,Cwba!,0.483,pending
00:26:15.36,39384,落云宗修士,幻心,0.556,pending
00:26:15.36,39384,落云宗修士,冬杯星式,0.348,pending
00:26:15.36,39384,落云宗修士,小冰学,0.493,pending
00:26:15.36,39384,落云宗修士,美中,0.229,pending
00:26:15.36,39384,落云宗修士,caxlex,0.532,pending
00:26:15.36,39384,落云宗修士,首望鹑火,0.688,low_conf
00:26:15.36,39384,落云宗修士,萌萌的,0.52,pending
00:26:15.36,39384,落云宗修士,圣光化胡主理人,0.628,low_conf
00:26:15.36,39384,落云宗修士,#子以慢,0.407,pending
00:26:15.36,39384,落云宗修士,CH202X,0.634,low_conf
00:26:15.36,39384,落云宗修士,TE外星人,0.745,low_conf
00:26:15.36,39384,落云宗修士,海春南瓜包,0.588,pending
00:26:15.36,39384,落云宗修士,红星杰,0.598,pending
00:26:15.36,39384,落云宗修士,萌萌,0.373,pending
00:26:15.36,39384,落云宗修士,全克期,0.31,pending
00:26:15.36,39384,落云宗修士,小布布的ds,0.675,low_conf
00:26:15.36,39384,落云宗修士,糯茂,0.416,pending
00:26:15.36,39384,落云宗修士,TE外个,0.742,low_conf
00:26:15.36,39384,落云宗修士,森萌的大学生,0.719,low_conf
00:26:15.36,39384,落云宗修士,幻影运,0.739,low_conf
00:26:15.36,39384,落云宗修士,萌明首,0.22,pending
00:26:15.36,39384,落云宗修士,全经传,0.529,pending
00:26:15.36,39384,落云宗修士,小布,0.518,pending
00:26:15.36,39384,落云宗修士,运气阿萨,0.599,pending
00:26:15.36,39384,落云宗修士,Th3Gadfly,0.669,low_conf
00:26:15.36,39384,落云宗修士,春萌的致索味,0.622,low_conf
00:26:15.36,39384,落云宗修士,幻彩728,0.746,low_conf
00:26:15.36,39384,落云宗修士,明明时,0.416,pending
00:26:15.36,39384,落云宗修士,全弹信,0.169,pending
00:26:15.36,39384,落云宗修士,运气及实力,0.733,low_conf
00:26:15.36,39384,落云宗修士,Chandletw,0.737,low_conf
00:26:15.36,39384,落云宗修士,thawat,0.616,low_conf
00:26:15.36,39384,落云宗修士,大,0.172,pending
00:26:15.36,39384,落云宗修士,幻羽楼,0.644,low_conf
00:26:15.36,39384,落云宗修士,圣狸独索,0.336,pending
00:26:15.36,39384,落云宗修士,小蕉菜菜新剪,0.538,pending
00:26:15.36,39384,落云宗修士,选暖,0.358,pending
00:26:15.36,39384,落云宗修士,nheater.,0.57,pending
00:26:15.36,39384,落云宗修士,全,0.081,pending
00:26:15.36,39384,落云宗修士,幻泰妖梦,0.546,pending
00:26:15.36,39384,落云宗修士,明明小,0.542,pending
00:26:15.36,39384,落云宗修士,圣浩伦索团,0.653,low_conf
00:26:15.36,39384,落云宗修士,小菜菜,0.6,low_conf
00:26:15.36,39384,落云宗修士,绵鲁朵,0.425,pending
00:26:15.36,39384,落云宗修士,Thedier,0.651,low_conf
00:26:15.36,39384,落云宗修士,花手夜,0.652,low_conf
00:26:15.36,39384,落云宗修士,明明元,0.284,pending
00:26:15.36,39384,落云宗修士,圣魔骑主的湿子,0.717,low_conf
00:26:15.36,39384,落云宗修士,咂娃朵,0.335,pending
00:26:15.36,39384,落云宗修士,蓝木凌鸟,0.53,pending
00:26:15.36,39384,落云宗修士,英海之歌,0.617,low_conf
00:26:15.36,39384,落云宗修士,明拿,0.232,pending
00:26:15.36,39384,落云宗修士,圣出下来的活,0.564,pending
00:26:15.36,39384,落云宗修士,小菜鹉星辰大海,0.647,low_conf
00:26:15.36,39384,落云宗修士,咂啤,0.104,pending
00:26:15.36,39384,落云宗修士,ChARIt155,0.685,low_conf
00:26:15.36,39384,落云宗修士,TheHewnst,0.697,low_conf
00:26:15.36,39384,落云宗修士,茨木斯哈斯哈,0.71,low_conf
00:26:15.36,39384,落云宗修士,唤爆火,0.443,pending
00:26:15.36,39384,落云宗修士,萌妞节,0.466,pending
00:26:15.36,39384,落云宗修士,圣粘到,0.489,pending
00:26:15.36,39384,落云宗修士,小最的,0.43,pending
00:26:15.36,39384,落云宗修士,杂货铺种子,0.608,low_conf
00:26:19.04,39476,落云宗修士,磁声声,0.727,low_conf
00:26:19.04,39476,落云宗修士,小炒肉盖饭-,0.677,low_conf
00:26:19.04,39476,落云宗修士,萌新骚,0.744,low_conf
00:26:19.04,39476,落云宗修士,小炒肉揪片,0.702,low_conf
00:26:19.04,39476,落云宗修士,此剑一别人间,0.678,low_conf
00:26:19.04,39476,落云宗修士,换色毛衣,0.722,low_conf
00:26:19.04,39476,落云宗修士,萌只鲲,0.744,low_conf
00:26:19.04,39476,落云宗修士,盛晏秋,0.651,low_conf
00:26:19.04,39476,落云宗修士,小鹰丶,0.482,pending
00:26:19.04,39476,落云宗修士,荒凉之际,0.713,low_conf
00:26:19.04,39476,落云宗修士,蒙古包,0.719,low_conf
00:26:19.04,39476,落云宗修士,小城磊,0.748,low_conf
00:26:19.04,39476,落云宗修士,荒什么,0.746,low_conf
00:26:19.04,39476,落云宗修士,蒙古海,0.744,low_conf
00:26:19.04,39476,落云宗修士,荒数,0.612,low_conf
00:26:19.04,39476,落云宗修士,蒙朗,0.642,low_conf
00:26:19.04,39476,落云宗修士,聖行者,0.723,low_conf
00:26:19.04,39476,落云宗修士,蒙蒙细,0.698,low_conf
00:26:19.04,39476,落云宗修士,尸米阿,0.703,low_conf
00:26:19.04,39476,落云宗修士,蒙奇D路,0.749,low_conf
00:26:19.04,39476,落云宗修士,小赤忆,0.702,low_conf
00:26:19.04,39476,落云宗修士,蒙山沂,0.683,low_conf
00:26:19.04,39476,落云宗修士,皇帝电话,0.72,low_conf
00:26:19.04,39476,落云宗修士,蒙特7,0.749,low_conf
00:26:19.04,39476,落云宗修士,小丑爱干蝙蝠侠,0.746,low_conf
00:26:19.04,39476,落云宗修士,-朦-胧-,0.628,low_conf
00:26:19.04,39476,落云宗修士,小丑面,0.724,low_conf
00:26:19.04,39476,落云宗修士,在不在,0.685,low_conf
00:26:19.04,39476,落云宗修士,皇二铁,0.662,low_conf
00:26:19.04,39476,落云宗修士,失落en,0.726,low_conf
00:26:19.04,39476,落云宗修士,小丑木,0.745,low_conf
00:26:19.04,39476,落云宗修士,匆匆逼客,0.564,pending
00:26:19.04,39476,落云宗修士,猛男茹,0.739,low_conf
00:26:19.04,39476,落云宗修士,勿匆要葱葱,0.741,low_conf
00:26:19.04,39476,落云宗修士,皇璞轩,0.651,low_conf
00:26:19.04,39476,落云宗修士,猛男在,0.68,low_conf
00:26:19.04,39476,落云宗修士,CheungCHI,0.749,low_conf
00:26:19.04,39476,落云宗修士,猛男赵,0.748,low_conf
00:26:19.04,39476,落云宗修士,失眠小姜,0.73,low_conf
00:26:19.04,39476,落云宗修士,惜的,0.467,pending
00:26:19.04,39476,落云宗修士,惜惜体,0.472,pending
00:26:19.04,39476,落云宗修士,孟尝7,0.735,low_conf
00:26:19.04,39476,落云宗修士,葱花独秀,0.744,low_conf
00:26:19.04,39476,落云宗修士,孟大元,0.726,low_conf
00:26:19.04,39476,落云宗修士,孟获七,0.723,low_conf
00:26:19.04,39476,落云宗修士,师此林,0.736,low_conf
00:26:19.04,39476,落云宗修士,小粗腿小姐,0.686,low_conf
00:26:19.04,39476,落云宗修士,孟盐不,0.434,pending
00:26:19.04,39476,落云宗修士,小醋莓-,0.616,low_conf
00:26:19.04,39476,落云宗修士,孟希夷,0.622,low_conf
00:26:19.04,39476,落云宗修士,师奶鲨手,0.721,low_conf
00:26:19.04,39476,落云宗修士,孟夏海,0.698,low_conf
00:26:19.04,39476,落云宗修士,师胜平,0.716,low_conf
00:26:19.04,39476,落云宗修士,小达畔兔,0.718,low_conf
00:26:19.04,39476,落云宗修士,chili2,0.689,low_conf
00:26:19.04,39476,落云宗修士,黄香孟卖,0.636,low_conf
00:26:19.04,39476,落云宗修士,盖小川,0.683,low_conf
00:26:19.04,39476,落云宗修士,盖小可,0.577,pending
00:26:19.04,39476,落云宗修士,盖心依,0.623,low_conf
00:26:19.04,39476,落云宗修士,小蛋糕鸭,0.706,low_conf
00:26:19.04,39476,落云宗修士,TINL,0.509,pending
00:26:19.04,39476,落云宗修士,梦de,0.656,low_conf
00:26:19.04,39476,落云宗修士,小力东东,0.651,low_conf
00:26:19.04,39476,落云宗修士,Chione,0.746,low_conf
00:26:19.04,39476,落云宗修士,梦,0.498,pending
00:26:19.04,39476,落云宗修士,小分苏秋月,0.664,low_conf
00:26:19.04,39476,落云宗修士,CHiZHK,0.699,low_conf
00:26:19.04,39476,落云宗修士,梦残雪,0.591,pending
00:26:19.04,39476,落云宗修士,小的那根兔孚,0.722,low_conf
00:26:22.72,39568,落云宗修士,黄砍刀,0.709,low_conf
00:26:22.72,39568,落云宗修士,梦幻西,0.746,low_conf
00:26:22.72,39568,落云宗修士,黄泺臣,0.568,pending
00:26:22.72,39568,落云宗修士,梦幻夜,0.746,low_conf
00:26:22.72,39568,落云宗修士,诗友君,0.661,low_conf
00:26:22.72,39568,落云宗修士,梦回阿,0.749,low_conf
00:26:22.72,39568,落云宗修士,诗与暮,0.697,low_conf
00:26:22.72,39568,落云宗修士,黄毛の星片,0.726,low_conf
00:26:22.72,39568,落云宗修士,梦回玄,0.742,low_conf
00:26:22.72,39568,落云宗修士,诗醉沉,0.721,low_conf
00:26:22.72,39568,落云宗修士,梦魂仔,0.749,low_conf
00:26:22.72,39568,落云宗修士,施遇鸢尾,0.666,low_conf
00:26:22.72,39568,落云宗修士,小豆椒,0.749,low_conf
00:26:22.72,39568,落云宗修士,黄焖酸菜鱼,0.724,low_conf
00:26:22.72,39568,落云宗修士,梦间由,0.742,low_conf
00:26:22.72,39568,落云宗修士,黄硚,0.63,low_conf
00:26:22.72,39568,落云宗修士,梦境的,0.748,low_conf
00:26:22.72,39568,落云宗修士,小逗号hh,0.722,low_conf
00:26:22.72,39568,落云宗修士,从云压,0.748,low_conf
00:26:22.72,39568,落云宗修士,黄泉姐,0.688,low_conf
00:26:22.72,39568,落云宗修士,梦镜丶,0.696,low_conf
00:26:22.72,39568,落云宗修士,黄拾陆,0.716,low_conf
00:26:22.72,39568,落云宗修士,梦黎丶,0.558,pending
00:26:22.72,39568,落云宗修士,小遁星,0.713,low_conf
00:26:22.72,39568,落云宗修士,梦里见,0.741,low_conf
00:26:22.72,39568,落云宗修士,狮子,0.665,low_conf
00:26:22.72,39568,落云宗修士,梦里寻,0.749,low_conf
00:26:22.72,39568,落云宗修士,徙容,0.534,pending
00:26:22.72,39568,落云宗修士,梦落烟,0.6,low_conf
00:26:22.72,39568,落云宗修士,狮子鹰,0.747,low_conf
00:26:22.72,39568,落云宗修士,宗宗宗浣宗Hhhhot,0.723,low_conf
00:26:22.72,39568,落云宗修士,黄心釉,0.745,low_conf
00:26:22.72,39568,落云宗修士,梦狐,0.602,low_conf
00:26:22.72,39568,落云宗修士,小法Z,0.725,low_conf
00:26:22.72,39568,落云宗修士,琮寂,0.555,pending
00:26:22.72,39568,落云宗修士,梦梦大,0.749,low_conf
00:26:22.72,39568,落云宗修士,粗粗上上,0.722,low_conf
00:26:22.72,39568,落云宗修士,黄得發,0.704,low_conf
00:26:22.72,39568,落云宗修士,梦梦梦,0.742,low_conf
00:26:22.72,39568,落云宗修士,梦绮缝,0.606,low_conf
00:26:22.72,39568,落云宗修士,十代笑影,0.657,low_conf
00:26:22.72,39568,落云宗修士,小飞1,0.721,low_conf
00:26:22.72,39568,落云宗修士,小飞蝶,0.689,low_conf
00:26:22.72,39568,落云宗修士,梦三溪,0.749,low_conf
00:26:22.72,39568,落云宗修士,小飞虎哥,0.711,low_conf
00:26:22.72,39568,落云宗修士,崔晓喜,0.744,low_conf
00:26:22.72,39568,落云宗修士,梦山君,0.749,low_conf
00:26:22.72,39568,落云宗修士,十二玄箫,0.711,low_conf
00:26:22.72,39568,落云宗修士,催眠x,0.684,low_conf
00:26:22.72,39568,落云宗修士,梦,0.5,pending
00:26:22.72,39568,落云宗修士,十古月鸟,0.713,low_conf
00:26:22.72,39568,落云宗修士,梦时间,0.74,low_conf
00:26:22.72,39568,落云宗修士,TopQIl,0.724,low_conf
00:26:22.72,39568,落云宗修士,梦是非,0.748,low_conf
00:26:22.72,39568,落云宗修士,梦书金,0.686,low_conf
00:26:22.72,39568,落云宗修士,小狒狒快跑,0.653,low_conf
00:26:22.72,39568,落云宗修士,灰色貝毅,0.568,pending
00:26:22.72,39568,落云宗修士,梦兮迷,0.724,low_conf
00:26:22.72,39568,落云宗修士,载之,0.664,low_conf
00:26:22.72,39568,落云宗修士,梦曦欧,0.749,low_conf
00:26:22.72,39568,落云宗修士,小疯志,0.707,low_conf
00:26:22.72,39568,落云宗修士,cij713,0.746,low_conf
00:26:22.72,39568,落云宗修士,脆皮卡卡,0.746,low_conf
00:26:22.72,39568,落云宗修士,梦现d,0.749,low_conf
00:26:22.72,39568,落云宗修士,揽劲的友仔,0.722,low_conf
00:26:22.72,39568,落云宗修士,梦想成,0.749,low_conf
00:26:22.72,39568,落云宗修士,十里竹香,0.748,low_conf
00:26:22.72,39568,落云宗修士,劲老男孩,0.732,low_conf
00:26:22.72,39568,落云宗修士,脆皮心,0.748,low_conf
00:26:22.72,39568,落云宗修士,梦想凉,0.749,low_conf
00:26:22.72,39568,落云宗修士,十六方之风,0.74,low_conf
00:26:22.72,39568,落云宗修士,灰原烟,0.551,pending
00:26:22.72,39568,落云宗修士,梦想系,0.748,low_conf
00:26:22.72,39568,落云宗修士,Ckerch,0.7,low_conf
00:26:22.72,39568,落云宗修士,恢虹,0.622,low_conf
00:26:22.72,39568,落云宗修士,梦道A,0.701,low_conf
00:26:22.72,39568,落云宗修士,+梦河,0.662,low_conf
00:26:22.72,39568,落云宗修士,小公子飞了,0.743,low_conf
00:26:22.72,39568,落云宗修士,梦晓创,0.682,low_conf
00:26:22.72,39568,落云宗修士,赞东淑,0.671,low_conf
00:26:22.72,39568,落云宗修士,Clairers,0.688,low_conf
00:26:22.72,39568,落云宗修士,梦醒的,0.691,low_conf
00:26:26.40,39660,落云宗修士,classPV,0.679,low_conf
00:26:26.40,39660,落云宗修士,村口务老杨,0.545,pending
00:26:26.40,39660,落云宗修士,辉煌的重大,0.518,pending
00:26:26.40,39660,落云宗修士,梦影Z,0.667,low_conf
00:26:26.40,39660,落云宗修士,十七额晗浆,0.662,low_conf
00:26:26.40,39660,落云宗修士,小怪鲁是绘梨衣呀,0.596,pending
00:26:26.40,39660,落云宗修士,Clday,0.729,low_conf
00:26:26.40,39660,落云宗修士,Ticker章北海,0.632,low_conf
00:26:26.40,39660,落云宗修士,村口理发老,0.686,low_conf
00:26:26.40,39660,落云宗修士,辉小限,0.477,pending
00:26:26.40,39660,落云宗修士,梦游小,0.69,low_conf
00:26:26.40,39660,落云宗修士,小怪兽有两,0.56,pending
00:26:26.40,39660,落云宗修士,-TRtISTA,0.703,low_conf
00:26:26.40,39660,落云宗修士,村口唐油,0.294,pending
00:26:26.40,39660,落云宗修士,梦月汐,0.653,low_conf
00:26:26.40,39660,落云宗修士,小光的存,0.74,low_conf
00:26:26.40,39660,落云宗修士,衬头姐?,0.491,pending
00:26:26.40,39660,落云宗修士,辉仔杂,0.587,pending
00:26:26.40,39660,落云宗修士,梦炸鸡,0.748,low_conf
00:26:26.40,39660,落云宗修士,土d,0.162,pending
00:26:26.40,39660,落云宗修士,小桂贵子,0.746,low_conf
00:26:26.40,39660,落云宗修士,climbercY,0.71,low_conf
00:26:26.40,39660,落云宗修士,村长爱吃车,0.675,low_conf
00:26:26.40,39660,落云宗修士,徽常师,0.534,pending
00:26:26.40,39660,落云宗修士,梦中情,0.749,low_conf
00:26:26.40,39660,落云宗修士,十蕊鬼人,0.704,low_conf
00:26:26.40,39660,落云宗修士,小洋,0.629,low_conf
00:26:26.40,39660,落云宗修士,早晨太阳升起,0.683,low_conf
00:26:26.40,39660,落云宗修士,梦中人,0.706,low_conf
00:26:26.40,39660,落云宗修士,十三个州府、,0.745,low_conf
00:26:26.40,39660,落云宗修士,早加小代,0.568,pending
00:26:26.40,39660,落云宗修士,持布难行,0.531,pending
00:26:26.40,39660,落云宗修士,梦舟之巾,0.589,pending
00:26:26.40,39660,落云宗修士,早饭又没赶上,0.704,low_conf
00:26:26.40,39660,落云宗修士,Tryol,0.688,low_conf
00:26:26.40,39660,落云宗修士,夢从,0.607,low_conf
00:26:26.40,39660,落云宗修士,十三少少,0.466,pending
00:26:26.40,39660,落云宗修士,锉刀跨界,0.614,low_conf
00:26:26.40,39660,落云宗修士,萝见拥,0.684,low_conf
00:26:26.40,39660,落云宗修士,咪宝肥,0.625,low_conf
00:26:26.40,39660,落云宗修士,咪不苦,0.727,low_conf
00:26:26.40,39660,落云宗修士,十四号至,0.598,pending
00:26:26.40,39660,落云宗修士,咪咕吗,0.737,low_conf
00:26:26.40,39660,落云宗修士,CM云霄,0.698,low_conf
00:26:26.40,39660,落云宗修士,咪哩罗,0.739,low_conf
00:26:26.40,39660,落云宗修士,小禾敖,0.644,low_conf
00:26:26.40,39660,落云宗修士,回忆\清,0.709,low_conf
00:26:26.40,39660,落云宗修士,咪咪今,0.742,low_conf
00:26:26.40,39660,落云宗修士,咪胖百,0.659,low_conf
00:26:26.40,39660,落云宗修士,+-title,0.639,low_conf
00:26:26.40,39660,落云宗修士,达菲自熊,0.702,low_conf
00:26:26.40,39660,落云宗修士,咪个吨,0.565,pending
00:26:26.40,39660,落云宗修士,小禾子安,0.691,low_conf
00:26:26.40,39660,落云宗修士,咪咪眼,0.65,low_conf
00:26:26.40,39660,落云宗修士,』十一路向北,0.718,low_conf
00:26:26.40,39660,落云宗修士,小何依依,0.701,low_conf
00:26:26.40,39660,落云宗修士,早己不知不觉,0.744,low_conf
00:26:26.40,39660,落云宗修士,咪眼,0.603,low_conf
00:26:26.40,39660,落云宗修士,十一天wa,0.727,low_conf
00:26:26.40,39660,落云宗修士,CN叶晨,0.745,low_conf
00:26:26.40,39660,落云宗修士,达令李,0.731,low_conf
00:26:26.40,39660,落云宗修士,弥漫漫,0.738,low_conf
00:26:26.40,39660,落云宗修士,早,0.338,pending
00:26:26.40,39660,落云宗修士,弥漫指,0.722,low_conf
00:26:26.40,39660,落云宗修士,十翼书生,0.725,low_conf
00:26:26.40,39660,落云宗修士,小河风帆,0.736,low_conf
00:26:26.40,39660,落云宗修士,灶物者,0.749,low_conf
00:26:26.40,39660,落云宗修士,TTKYOU,0.72,low_conf
00:26:26.40,39660,落云宗修士,弥猫深,0.749,low_conf
00:26:26.40,39660,落云宗修士,造假狮,0.748,low_conf
00:26:26.40,39660,落云宗修士,十月梵谷,0.699,low_conf
00:26:26.40,39660,落云宗修士,迷迭香,0.677,low_conf
00:26:26.40,39660,落云宗修士,择花藤,0.74,low_conf
00:26:26.40,39660,落云宗修士,达文少,0.736,low_conf
00:26:26.40,39660,落云宗修士,小红帽○,0.657,low_conf
00:26:26.40,39660,落云宗修士,泽半,0.666,low_conf
00:26:26.40,39660,落云宗修士,姐己虽美,0.584,pending
00:26:26.40,39660,落云宗修士,迷葫芦,0.741,low_conf
00:26:26.40,39660,落云宗修士,十字唤人,0.713,low_conf
00:26:26.40,39660,落云宗修士,泽,0.381,pending
00:26:26.40,39660,落云宗修士,会飞的小君,0.749,low_conf
00:26:26.40,39660,落云宗修士,泽麒喔,0.745,low_conf
00:26:26.40,39660,落云宗修士,迷迹空,0.664,low_conf
00:26:26.40,39660,落云宗修士,石,0.499,pending
00:26:26.40,39660,落云宗修士,泽松哥,0.743,low_conf
00:26:26.40,39660,落云宗修士,迷巨,0.648,low_conf
00:26:26.40,39660,落云宗修士,石动乃绘,0.72,low_conf
00:26:26.40,39660,落云宗修士,石石汁,0.628,low_conf
00:26:26.40,39660,落云宗修士,石擎天,0.745,low_conf
00:26:30.08,39752,落云宗修士,TYSS,0.672,low_conf
00:26:30.08,39752,落云宗修士,打白工作者,0.712,low_conf
00:26:30.08,39752,落云宗修士,迷路的,0.682,low_conf
00:26:30.08,39752,落云宗修士,小责不务正业的日宝,0.584,pending
00:26:30.08,39752,落云宗修士,cooiennt春,0.653,low_conf
00:26:30.08,39752,落云宗修士,TV秋远,0.666,low_conf
00:26:30.08,39752,落云宗修士,打板小心手,0.717,low_conf
00:26:30.08,39752,落云宗修士,会哦哦哦的欧,0.432,pending
00:26:30.08,39752,落云宗修士,石你毛,0.448,pending
00:26:30.08,39752,落云宗修士,小黄酱的需鼠,0.58,pending
00:26:30.08,39752,落云宗修士,Coporn,0.596,pending
00:26:30.08,39752,落云宗修士,粑粮,0.113,pending
00:26:30.08,39752,落云宗修士,会用小学生的！,0.634,low_conf
00:26:30.08,39752,落云宗修士,在术,0.089,pending
00:26:30.08,39752,落云宗修士,小黄人是经色的,0.622,low_conf
00:26:30.08,39752,落云宗修士,Copve,0.673,low_conf
00:26:30.08,39752,落云宗修士,T先生,0.589,pending
00:26:30.08,39752,落云宗修士,会游泳的生的,0.675,low_conf
00:26:30.08,39752,落云宗修士,迷迷来,0.369,pending
00:26:30.08,39752,落云宗修士,时,0.227,pending
00:26:30.08,39752,落云宗修士,小灰灰促球,0.608,low_conf
00:26:30.08,39752,落云宗修士,成绒热明,0.335,pending
00:26:30.08,39752,落云宗修士,Costw,0.705,low_conf
00:26:30.08,39752,落云宗修士,姓先生。,0.639,low_conf
00:26:30.08,39752,落云宗修士,打不哦,0.632,low_conf
00:26:30.08,39752,落云宗修士,会有期,0.421,pending
00:26:30.08,39752,落云宗修士,迷您述,0.569,pending
00:26:30.08,39752,落云宗修士,时不时间有点,0.715,low_conf
00:26:30.08,39752,落云宗修士,复心四不行了,0.696,low_conf
00:26:30.08,39752,落云宗修士,000z,0.266,pending
00:26:30.08,39752,落云宗修士,打谢飞机,0.579,pending
00:26:30.08,39752,落云宗修士,会易为元瑶紫,0.654,low_conf
00:26:30.08,39752,落云宗修士,迷你您,0.672,low_conf
00:26:30.08,39752,落云宗修士,小灰胱条,0.462,pending
00:26:30.08,39752,落云宗修士,怎么能柔押象呢,0.507,pending
00:26:30.08,39752,落云宗修士,uahogg,0.583,pending
00:26:30.08,39752,落云宗修士,打断韩信的眼,0.729,low_conf
00:26:30.08,39752,落云宗修士,会贝,0.541,pending
00:26:30.08,39752,落云宗修士,迷你路,0.726,low_conf
00:26:30.08,39752,落云宗修士,时商进,0.312,pending
00:26:30.08,39752,落云宗修士,小灰磨来修仙,0.707,low_conf
00:26:30.08,39752,落云宗修士,怎么能不都辈呀,0.7,low_conf
00:26:30.08,39752,落云宗修士,uahog,0.595,pending
00:26:30.08,39752,落云宗修士,打断信的风,0.524,pending
00:26:30.08,39752,落云宗修士,迷人的,0.748,low_conf
00:26:30.08,39752,落云宗修士,时分离谱,0.661,low_conf
00:26:30.08,39752,落云宗修士,小炭,0.538,pending
00:26:30.08,39752,落云宗修士,德治计,0.363,pending
00:26:30.08,39752,落云宗修士,CP爱学,0.69,low_conf
00:26:30.08,39752,落云宗修士,Ua核驹Kira,0.6,low_conf
00:26:30.08,39752,落云宗修士,打更的骨是,0.61,low_conf
00:26:30.08,39752,落云宗修士,会转拉,0.539,pending
00:26:30.08,39752,落云宗修士,时光不老tc,0.713,low_conf
00:26:30.08,39752,落云宗修士,小辉猪饲养品,0.725,low_conf
00:26:30.08,39752,落云宗修士,增识,0.469,pending
00:26:30.08,39752,落云宗修士,CaF08,0.404,pending
00:26:30.08,39752,落云宗修士,打工膏奇的,0.63,low_conf
00:26:30.08,39752,落云宗修士,绘围里化给剂,0.544,pending
00:26:30.08,39752,落云宗修士,迷失,0.611,low_conf
00:26:30.08,39752,落云宗修士,小爽龙饲养,0.66,low_conf
00:26:30.08,39752,落云宗修士,Uchhd-带主,0.572,pending
00:26:30.08,39752,落云宗修士,打工是仔住的老板林,0.643,low_conf
00:26:30.08,39752,落云宗修士,会会会会,0.604,low_conf
00:26:30.08,39752,落云宗修士,迷失的,0.674,low_conf
00:26:30.08,39752,落云宗修士,时光点,0.548,pending
00:26:30.08,39752,落云宗修士,小鸡米将,0.687,low_conf
00:26:30.08,39752,落云宗修士,扎1213,0.501,pending
00:26:30.08,39752,落云宗修士,打化体员,0.417,pending
00:26:30.08,39752,落云宗修士,重重的色子,0.445,pending
00:26:30.08,39752,落云宗修士,迷生琴,0.55,pending
00:26:30.08,39752,落云宗修士,时光会记1,0.744,low_conf
00:26:30.08,39752,落云宗修士,小鸡米,0.68,low_conf
00:26:30.08,39752,落云宗修士,扎跳-凡批,0.71,low_conf
00:26:30.08,39752,落云宗修士,Cranil,0.627,low_conf
00:26:30.08,39752,落云宗修士,惠惠的冕子惑,0.513,pending
00:26:30.08,39752,落云宗修士,迷失在,0.733,low_conf
00:26:30.08,39752,落云宗修士,时光机械,0.734,low_conf
00:26:30.08,39752,落云宗修士,小奇,0.377,pending
00:26:30.08,39752,落云宗修士,打架别穿楼,0.547,pending
00:26:30.08,39752,落云宗修士,曾弹琴喝9號,0.638,low_conf
00:26:30.08,39752,落云宗修士,迷死你,0.746,low_conf
00:26:30.08,39752,落云宗修士,摸车饮咖啡,0.726,low_conf
00:26:30.08,39752,落云宗修士,uimie,0.741,low_conf
00:26:30.08,39752,落云宗修士,打酱油咯喽,0.619,low_conf
00:26:30.08,39752,落云宗修士,曾有猫的,0.589,pending
00:26:30.08,39752,落云宗修士,迷途空,0.737,low_conf
00:26:30.08,39752,落云宗修士,湾男乖仔,0.611,low_conf
00:26:30.08,39752,落云宗修士,打卡上平班的H,0.736,low_conf
00:26:30.08,39752,落云宗修士,慧伟上久,0.571,pending
00:26:30.08,39752,落云宗修士,迷途学,0.745,low_conf
00:26:30.08,39752,落云宗修士,迷途致,0.651,low_conf
00:26:30.08,39752,落云宗修士,渣渣张,0.744,low_conf
00:26:30.08,39752,落云宗修士,打喔喔鸡,0.675,low_conf
00:26:30.08,39752,落云宗修士,时光小住,0.714,low_conf
00:26:30.08,39752,落云宗修士,吃眼的周星星,0.69,low_conf
00:26:30.08,39752,落云宗修士,迷之313,0.739,low_conf
00:26:30.08,39752,落云宗修士,时光之痕\,0.685,low_conf
00:26:30.08,39752,落云宗修士,小娇黑,0.53,pending
00:26:30.08,39752,落云宗修士,UltraDQQ,0.746,low_conf
00:26:30.08,39752,落云宗修士,迷之关,0.706,low_conf
00:26:30.08,39752,落云宗修士,迷踪岛,0.682,low_conf
00:26:30.08,39752,落云宗修士,小脚滚烫鸣鸣鸣,0.688,low_conf
00:26:30.08,39752,落云宗修士,一打小就好看,0.691,low_conf
00:26:30.08,39752,落云宗修士,迷の小,0.726,low_conf
00:26:30.08,39752,落云宗修士,时间来,0.737,low_conf
00:26:30.08,39752,落云宗修士,小教兽,0.624,low_conf
00:26:30.08,39752,落云宗修士,Ultrom,0.699,low_conf
00:26:30.08,39752,落云宗修士,魂玖咒,0.551,pending
00:26:30.08,39752,落云宗修士,猕猴桃,0.678,low_conf
00:26:30.08,39752,落云宗修士,时间矢量Z,0.647,low_conf
00:26:30.08,39752,落云宗修士,打鱼卷_YY,0.666,low_conf
00:26:30.08,39752,落云宗修士,谜让,0.663,low_conf
00:26:30.08,39752,落云宗修士,谜-途-,0.72,low_conf
00:26:30.08,39752,落云宗修士,谜一样,0.729,low_conf
00:26:30.08,39752,落云宗修士,大R猎人,0.746,low_conf
00:26:30.08,39752,落云宗修士,魂逸枣,0.601,low_conf
00:26:30.08,39752,落云宗修士,鹿会,0.654,low_conf
00:26:30.08,39752,落云宗修士,宅计,0.665,low_conf
00:26:30.08,39752,落云宗修士,補豆,0.596,pending
00:26:30.08,39752,落云宗修士,小井是小默,0.691,low_conf
00:26:30.08,39752,落云宗修士,宅家的德,0.735,low_conf
00:26:30.08,39752,落云宗修士,大阿启,0.748,low_conf
00:26:30.08,39752,落云宗修士,米菲10,0.709,low_conf
00:26:30.08,39752,落云宗修士,宅,0.499,pending
00:26:30.08,39752,落云宗修士,米粉鹿,0.749,low_conf
00:26:30.08,39752,落云宗修士,米开了,0.739,low_conf
00:26:30.08,39752,落云宗修士,时锦没,0.748,low_conf
00:26:30.08,39752,落云宗修士,混混达,0.746,low_conf
00:26:30.08,39752,落云宗修士,米凯拉,0.695,low_conf
00:26:30.08,39752,落云宗修士,小九激,0.742,low_conf
00:26:33.76,39844,落云宗修士,csgo小李達,0.711,low_conf
00:26:33.76,39844,落云宗修士,豁心之魂,0.704,low_conf
00:26:33.76,39844,落云宗修士,米谜鱼,0.499,pending
00:26:33.76,39844,落云宗修士,小巨狸,0.574,pending
00:26:33.76,39844,落云宗修士,米米果,0.568,pending
00:26:33.76,39844,落云宗修士,小聚呢,0.62,low_conf
00:26:33.76,39844,落云宗修士,大白衣服,0.742,low_conf
00:26:33.76,39844,落云宗修士,米妮猫,0.71,low_conf
00:26:33.76,39844,落云宗修士,时思-,0.569,pending
00:26:33.76,39844,落云宗修士,-斩落凡尘,0.719,low_conf
00:26:33.76,39844,落云宗修士,CSTG-WSVY,0.688,low_conf
00:26:33.76,39844,落云宗修士,大百科,0.685,low_conf
00:26:33.76,39844,落云宗修士,活儿,0.663,low_conf
00:26:33.76,39844,落云宗修士,来年勒,0.551,pending
00:26:33.76,39844,落云宗修士,时心SX,0.545,pending
00:26:33.76,39844,落云宗修士,小可爱芮汐,0.736,low_conf
00:26:33.76,39844,落云宗修士,斩星回忆,0.715,low_conf
00:26:33.76,39844,落云宗修士,米欧尼,0.496,pending
00:26:33.76,39844,落云宗修士,时叶时叶,0.7,low_conf
00:26:33.76,39844,落云宗修士,ct-scobi026,0.676,low_conf
00:26:33.76,39844,落云宗修士,uuipl,0.589,pending
00:26:33.76,39844,落云宗修士,天包儿,0.506,pending
00:26:33.76,39844,落云宗修士,活在CPi重,0.691,low_conf
00:26:33.76,39844,落云宗修士,米林,0.163,pending
00:26:33.76,39844,落云宗修士,时之华,0.736,low_conf
00:26:33.76,39844,落云宗修士,点当当,0.567,pending
00:26:33.76,39844,落云宗修士,Cticu,0.482,pending
00:26:33.76,39844,落云宗修士,来林,0.179,pending
00:26:33.76,39844,落云宗修士,小刻未猫似不可以,0.649,low_conf
00:26:33.76,39844,落云宗修士,战头-皮卡乒,0.668,low_conf
00:26:33.76,39844,落云宗修士,UUUCHUUU,0.556,pending
00:26:33.76,39844,落云宗修士,大笨酱,0.71,low_conf
00:26:33.76,39844,落云宗修士,米丝刮甜,0.356,pending
00:26:33.76,39844,落云宗修士,识是攻,0.591,pending
00:26:33.76,39844,落云宗修士,小枯叶ovo,0.652,low_conf
00:26:33.76,39844,落云宗修士,cunniectong,0.635,low_conf
00:26:33.76,39844,落云宗修士,u安安静,0.704,low_conf
00:26:33.76,39844,落云宗修士,米斯单,0.395,pending
00:26:33.76,39844,落云宗修士,实检理,0.649,low_conf
00:26:33.76,39844,落云宗修士,小酷熊p,0.71,low_conf
00:26:33.76,39844,落云宗修士,战术鬼才泰仑点,0.64,low_conf
00:26:33.76,39844,落云宗修士,cunng,0.555,pending
00:26:33.76,39844,落云宗修士,火大的保险丝,0.742,low_conf
00:26:33.76,39844,落云宗修士,来,0.135,pending
00:26:33.76,39844,落云宗修士,实线掉头,0.69,low_conf
00:26:33.76,39844,落云宗修士,小葵花88,0.746,low_conf
00:26:33.76,39844,落云宗修士,战五渣求变大佬,0.575,pending
00:26:33.76,39844,落云宗修士,cuoyy,0.568,pending
00:26:33.76,39844,落云宗修士,大布了和小家,0.666,low_conf
00:26:33.76,39844,落云宗修士,火棍萨波,0.606,low_conf
00:26:33.76,39844,落云宗修士,来西团,0.236,pending
00:26:33.76,39844,落云宗修士,长或掉大,0.184,pending
00:26:33.76,39844,落云宗修士,小鲲阵下,0.629,low_conf
00:26:33.76,39844,落云宗修士,绿,0.117,pending
00:26:33.76,39844,落云宗修士,Cup颗Cup面,0.672,low_conf
00:26:33.76,39844,落云宗修士,VAINLY,0.668,low_conf
00:26:33.76,39844,落云宗修士,火锅额,0.663,low_conf
00:26:33.76,39844,落云宗修士,拾光向拨键,0.53,pending
00:26:33.76,39844,落云宗修士,小蚊啡,0.313,pending
00:26:33.76,39844,落云宗修士,缝英Glax,0.509,pending
00:26:33.76,39844,落云宗修士,cup麦,0.536,pending
00:26:33.76,39844,落云宗修士,V8马化腾,0.722,low_conf
00:26:33.76,39844,落云宗修士,大肠米刺身,0.634,low_conf
00:26:33.76,39844,落云宗修士,来子,0.228,pending
00:26:33.76,39844,落云宗修士,拾光,0.361,pending
00:26:33.76,39844,落云宗修士,小岚416,0.608,low_conf
00:26:33.76,39844,落云宗修士,CuRRY10910,0.714,low_conf
00:26:33.76,39844,落云宗修士,Vo马V,0.356,pending
00:26:33.76,39844,落云宗修士,大超无吨,0.633,low_conf
00:26:33.76,39844,落云宗修士,火鸡面来飞,0.627,low_conf
00:26:33.76,39844,落云宗修士,米粥,0.297,pending
00:26:33.76,39844,落云宗修士,拾年多,0.464,pending
00:26:33.76,39844,落云宗修士,小蓝不想逃,0.583,pending
00:26:33.76,39844,落云宗修士,张大佛签073,0.545,pending
00:26:33.76,39844,落云宗修士,火焗之光层,0.594,pending
00:26:33.76,39844,落云宗修士,拾年委委,0.573,pending
00:26:33.76,39844,落云宗修士,小朗逸限,0.441,pending
00:26:33.76,39844,落云宗修士,cursel酸,0.74,low_conf
00:26:33.76,39844,落云宗修士,大驰会,0.327,pending
00:26:33.76,39844,落云宗修士,火烤小米芝,0.607,low_conf
00:26:33.76,39844,落云宗修士,大面,0.072,pending
00:26:33.76,39844,落云宗修士,拾参类,0.284,pending
00:26:33.76,39844,落云宗修士,小朗逸233,0.692,low_conf
00:26:33.76,39844,落云宗修士,vagu,0.346,pending
00:26:33.76,39844,落云宗修士,大果芝雨,0.444,pending
00:26:33.76,39844,落云宗修士,火烤小,0.456,pending
00:26:33.76,39844,落云宗修士,红色食,0.421,pending
00:26:33.76,39844,落云宗修士,拾沿膏,0.365,pending
00:26:33.76,39844,落云宗修士,小浪汤蛋3-名,0.598,pending
00:26:33.76,39844,落云宗修士,大春小扇,0.385,pending
00:26:33.76,39844,落云宗修士,火灭果坐过山,0.606,low_conf
00:26:33.76,39844,落云宗修士,系色食,0.704,low_conf
00:26:33.76,39844,落云宗修士,拾忆,0.288,pending
00:26:33.76,39844,落云宗修士,小老头第,0.656,low_conf
00:26:33.76,39844,落云宗修士,张豆果的！,0.62,low_conf
00:26:33.76,39844,落云宗修士,大药瓶,0.32,pending
00:26:33.76,39844,落云宗修士,火龙果孚支线,0.52,pending
00:26:33.76,39844,落云宗修士,觅得浮,0.617,low_conf
00:26:33.76,39844,落云宗修士,抢意,0.353,pending
00:26:33.76,39844,落云宗修士,小老烤,0.677,low_conf
00:26:33.76,39844,落云宗修士,张注注,0.42,pending
00:26:33.76,39844,落云宗修士,cutters,0.723,low_conf
00:26:33.76,39844,落云宗修士,Vampire2,0.734,low_conf
00:26:33.76,39844,落云宗修士,大题和他的小机示,0.727,low_conf
00:26:33.76,39844,落云宗修士,火炖量华线,0.399,pending
00:26:33.76,39844,落云宗修士,宽剧漫！,0.596,pending
00:26:33.76,39844,落云宗修士,拾樱菜,0.475,pending
00:26:33.76,39844,落云宗修士,小辣爆鞋,0.52,pending
00:26:33.76,39844,落云宗修士,张汁汁1,0.514,pending
00:26:33.76,39844,落云宗修士,VampireD,0.743,low_conf
00:26:33.76,39844,落云宗修士,大想明和他的小机穴,0.535,pending
00:26:33.76,39844,落云宗修士,宽星信,0.578,pending
00:26:33.76,39844,落云宗修士,拾期菜,0.297,pending
00:26:33.76,39844,落云宗修士,小劲同,0.487,pending
00:26:33.76,39844,落云宗修士,张抗抗！,0.74,low_conf
00:26:33.76,39844,落云宗修士,大粗大腿,0.545,pending
00:26:33.76,39844,落云宗修士,火人,0.575,pending
00:26:33.76,39844,落云宗修士,秘偶师,0.742,low_conf
00:26:33.76,39844,落云宗修士,蚀星纪,0.734,low_conf
00:26:33.76,39844,落云宗修士,小冷冷。,0.7,low_conf
00:26:33.76,39844,落云宗修士,张老鹤,0.701,low_conf
00:26:33.76,39844,落云宗修士,大粗腿我们走34,0.681,low_conf
00:26:33.76,39844,落云宗修士,密码错,0.723,low_conf
00:26:33.76,39844,落云宗修士,蚀夜先生,0.657,low_conf
00:26:33.76,39844,落云宗修士,小季e,0.416,pending
00:26:33.76,39844,落云宗修士,张力性气胸,0.739,low_conf
00:26:33.76,39844,落云宗修士,CVUC,0.69,low_conf
00:26:33.76,39844,落云宗修士,火兔月,0.695,low_conf
00:26:33.76,39844,落云宗修士,密斯特,0.741,low_conf
00:26:33.76,39844,落云宗修士,食蜂蝶祈,0.709,low_conf
00:26:33.76,39844,落云宗修士,小李爱学习,0.665,low_conf
00:26:33.76,39844,落云宗修士,张凌赫2老婆,0.651,low_conf
00:26:33.76,39844,落云宗修士,大大大哒哒恐龙,0.73,low_conf
00:26:33.76,39844,落云宗修士,火星骑生,0.429,pending
00:26:33.76,39844,落云宗修士,蜜蜂の,0.732,low_conf
00:26:33.76,39844,落云宗修士,大大大大大大大大大,0.572,pending
00:26:33.76,39844,落云宗修士,蜜迷幂,0.692,low_conf
00:26:33.76,39844,落云宗修士,時绪風吟,0.567,pending
00:26:33.76,39844,落云宗修士,Cxbaka,0.726,low_conf
00:26:33.76,39844,落云宗修士,蜜薯烤,0.744,low_conf
00:26:33.76,39844,落云宗修士,時之彼端,0.743,low_conf
00:26:33.76,39844,落云宗修士,大大大大的金市王,0.744,low_conf
00:26:33.76,39844,落云宗修士,蜜糖纸,0.749,low_conf
00:26:33.76,39844,落云宗修士,識織截,0.379,pending
00:26:33.76,39844,落云宗修士,火蕾-X型,0.495,pending
00:26:33.76,39844,落云宗修士,史蒂滨洲,0.735,low_conf
00:26:33.76,39844,落云宗修士,张祈豪,0.735,low_conf
00:26:33.76,39844,落云宗修士,蜜桃奶,0.748,low_conf
00:26:33.76,39844,落云宗修士,火著,0.579,pending
00:26:33.76,39844,落云宗修士,绵绵星：,0.648,low_conf
00:26:33.76,39844,落云宗修士,张什么炜,0.72,low_conf
00:26:33.76,39844,落云宗修士,或许可以-,0.744,low_conf
00:26:33.76,39844,落云宗修士,绵洋L,0.747,low_conf
00:26:33.76,39844,落云宗修士,小林绅土,0.688,low_conf
00:26:33.76,39844,落云宗修士,张书越,0.749,low_conf
00:26:37.44,39936,落云宗修士,cyill,0.655,low_conf
00:26:37.44,39936,落云宗修士,面包超,0.663,low_conf
00:26:37.44,39936,落云宗修士,面包咖,0.655,low_conf
00:26:37.44,39936,落云宗修士,屎Zx神,0.681,low_conf
00:26:37.44,39936,落云宗修士,唯七吼哈,0.649,low_conf
00:26:37.44,39936,落云宗修士,面壁者,0.746,low_conf
00:26:37.44,39936,落云宗修士,士重,0.621,low_conf
00:26:37.44,39936,落云宗修士,张玉田,0.747,low_conf
00:26:37.44,39936,落云宗修士,面对疾,0.746,low_conf
00:26:37.44,39936,落云宗修士,小琉夜,0.743,low_conf
00:26:37.44,39936,落云宗修士,张安之,0.654,low_conf
00:26:37.44,39936,落云宗修士,CZXSZ77,0.565,pending
00:26:37.44,39936,落云宗修士,大帝之手,0.711,low_conf
00:26:37.44,39936,落云宗修士,面麻-,0.588,pending
00:26:37.44,39936,落云宗修士,張灿辉,0.532,pending
00:26:37.44,39936,落云宗修士,大钉子酱,0.7,low_conf
00:26:37.44,39936,落云宗修士,面面本,0.747,low_conf
00:26:37.44,39936,落云宗修士,张盗阁,0.71,low_conf
00:26:37.44,39936,落云宗修士,CZZ3778,0.674,low_conf
00:26:37.44,39936,落云宗修士,面面一,0.629,low_conf
00:26:37.44,39936,落云宗修士,世界的理想-,0.747,low_conf
00:26:37.44,39936,落云宗修士,張褒民zhm,0.715,low_conf
00:26:37.44,39936,落云宗修士,C禅跃,0.709,low_conf
00:26:37.44,39936,落云宗修士,大东郭,0.747,low_conf
00:26:37.44,39936,落云宗修士,面瘫怪,0.746,low_conf
00:26:37.44,39936,落云宗修士,世界方干奇妙,0.685,low_conf
00:26:37.44,39936,落云宗修士,張俊以,0.663,low_conf
00:26:37.44,39936,落云宗修士,喵嫩鸣,0.611,low_conf
00:26:37.44,39936,落云宗修士,世界无圣母,0.747,low_conf
00:26:37.44,39936,落云宗修士,小萝卜嘻欢你,0.716,low_conf
00:26:37.44,39936,落云宗修士,張玫,0.486,pending
00:26:37.44,39936,落云宗修士,c风-,0.458,pending
00:26:37.44,39936,落云宗修士,喵LuoV,0.59,pending
00:26:37.44,39936,落云宗修士,世界有一千个我,0.725,low_conf
00:26:37.44,39936,落云宗修士,小螺号滴滴地吹--,0.739,low_conf
00:26:37.44,39936,落云宗修士,叽噻,0.345,pending
00:26:37.44,39936,落云宗修士,哺na喵,0.489,pending
00:26:37.44,39936,落云宗修士,世民六少务,0.723,low_conf
00:26:37.44,39936,落云宗修士,小洛儿豆,0.698,low_conf
00:26:37.44,39936,落云宗修士,C-清-,0.641,low_conf
00:26:37.44,39936,落云宗修士,喵四呜,0.371,pending
00:26:37.44,39936,落云宗修士,小珞墨,0.733,low_conf
00:26:37.44,39936,落云宗修士,CHAA,0.613,low_conf
00:26:37.44,39936,落云宗修士,大發肩,0.604,low_conf
00:26:37.44,39936,落云宗修士,喵器角,0.537,pending
00:26:37.44,39936,落云宗修士,章鱼哥f,0.664,low_conf
00:26:37.44,39936,落云宗修士,Csiver,0.73,low_conf
00:26:37.44,39936,落云宗修士,喵大紫,0.52,pending
00:26:37.44,39936,落云宗修士,童鱼花花,0.66,low_conf
00:26:37.44,39936,落云宗修士,C、飘逸的胸毛,0.702,low_conf
00:26:37.44,39936,落云宗修士,大风来袭,0.663,low_conf
00:26:37.44,39936,落云宗修士,哺蛋的,0.695,low_conf
00:26:37.44,39936,落云宗修士,01025,0.649,low_conf
00:26:37.44,39936,落云宗修士,机智的柿子,0.748,low_conf
00:26:37.44,39936,落云宗修士,哺的红,0.632,low_conf
00:26:37.44,39936,落云宗修士,世人教你韩天,0.558,pending
00:26:37.44,39936,落云宗修士,漳水冰已洋,0.608,low_conf
00:26:37.44,39936,落云宗修士,daao,0.53,pending
00:26:37.44,39936,落云宗修士,大風起、,0.682,low_conf
00:26:37.44,39936,落云宗修士,哺酱吃,0.659,low_conf
00:26:37.44,39936,落云宗修士,世春,0.328,pending
00:26:37.44,39936,落云宗修士,-D Pamwn,0.624,low_conf
00:26:37.44,39936,落云宗修士,大奉打更人,0.687,low_conf
00:26:37.44,39936,落云宗修士,喵酱医,0.313,pending
00:26:37.44,39936,落云宗修士,世春最纯洁,0.68,low_conf
00:26:37.44,39936,落云宗修士,小麦追打外角低,0.717,low_conf
00:26:37.44,39936,落云宗修士,长安的出竹,0.724,low_conf
00:26:37.44,39936,落云宗修士,Dkratos,0.679,low_conf
00:26:37.44,39936,落云宗修士,大奉万古不灵,0.649,low_conf
00:26:37.44,39936,落云宗修士,机智的手编剧,0.717,low_conf
00:26:37.44,39936,落云宗修士,喷酒,0.268,pending
00:26:37.44,39936,落云宗修士,世上最美樱花庄,0.708,low_conf
00:26:37.44,39936,落云宗修士,小馒买买买买,0.628,low_conf
00:26:37.44,39936,落云宗修士,D推生,0.335,pending
00:26:37.44,39936,落云宗修士,大尖有救吗,0.703,low_conf
00:26:37.44,39936,落云宗修士,酒,0.159,pending
00:26:37.44,39936,落云宗修士,世上位,0.644,low_conf
00:26:37.44,39936,落云宗修士,小满工铃,0.58,pending
00:26:37.44,39936,落云宗修士,长安码农全,0.654,low_conf
00:26:37.44,39936,落云宗修士,D-拼生耶,0.659,low_conf
00:26:37.44,39936,落云宗修士,VIP-eon,0.44,pending
00:26:37.44,39936,落云宗修士,大福哺哦叫,0.579,pending
00:26:37.44,39936,落云宗修士,机智的元气宝,0.691,low_conf
00:26:37.44,39936,落云宗修士,哺季起,0.356,pending
00:26:37.44,39936,落云宗修士,世一重天尊,0.488,pending
00:26:37.44,39936,落云宗修士,长女求,0.345,pending
00:26:37.44,39936,落云宗修士,ditey,0.542,pending
00:26:37.44,39936,落云宗修士,VIP死果,0.579,pending
00:26:37.44,39936,落云宗修士,大履女AAA,0.633,low_conf
00:26:37.44,39936,落云宗修士,肌窗金究,0.619,low_conf
00:26:37.44,39936,落云宗修士,会,0.111,pending
00:26:37.44,39936,落云宗修士,世英欣敏,0.655,low_conf
00:26:37.44,39936,落云宗修士,小满团团宝,0.665,low_conf
00:26:37.44,39936,落云宗修士,长是呆手的我,0.513,pending
00:26:37.44,39936,落云宗修士,Dice,0.25,pending
00:26:37.44,39936,落云宗修士,Vir sep12W,0.749,low_conf
00:26:37.44,39936,落云宗修士,大窝大贵的毛哥,0.701,low_conf
00:26:37.44,39936,落云宗修士,肌肉老金,0.581,pending
00:26:37.44,39936,落云宗修士,嘴猫利,0.356,pending
00:26:37.44,39936,落云宗修士,世美欣读,0.491,pending
00:26:37.44,39936,落云宗修士,小滴不能摆烂,0.692,low_conf
00:26:37.44,39936,落云宗修士,长不天小的,0.653,low_conf
00:26:37.44,39936,落云宗修士,D62-转,0.627,low_conf
00:26:37.44,39936,落云宗修士,Viraep12,0.567,pending
00:26:37.44,39936,落云宗修士,大秘是负吧,0.494,pending
00:26:37.44,39936,落云宗修士,肌女,0.656,low_conf
00:26:37.44,39936,落云宗修士,喵猫秋,0.591,pending
00:26:37.44,39936,落云宗修士,世春应造委,0.301,pending
00:26:37.44,39936,落云宗修士,小猫升能机33,0.72,low_conf
00:26:37.44,39936,落云宗修士,长不大的黑瘦,0.725,low_conf
00:26:37.44,39936,落云宗修士,D66一轮,0.683,low_conf
00:26:37.44,39936,落云宗修士,Virgo4,0.685,low_conf
00:26:37.44,39936,落云宗修士,大定R,0.539,pending
00:26:37.44,39936,落云宗修士,喵喵发,0.264,pending
00:26:37.44,39936,落云宗修士,小民原,0.397,pending
00:26:37.44,39936,落云宗修士,小猫咪机3,0.663,low_conf
00:26:37.44,39936,落云宗修士,长不胖的集怎,0.465,pending
00:26:37.44,39936,落云宗修士,Dabetty,0.676,low_conf
00:26:37.44,39936,落云宗修士,鸡蛋汤里有鸡,0.733,low_conf
00:26:37.44,39936,落云宗修士,喵喵炒,0.587,pending
00:26:37.44,39936,落云宗修士,不清露层1224,0.608,low_conf
00:26:37.44,39936,落云宗修士,小猫咪-爱吃鱼,0.74,low_conf
00:26:37.44,39936,落云宗修士,长醇,0.38,pending
00:26:37.44,39936,落云宗修士,大哥你谭漂瓶子还要,0.597,pending
00:26:37.44,39936,落云宗修士,鸡糯汤果脊鸡,0.589,pending
00:26:37.44,39936,落云宗修士,嘴嘴队,0.422,pending
00:26:37.44,39936,落云宗修士,似花星辰,0.607,low_conf
00:26:37.44,39936,落云宗修士,长得像泰相,0.69,low_conf
00:26:37.44,39936,落云宗修士,dachndai+楼子,0.733,low_conf
00:26:37.44,39936,落云宗修士,大狗途,0.351,pending
00:26:37.44,39936,落云宗修士,鸡排1924,0.684,low_conf
00:26:37.44,39936,落云宗修士,喵嘴加,0.493,pending
00:26:37.44,39936,落云宗修士,似花气,0.575,pending
00:26:37.44,39936,落云宗修士,小猫冻爱,0.556,pending
00:26:37.44,39936,落云宗修士,长得像添查有时、,0.705,low_conf
00:26:37.44,39936,落云宗修士,Vitravius.,0.733,low_conf
00:26:37.44,39936,落云宗修士,大狗说纸,0.612,low_conf
00:26:37.44,39936,落云宗修士,鸡肉米线4,0.615,low_conf
00:26:37.44,39936,落云宗修士,喵喵蕾,0.597,pending
00:26:37.44,39936,落云宗修士,似冷香,0.668,low_conf
00:26:37.44,39936,落云宗修士,长风浪,0.389,pending
00:26:37.44,39936,落云宗修士,大狗兔纸看刷,0.627,low_conf
00:26:37.44,39936,落云宗修士,鸡肉来线好,0.693,low_conf
00:26:37.44,39936,落云宗修士,喵喵咪！,0.616,low_conf
00:26:37.44,39936,落云宗修士,似落非白,0.687,low_conf
00:26:37.44,39936,落云宗修士,小猪馅面包,0.713,low_conf
00:26:37.44,39936,落云宗修士,长歌温和,0.719,low_conf
00:26:37.44,39936,落云宗修士,Vivenne.,0.712,low_conf
00:26:37.44,39936,落云宗修士,大狗熊爱看,0.639,low_conf
00:26:37.44,39936,落云宗修士,鸡神菜墨酒,0.538,pending
00:26:37.44,39936,落云宗修士,喵喵喵,0.673,low_conf
00:26:37.44,39936,落云宗修士,小美星,0.678,low_conf
00:26:37.44,39936,落云宗修士,长司,0.346,pending
00:26:41.12,40028,落云宗修士,Voidx0,0.723,low_conf
00:26:41.12,40028,落云宗修士,喵嗓的,0.61,low_conf
00:26:41.12,40028,落云宗修士,小吖观察员,0.713,low_conf
00:26:41.12,40028,落云宗修士,-VON,0.59,pending
00:26:41.12,40028,落云宗修士,喵汪汪,0.726,low_conf
00:26:41.12,40028,落云宗修士,姬虚空,0.749,low_conf
00:26:41.12,40028,落云宗修士,姬玄机,0.651,low_conf
00:26:41.12,40028,落云宗修士,喵鸣起,0.562,pending
00:26:41.12,40028,落云宗修士,VR杨,0.676,low_conf
00:26:41.12,40028,落云宗修士,姬桩丶,0.637,low_conf
00:26:41.12,40028,落云宗修士,喵兮兮,0.722,low_conf
00:26:41.12,40028,落云宗修士,喵巷鱼,0.736,low_conf
00:26:41.12,40028,落云宗修士,vsSv,0.449,pending
00:26:41.12,40028,落云宗修士,大鹤…,0.662,low_conf
00:26:41.12,40028,落云宗修士,凯餐胡處肉,0.613,low_conf
00:26:41.12,40028,落云宗修士,喵星人,0.733,low_conf
00:26:41.12,40028,落云宗修士,小明帅爆了,0.712,low_conf
00:26:41.12,40028,落云宗修士,长坑儿,0.574,pending
00:26:41.12,40028,落云宗修士,vv_XM,0.628,low_conf
00:26:41.12,40028,落云宗修士,是阿太啊,0.741,low_conf
00:26:41.12,40028,落云宗修士,长乐未满,0.715,low_conf
00:26:41.12,40028,落云宗修士,VVakeoo,0.718,low_conf
00:26:41.12,40028,落云宗修士,喵一声,0.73,low_conf
00:26:41.12,40028,落云宗修士,长琴抚心,0.727,low_conf
00:26:41.12,40028,落云宗修士,VVChin,0.727,low_conf
00:26:41.12,40028,落云宗修士,基弗粉,0.71,low_conf
00:26:41.12,40028,落云宗修士,喵梓喵,0.717,low_conf
00:26:41.12,40028,落云宗修士,是钢辰呀,0.738,low_conf
00:26:41.12,40028,落云宗修士,小明胸,0.749,low_conf
00:26:41.12,40028,落云宗修士,Vv绫瑶vivi,0.741,low_conf
00:26:41.12,40028,落云宗修士,大荒陨,0.72,low_conf
00:26:41.12,40028,落云宗修士,基里连科）,0.677,low_conf
00:26:41.12,40028,落云宗修士,喵字牌,0.746,low_conf
00:26:41.12,40028,落云宗修士,是敖嗽呀,0.616,low_conf
00:26:41.12,40028,落云宗修士,V-weio,0.728,low_conf
00:26:41.12,40028,落云宗修士,喵总倪,0.745,low_conf
00:26:41.12,40028,落云宗修士,激豆不,0.745,low_conf
00:26:41.12,40028,落云宗修士,苗家三,0.619,low_conf
00:26:41.12,40028,落云宗修士,小磨不会唱歌,0.738,low_conf
00:26:41.12,40028,落云宗修士,长生秋,0.661,low_conf
00:26:41.12,40028,落云宗修士,V风行者,0.645,low_conf
00:26:41.12,40028,落云宗修士,苗疆地,0.742,low_conf
00:26:41.12,40028,落云宗修士,小魔鲸,0.749,low_conf
00:26:41.12,40028,落云宗修士,长生天鹰,0.738,low_conf
00:26:41.12,40028,落云宗修士,秒池,0.663,low_conf
00:26:41.12,40028,落云宗修士,V花涯灭V,0.609,low_conf
00:26:41.12,40028,落云宗修士,鈺,0.45,pending
00:26:41.12,40028,落云宗修士,渺飘零,0.684,low_conf
00:26:41.12,40028,落云宗修士,是陳所長鸭,0.729,low_conf
00:26:41.12,40028,落云宗修士,v锦鲤鱼V,0.643,low_conf
00:26:41.12,40028,落云宗修士,钢钇钛镁,0.625,low_conf
00:26:41.12,40028,落云宗修士,妙成山,0.746,low_conf
00:26:41.12,40028,落云宗修士,小墨y,0.72,low_conf
00:26:41.12,40028,落云宗修士,长亭灸,0.475,pending
00:26:41.12,40028,落云宗修士,V清怨,0.453,pending
00:26:41.12,40028,落云宗修士,妙脆角,0.701,low_conf
00:26:41.12,40028,落云宗修士,长头发面包,0.698,low_conf
00:26:41.12,40028,落云宗修士,吉琥琥,0.728,low_conf
00:26:41.12,40028,落云宗修士,妙妙猫,0.747,low_conf
00:26:41.12,40028,落云宗修士,小未员,0.57,pending
00:26:41.12,40028,落云宗修士,长腿萝,0.726,low_conf
00:26:41.12,40028,落云宗修士,Danny..,0.693,low_conf
00:26:41.12,40028,落云宗修士,v我50-,0.725,low_conf
00:26:41.12,40028,落云宗修士,妙妙妙,0.748,low_conf
00:26:41.12,40028,落云宗修士,v喜50b,0.628,low_conf
00:26:41.12,40028,落云宗修士,吉吉国全_V5,0.699,low_conf
00:26:41.12,40028,落云宗修士,妙音上,0.685,low_conf
00:26:41.12,40028,落云宗修士,DarAr、龍龍龍龍,0.688,low_conf
00:26:41.12,40028,落云宗修士,V言耸听,0.488,pending
00:26:41.12,40028,落云宗修士,妙晶,0.357,pending
00:26:41.12,40028,落云宗修士,长小风,0.535,pending
00:26:41.12,40028,落云宗修士,吉利雯子,0.734,low_conf
00:26:41.12,40028,落云宗修士,鲜肌肌,0.352,pending
00:26:41.12,40028,落云宗修士,大晋怪怪,0.739,low_conf
00:26:41.12,40028,落云宗修士,古良吉影美甲厂,0.717,low_conf
00:26:41.12,40028,落云宗修士,哮啡啡,0.249,pending
00:26:41.12,40028,落云宗修士,长夏小仙女,0.74,low_conf
00:26:41.12,40028,落云宗修士,-w--,0.538,pending
00:26:41.12,40028,落云宗修士,吉米在此,0.697,low_conf
00:26:41.12,40028,落云宗修士,哮哮,0.344,pending
00:26:41.12,40028,落云宗修士,是秦孝啡,0.507,pending
00:26:41.12,40028,落云宗修士,小楠楠小小,0.749,low_conf
00:26:41.12,40028,落云宗修士,Darkpelsw,0.674,low_conf
00:26:41.12,40028,落云宗修士,昂自,0.194,pending
00:26:41.12,40028,落云宗修士,哮畔杨,0.508,pending
00:26:41.12,40028,落云宗修士,长夜有星辰Xc,0.688,low_conf
00:26:41.12,40028,落云宗修士,darpown,0.582,pending
00:26:41.12,40028,落云宗修士,大橘未重啊,0.699,low_conf
00:26:41.12,40028,落云宗修士,哮畔汤,0.372,pending
00:26:41.12,40028,落云宗修士,是个开心颜,0.705,low_conf
00:26:41.12,40028,落云宗修士,小窦七,0.397,pending
00:26:41.12,40028,落云宗修士,长以少年游,0.733,low_conf
00:26:41.12,40028,落云宗修士,darp,0.577,pending
00:26:41.12,40028,落云宗修士,哮师傅,0.581,pending
00:26:41.12,40028,落云宗修士,是哈温呐,0.69,low_conf
00:26:41.12,40028,落云宗修士,小妞元-给爷笑一个,0.709,low_conf
00:26:41.12,40028,落云宗修士,长长知识,0.73,low_conf
00:26:41.12,40028,落云宗修士,Darubecheies,0.735,low_conf
00:26:41.12,40028,落云宗修士,极地凉风,0.63,low_conf
00:26:41.12,40028,落云宗修士,唯师傅,0.206,pending
00:26:41.12,40028,落云宗修士,是娠风呀,0.45,pending
00:26:41.12,40028,落云宗修士,小生大魔至头,0.446,pending
00:26:41.12,40028,落云宗修士,长伴身谣的欲是我,0.677,low_conf
00:26:41.12,40028,落云宗修士,dauicceex,0.301,pending
00:26:41.12,40028,落云宗修士,wakin养养,0.688,low_conf
00:26:41.12,40028,落云宗修士,大氨不必,0.554,pending
00:26:41.12,40028,落云宗修士,极度社恐的波者,0.688,low_conf
00:26:41.12,40028,落云宗修士,呼一顿,0.347,pending
00:26:41.12,40028,落云宗修士,是好多咯,0.608,low_conf
00:26:41.12,40028,落云宗修士,小欧爱西,0.724,low_conf
00:26:41.12,40028,落云宗修士,长风牙,0.301,pending
00:26:41.12,40028,落云宗修士,pavid-1985,0.735,low_conf
00:26:41.12,40028,落云宗修士,大坑垂钓园,0.749,low_conf
00:26:41.12,40028,落云宗修士,极品先气小鸡,0.605,low_conf
00:26:41.12,40028,落云宗修士,哮二顿,0.526,pending
00:26:41.12,40028,落云宗修士,是淋锦哈,0.411,pending
00:26:41.12,40028,落云宗修士,小潘高学鸭,0.671,low_conf
00:26:41.12,40028,落云宗修士,長生帝君,0.66,low_conf
00:26:44.80,40120,落云宗修士,灭世哥,0.749,low_conf
00:26:44.80,40120,落云宗修士,是珂吖,0.749,low_conf
00:26:44.80,40120,落云宗修士,小炮子Z7,0.672,low_conf
00:26:44.80,40120,落云宗修士,大佬家里,0.738,low_conf
00:26:44.80,40120,落云宗修士,皿夕66,0.624,low_conf
00:26:44.80,40120,落云宗修士,小沛AA,0.739,low_conf
00:26:44.80,40120,落云宗修士,闵闵苏,0.642,low_conf
00:26:44.80,40120,落云宗修士,Db仔zZ,0.662,low_conf
00:26:44.80,40120,落云宗修士,闽南散,0.71,low_conf
00:26:44.80,40120,落云宗修士,大脸号二,0.748,low_conf
00:26:44.80,40120,落云宗修士,名默默,0.654,low_conf
00:26:44.80,40120,落云宗修士,名为ya,0.703,low_conf
00:26:44.80,40120,落云宗修士,是柳青嗽,0.749,low_conf
00:26:44.80,40120,落云宗修士,名为阿！,0.632,low_conf
00:26:44.80,40120,落云宗修士,是洛鑫,0.749,low_conf
00:26:44.80,40120,落云宗修士,名为略,0.66,low_conf
00:26:44.80,40120,落云宗修士,昭日,0.533,pending
00:26:44.80,40120,落云宗修士,名悠字,0.744,low_conf
00:26:44.80,40120,落云宗修士,名侦探,0.749,low_conf
00:26:44.80,40120,落云宗修士,是明吴呀,0.731,low_conf
00:26:44.80,40120,落云宗修士,爪子丫丫,0.613,low_conf
00:26:44.80,40120,落云宗修士,大卤面,0.749,low_conf
00:26:44.80,40120,落云宗修士,名震天,0.724,low_conf
00:26:44.80,40120,落云宗修士,wasdd,0.349,pending
00:26:44.80,40120,落云宗修士,名字吧,0.633,low_conf
00:26:44.80,40120,落云宗修士,名字暴,0.62,low_conf
00:26:44.80,40120,落云宗修士,大憎哥322,0.749,low_conf
00:26:44.80,40120,落云宗修士,名字被,0.733,low_conf
00:26:44.80,40120,落云宗修士,小柒在这呢,0.741,low_conf
00:26:44.80,40120,落云宗修士,大惜惜,0.479,pending
00:26:44.80,40120,落云宗修士,极喽岛少主,0.745,low_conf
00:26:44.80,40120,落云宗修士,名字笔,0.749,low_conf
00:26:44.80,40120,落云宗修士,是南瓜人,0.723,low_conf
00:26:44.80,40120,落云宗修士,兆庸,0.455,pending
00:26:44.80,40120,落云宗修士,极喆、,0.628,low_conf
00:26:44.80,40120,落云宗修士,名字不,0.626,low_conf
00:26:44.80,40120,落云宗修士,诏稳,0.659,low_conf
00:26:44.80,40120,落云宗修士,名字丢,0.711,low_conf
00:26:44.80,40120,落云宗修士,名字都,0.727,low_conf
00:26:44.80,40120,落云宗修士,赵弟宝,0.688,low_conf
00:26:44.80,40120,落云宗修士,小千162,0.72,low_conf
00:26:44.80,40120,落云宗修士,赵栋皓,0.733,low_conf
00:26:44.80,40120,落云宗修士,赵破奴x,0.685,low_conf
00:26:44.80,40120,落云宗修士,大喵咪耶,0.746,low_conf
00:26:44.80,40120,落云宗修士,名字很,0.744,low_conf
00:26:44.80,40120,落云宗修士,小乔都,0.746,low_conf
00:26:44.80,40120,落云宗修士,赵是人,0.749,low_conf
00:26:44.80,40120,落云宗修士,deidei666,0.745,low_conf
00:26:44.80,40120,落云宗修士,峨长临,0.597,pending
00:26:44.80,40120,落云宗修士,名字简,0.738,low_conf
00:26:44.80,40120,落云宗修士,小芹阳白米子,0.685,low_conf
00:26:44.80,40120,落云宗修士,赵糖水,0.749,low_conf
00:26:44.80,40120,落云宗修士,名字叫,0.738,low_conf
00:26:44.80,40120,落云宗修士,名字蛮》,0.538,pending
00:26:44.80,40120,落云宗修士,名字取,0.717,low_conf
00:26:44.80,40120,落云宗修士,小清1994,0.741,low_conf
00:26:44.80,40120,落云宗修士,鹤雞,0.606,low_conf
00:26:44.80,40120,落云宗修士,名字什！,0.664,low_conf
00:26:44.80,40120,落云宗修士,大木同学V,0.684,low_conf
00:26:44.80,40120,落云宗修士,几点百生,0.718,low_conf
00:26:44.80,40120,落云宗修士,名字什,0.649,low_conf
00:26:44.80,40120,落云宗修士,是砂糖,0.717,low_conf
00:26:44.80,40120,落云宗修士,赵鑫害朕,0.703,low_conf
00:26:44.80,40120,落云宗修士,weiの枫,0.673,low_conf
00:26:44.80,40120,落云宗修士,大奶隆,0.694,low_conf
00:26:44.80,40120,落云宗修士,几何回家,0.711,low_conf
00:26:44.80,40120,落云宗修士,明达、,0.573,pending
00:26:44.80,40120,落云宗修士,是盛夏,0.748,low_conf
00:26:44.80,40120,落云宗修士,小任宝儿,0.69,low_conf
00:26:44.80,40120,落云宗修士,赵烜艺,0.582,pending
00:26:44.80,40120,落云宗修士,demo-z,0.742,low_conf
00:26:44.80,40120,落云宗修士,明矾矾,0.695,low_conf
00:26:44.80,40120,落云宗修士,小疯兰,0.399,pending
00:26:48.48,40212,落云宗修士,明媚小,0.713,low_conf
00:26:48.48,40212,落云宗修士,小鲨鱼鲨鱼Z,0.71,low_conf
00:26:48.48,40212,落云宗修士,大蟹嗯,0.637,low_conf
00:26:48.48,40212,落云宗修士,明明是,0.742,low_conf
00:26:48.48,40212,落云宗修士,是西南,0.636,low_conf
00:26:48.48,40212,落云宗修士,detwy,0.732,low_conf
00:26:48.48,40212,落云宗修士,大胖醛各,0.505,pending
00:26:48.48,40212,落云宗修士,明明二,0.623,low_conf
00:26:48.48,40212,落云宗修士,Whi telucky,0.74,low_conf
00:26:48.48,40212,落云宗修士,大胖薯条,0.709,low_conf
00:26:48.48,40212,落云宗修士,记,0.479,pending
00:26:48.48,40212,落云宗修士,明末孤,0.731,low_conf
00:26:48.48,40212,落云宗修士,纪念Ki,0.645,low_conf
00:26:48.48,40212,落云宗修士,明眸善,0.743,low_conf
00:26:48.48,40212,落云宗修士,折木pan,0.739,low_conf
00:26:48.48,40212,落云宗修士,纪十念云,0.703,low_conf
00:26:48.48,40212,落云宗修士,明目决,0.729,low_conf
00:26:48.48,40212,落云宗修士,纪小椒,0.749,low_conf
00:26:48.48,40212,落云宗修士,明秋雨,0.747,low_conf
00:26:48.48,40212,落云宗修士,-纪以;,0.614,low_conf
00:26:48.48,40212,落云宗修士,明日筑,0.705,low_conf
00:26:48.48,40212,落云宗修士,折叶笼花丶,0.707,low_conf
00:26:48.48,40212,落云宗修士,纪亦然,0.742,low_conf
00:26:48.48,40212,落云宗修士,明天宝,0.734,low_conf
00:26:48.48,40212,落云宗修士,是小巴昂,0.613,low_conf
00:26:48.48,40212,落云宗修士,小莘玉,0.684,low_conf
00:26:48.48,40212,落云宗修士,大乔の策,0.721,low_conf
00:26:48.48,40212,落云宗修士,季道翩,0.549,pending
00:26:48.48,40212,落云宗修士,明天补,0.748,low_conf
00:26:48.48,40212,落云宗修士,是小夏天呀α,0.717,low_conf
00:26:48.48,40212,落云宗修士,明天不,0.748,low_conf
00:26:48.48,40212,落云宗修士,小肾君,0.731,low_conf
00:26:48.48,40212,落云宗修士,明天可！,0.624,low_conf
00:26:48.48,40212,落云宗修士,折纸,0.658,low_conf
00:26:48.48,40212,落云宗修士,季卿笑,0.749,low_conf
00:26:48.48,40212,落云宗修士,明天来,0.748,low_conf
00:26:48.48,40212,落云宗修士,明天能,0.692,low_conf
00:26:48.48,40212,落云宗修士,哲冰1,0.697,low_conf
00:26:48.48,40212,落云宗修士,wiki1234,0.71,low_conf
00:26:48.48,40212,落云宗修士,既说一,0.607,low_conf
00:26:48.48,40212,落云宗修士,明天少,0.749,low_conf
00:26:48.48,40212,落云宗修士,明夜青,0.708,low_conf
00:26:48.48,40212,落云宗修士,大肉包的辣,0.745,low_conf
00:26:48.48,40212,落云宗修士,明玉西,0.678,low_conf
00:26:48.48,40212,落云宗修士,是余笙笙呀,0.727,low_conf
00:26:48.48,40212,落云宗修士,小石头儿58,0.691,low_conf
00:26:48.48,40212,落云宗修士,大讽蜜S,0.694,low_conf
00:26:48.48,40212,落云宗修士,荠,0.419,pending
00:26:48.48,40212,落云宗修士,明月本,0.728,low_conf
00:26:48.48,40212,落云宗修士,哲行D,0.748,low_conf
00:26:48.48,40212,落云宗修士,凯舰初昕,0.624,low_conf
00:26:48.48,40212,落云宗修士,是雨吖,0.749,low_conf
00:26:48.48,40212,落云宗修士,WilIxxL,0.625,low_conf
00:26:48.48,40212,落云宗修士,偶言细语,0.748,low_conf
00:26:48.48,40212,落云宗修士,明月几,0.67,low_conf
00:26:48.48,40212,落云宗修士,是塬塬峨,0.695,low_conf
00:26:48.48,40212,落云宗修士,小时糖,0.663,low_conf
00:26:48.48,40212,落云宗修士,寂静,0.666,low_conf
00:26:48.48,40212,落云宗修士,明月-天,0.716,low_conf
00:26:48.48,40212,落云宗修士,哲宇帆,0.747,low_conf
00:26:48.48,40212,落云宗修士,明月西,0.656,low_conf
00:26:48.48,40212,落云宗修士,是真滴猴啊,0.732,low_conf
00:26:48.48,40212,落云宗修士,小柿子Z7777,0.581,pending
00:26:48.48,40212,落云宗修士,蛰尘,0.549,pending
00:26:48.48,40212,落云宗修士,-明月夜,0.704,low_conf
00:26:48.48,40212,落云宗修士,是只懒吖畔,0.701,low_conf
00:26:48.48,40212,落云宗修士,小释、,0.694,low_conf
00:26:48.48,40212,落云宗修士,谪日升仙,0.738,low_conf
00:26:48.48,40212,落云宗修士,明月庄,0.738,low_conf
00:26:48.48,40212,落云宗修士,小抒子,0.721,low_conf
00:26:48.48,40212,落云宗修士,谪仙YLZ,0.724,low_conf
00:26:48.48,40212,落云宗修士,明知何,0.749,low_conf
00:26:48.48,40212,落云宗修士,明智吾,0.74,low_conf
00:26:48.48,40212,落云宗修士,小鼠肥肥,0.74,low_conf
00:26:48.48,40212,落云宗修士,谪仙勿念人,0.653,low_conf
00:26:48.48,40212,落云宗修士,明珠照,0.748,low_conf
00:26:48.48,40212,落云宗修士,柿子汁,0.744,low_conf
00:26:48.48,40212,落云宗修士,小帅xxxxx,0.665,low_conf
00:26:48.48,40212,落云宗修士,明尊、,0.726,low_conf
00:26:48.48,40212,落云宗修士,大逃家,0.749,low_conf
00:26:48.48,40212,落云宗修士,寂驴,0.437,pending
00:26:48.48,40212,落云宗修士,鸣人佐,0.746,low_conf
00:26:48.48,40212,落云宗修士,鸣玉幽,0.743,low_conf
00:26:48.48,40212,落云宗修士,明哲先,0.624,low_conf
00:26:52.16,40304,落云宗修士,DI发发发,0.529,pending
00:26:52.16,40304,落云宗修士,Wixrd0072,0.496,pending
00:26:52.16,40304,落云宗修士,奇夜老0237,0.644,low_conf
00:26:52.16,40304,落云宗修士,螺神,0.45,pending
00:26:52.16,40304,落云宗修士,释矮了就好,0.65,low_conf
00:26:52.16,40304,落云宗修士,小态爱金永,0.724,low_conf
00:26:52.16,40304,落云宗修士,Dke神清,0.584,pending
00:26:52.16,40304,落云宗修士,Wizarto,0.707,low_conf
00:26:52.16,40304,落云宗修士,大类纸爱浸动画片,0.627,low_conf
00:26:52.16,40304,落云宗修士,香设有,0.222,pending
00:26:52.16,40304,落云宗修士,赛灵宝,0.308,pending
00:26:52.16,40304,落云宗修士,释情全车,0.405,pending
00:26:52.16,40304,落云宗修士,小木,0.378,pending
00:26:52.16,40304,落云宗修士,wiaut510,0.742,low_conf
00:26:52.16,40304,落云宗修士,大兔的有,0.525,pending
00:26:52.16,40304,落云宗修士,摩风难逢缘未,0.656,low_conf
00:26:52.16,40304,落云宗修士,实宝,0.322,pending
00:26:52.16,40304,落云宗修士,喷仙,0.088,pending
00:26:52.16,40304,落云宗修士,小班,0.376,pending
00:26:52.16,40304,落云宗修士,这个人想的哦,0.746,low_conf
00:26:52.16,40304,落云宗修士,DIvis,0.695,low_conf
00:26:52.16,40304,落云宗修士,wiayty,0.589,pending
00:26:52.16,40304,落云宗修士,大兔子的,0.513,pending
00:26:52.16,40304,落云宗修士,楼月难谁缘,0.454,pending
00:26:52.16,40304,落云宗修士,赛寞之,0.36,pending
00:26:52.16,40304,落云宗修士,这个人很懒！,0.623,low_conf
00:26:52.16,40304,落云宗修士,DIZ婴秀,0.611,low_conf
00:26:52.16,40304,落云宗修士,wiskyfinayang,0.749,low_conf
00:26:52.16,40304,落云宗修士,大妮克糕,0.319,pending
00:26:52.16,40304,落云宗修士,楼纤,0.26,pending
00:26:52.16,40304,落云宗修士,寞茹晞,0.401,pending
00:26:52.16,40304,落云宗修士,暖金,0.377,pending
00:26:52.16,40304,落云宗修士,小赤打,0.409,pending
00:26:52.16,40304,落云宗修士,这个锐明明,0.53,pending
00:26:52.16,40304,落云宗修士,DL-皓室,0.686,low_conf
00:26:52.16,40304,落云宗修士,大魏受面模亦风,0.534,pending
00:26:52.16,40304,落云宗修士,湾价Claire,0.696,low_conf
00:26:52.16,40304,落云宗修士,富场,0.121,pending
00:26:52.16,40304,落云宗修士,噬轩歌,0.555,pending
00:26:52.16,40304,落云宗修士,小素维,0.615,low_conf
00:26:52.16,40304,落云宗修士,这个孕读哦,0.655,low_conf
00:26:52.16,40304,落云宗修士,wkpo,0.748,low_conf
00:26:52.16,40304,落云宗修士,大碗宽面,0.6,low_conf
00:26:52.16,40304,落云宗修士,加货蛋炒馆,0.551,pending
00:26:52.16,40304,落云宗修士,寞土追,0.268,pending
00:26:52.16,40304,落云宗修士,收到=个小惊喜,0.738,low_conf
00:26:52.16,40304,落云宗修士,小嗪囊、,0.558,pending
00:26:52.16,40304,落云宗修士,W1969,0.681,low_conf
00:26:52.16,40304,落云宗修士,大成心,0.227,pending
00:26:52.16,40304,落云宗修士,寞顽不,0.681,low_conf
00:26:52.16,40304,落云宗修士,手机端查看,0.689,low_conf
00:26:52.16,40304,落云宗修士,小,0.423,pending
00:26:52.16,40304,落云宗修士,这呵呵聲,0.488,pending
00:26:52.16,40304,落云宗修士,wipixa,0.606,low_conf
00:26:52.16,40304,落云宗修士,大威少低配版Wang,0.691,low_conf
00:26:52.16,40304,落云宗修士,加菜煮酒,0.394,pending
00:26:52.16,40304,落云宗修士,莫璇,0.394,pending
00:26:52.16,40304,落云宗修士,手脚耳冰凉,0.719,low_conf
00:26:52.16,40304,落云宗修士,小孙不是把妹,0.699,low_conf
00:26:52.16,40304,落云宗修士,大翼主Davidwang,0.625,low_conf
00:26:52.16,40304,落云宗修士,加菲猫狗喵喵,0.706,low_conf
00:26:52.16,40304,落云宗修士,铭M宴,0.559,pending
00:26:52.16,40304,落云宗修士,这货紫楼,0.708,low_conf
00:26:52.16,40304,落云宗修士,wix790,0.666,low_conf
00:26:52.16,40304,落云宗修士,大西瓜与小叶,0.647,low_conf
00:26:52.16,40304,落云宗修士,加菲猫的小火,0.746,low_conf
00:26:52.16,40304,落云宗修士,铭记的,0.749,low_conf
00:26:52.16,40304,落云宗修士,手散败家货,0.713,low_conf
00:26:52.16,40304,落云宗修士,小素姐姐,0.557,pending
00:26:52.16,40304,落云宗修士,这家伙很饿,0.713,low_conf
00:26:52.16,40304,落云宗修士,大侠更塔？,0.648,low_conf
00:26:52.16,40304,落云宗修士,铭铭就,0.749,low_conf
00:26:52.16,40304,落云宗修士,这就是AIY,0.736,low_conf
00:26:52.16,40304,落云宗修士,大花,0.308,pending
00:26:52.16,40304,落云宗修士,铭心L,0.679,low_conf
00:26:52.16,40304,落云宗修士,手提裤儿,0.732,low_conf
00:26:52.16,40304,落云宗修士,大相同学,0.721,low_conf
00:26:52.16,40304,落云宗修士,溟沟,0.417,pending
00:26:52.16,40304,落云宗修士,手小哦！,0.591,pending
00:26:52.16,40304,落云宗修士,溟濠茶,0.385,pending
00:26:52.16,40304,落云宗修士,守护可爱）,0.704,low_conf
00:26:52.16,40304,落云宗修士,溟素MY,0.529,pending
00:26:52.16,40304,落云宗修士,守护、呆,0.661,low_conf
00:26:52.16,40304,落云宗修士,小藤发财,0.728,low_conf
00:26:52.16,40304,落云宗修士,加热不怕热,0.747,low_conf
00:26:52.16,40304,落云宗修士,莫瞳,0.589,pending
00:26:52.16,40304,落云宗修士,小天才阿啾,0.629,low_conf
00:26:52.16,40304,落云宗修士,大小西瓜emoji,0.732,low_conf
00:26:52.16,40304,落云宗修士,加菜,0.621,low_conf
00:26:52.16,40304,落云宗修士,莫徐,0.428,pending
00:26:52.16,40304,落云宗修士,donhyvon,0.748,low_conf
00:26:52.16,40304,落云宗修士,銘铭M,0.698,low_conf
00:26:52.16,40304,落云宗修士,这么多是头疼,0.747,low_conf
00:26:52.16,40304,落云宗修士,命里带,0.634,low_conf
00:26:52.16,40304,落云宗修士,首艾哦,0.746,low_conf
00:26:52.16,40304,落云宗修士,命里肯,0.726,low_conf
00:26:52.16,40304,落云宗修士,加油鸭颜落,0.749,low_conf
00:26:52.16,40304,落云宗修士,命运踩,0.745,low_conf
00:26:52.16,40304,落云宗修士,寿司狗,0.748,low_conf
00:26:52.16,40304,落云宗修士,小甜心可爱p,0.676,low_conf
00:26:52.16,40304,落云宗修士,加载ed,0.707,low_conf
00:26:52.16,40304,落云宗修士,命运夜,0.746,low_conf
00:26:52.16,40304,落云宗修士,受你的小鸡丢,0.73,low_conf
00:26:52.16,40304,落云宗修士,小听涛,0.699,low_conf
00:26:52.16,40304,落云宗修士,大熊支柱,0.733,low_conf
00:26:52.16,40304,落云宗修士,加孜然,0.742,low_conf
00:26:52.16,40304,落云宗修士,命运枕,0.722,low_conf
00:26:52.16,40304,落云宗修士,大吖大,0.744,low_conf
00:26:52.16,40304,落云宗修士,夹心一加薪,0.749,low_conf
00:26:52.16,40304,落云宗修士,命运之,0.749,low_conf
00:26:52.16,40304,落云宗修士,命中惊,0.732,low_conf
00:26:52.16,40304,落云宗修士,摸打滚,0.639,low_conf
00:26:52.16,40304,落云宗修士,摸骨大,0.746,low_conf
00:26:52.16,40304,落云宗修士,摸金校,0.721,low_conf
00:26:52.16,40304,落云宗修士,瘦兽兽00,0.744,low_conf
00:26:52.16,40304,落云宗修士,大阳塔,0.748,low_conf
00:26:52.16,40304,落云宗修士,伽里藤,0.749,low_conf
00:26:52.16,40304,落云宗修士,摸爬滚,0.684,low_conf
00:26:52.16,40304,落云宗修士,摸鱼过,0.748,low_conf
00:26:52.16,40304,落云宗修士,丸,0.334,pending
00:26:55.84,40396,落云宗修士,DrDOCm,0.526,pending
00:26:55.84,40396,落云宗修士,大雨治,0.704,low_conf
00:26:55.84,40396,落云宗修士,佳期啊,0.747,low_conf
00:26:55.84,40396,落云宗修士,摸鱼,0.619,low_conf
00:26:55.84,40396,落云宗修士,书中既乡,0.564,pending
00:26:55.84,40396,落云宗修士,wuli雾恋,0.656,low_conf
00:26:55.84,40396,落云宗修士,佳一怡,0.595,pending
00:26:55.84,40396,落云宗修士,摸鱼水,0.577,pending
00:26:55.84,40396,落云宗修士,受微,0.33,pending
00:26:55.84,40396,落云宗修士,小主桌子,0.566,pending
00:26:55.84,40396,落云宗修士,孩黑生,0.268,pending
00:26:55.84,40396,落云宗修士,大圆管同学,0.591,pending
00:26:55.84,40396,落云宗修士,茄汁爆米花,0.733,low_conf
00:26:55.84,40396,落云宗修士,森宇快,0.573,pending
00:26:55.84,40396,落云宗修士,教叔味便便,0.607,low_conf
00:26:55.84,40396,落云宗修士,小圭小主方艾光芒,0.667,low_conf
00:26:55.84,40396,落云宗修士,真不喝kele,0.725,low_conf
00:26:55.84,40396,落云宗修士,wu呜鸣不熬夜,0.739,low_conf
00:26:55.84,40396,落云宗修士,茄子豆角土豆,0.612,low_conf
00:26:55.84,40396,落云宗修士,淼茶,0.232,pending
00:26:55.84,40396,落云宗修士,寂味少年,0.358,pending
00:26:55.84,40396,落云宗修士,小圭一动不动,0.622,low_conf
00:26:55.84,40396,落云宗修士,wu小雨,0.684,low_conf
00:26:55.84,40396,落云宗修士,模藜君,0.401,pending
00:26:55.84,40396,落云宗修士,极味是叔,0.485,pending
00:26:55.84,40396,落云宗修士,ariear,0.621,low_conf
00:26:55.84,40396,落云宗修士,wwbEl,0.389,pending
00:26:55.84,40396,落云宗修士,大月哦,0.58,pending
00:26:55.84,40396,落云宗修士,保范,0.105,pending
00:26:55.84,40396,落云宗修士,极桃,0.178,pending
00:26:55.84,40396,落云宗修士,小圭子科机灵,0.67,low_conf
00:26:55.84,40396,落云宗修士,真的不行啊我怕,0.722,low_conf
00:26:55.84,40396,落云宗修士,drzaon-,0.723,low_conf
00:26:55.84,40396,落云宗修士,加勤底的方由,0.557,pending
00:26:55.84,40396,落云宗修士,魔锅小,0.345,pending
00:26:55.84,40396,落云宗修士,碟芝迁,0.313,pending
00:26:55.84,40396,落云宗修士,小圭子呀呀啡,0.477,pending
00:26:55.84,40396,落云宗修士,真的菜别骂我叫版,0.734,low_conf
00:26:55.84,40396,落云宗修士,wwkwwxx,0.401,pending
00:26:55.84,40396,落云宗修士,大长思睿送2,0.554,pending
00:26:55.84,40396,落云宗修士,迦夏冰璃,0.443,pending
00:26:55.84,40396,落云宗修士,摩小,0.571,pending
00:26:55.84,40396,落云宗修士,小威龙1,0.604,low_conf
00:26:55.84,40396,落云宗修士,真的采剂,0.653,low_conf
00:26:55.84,40396,落云宗修士,drugd,0.618,low_conf
00:26:55.84,40396,落云宗修士,wwa83,0.607,low_conf
00:26:55.84,40396,落云宗修士,大文,0.244,pending
00:26:55.84,40396,落云宗修士,珈夏球wa,0.38,pending
00:26:55.84,40396,落云宗修士,摩大,0.327,pending
00:26:55.84,40396,落云宗修士,殊骑影影711,0.684,low_conf
00:26:55.84,40396,落云宗修士,小薇嘘喂喂,0.606,low_conf
00:26:55.84,40396,落云宗修士,真的采未住啊,0.707,low_conf
00:26:55.84,40396,落云宗修士,drxishacka,0.741,low_conf
00:26:55.84,40396,落云宗修士,家诚哥,0.503,pending
00:26:55.84,40396,落云宗修士,摩托沙,0.593,pending
00:26:55.84,40396,落云宗修士,疏疏影,0.702,low_conf
00:26:55.84,40396,落云宗修士,小属喂喂喂AQ,0.632,low_conf
00:26:55.84,40396,落云宗修士,真的说有失份,0.605,low_conf
00:26:55.84,40396,落云宗修士,aryishg,0.655,low_conf
00:26:55.84,40396,落云宗修士,WWWHAACCZTZ,0.556,pending
00:26:55.84,40396,落云宗修士,大只磨瓜,0.579,pending
00:26:55.84,40396,落云宗修士,家教奇,0.594,pending
00:26:55.84,40396,落云宗修士,摩西鑫,0.517,pending
00:26:55.84,40396,落云宗修士,疏影动体,0.701,low_conf
00:26:55.84,40396,落云宗修士,小麗之柳,0.44,pending
00:26:55.84,40396,落云宗修士,真的确有没份,0.699,low_conf
00:26:55.84,40396,落云宗修士,DS色彩,0.743,low_conf
00:26:55.84,40396,落云宗修士,wwww,0.473,pending
00:26:55.84,40396,落云宗修士,大只蒜鱼,0.61,low_conf
00:26:55.84,40396,落云宗修士,家的漂,0.634,low_conf
00:26:55.84,40396,落云宗修士,磨合集,0.558,pending
00:26:55.84,40396,落云宗修士,毓膜豚长长久久,0.588,pending
00:26:55.84,40396,落云宗修士,小府同学0102,0.685,low_conf
00:26:55.84,40396,落云宗修士,真的鼻实没人啊啊,0.594,pending
00:26:55.84,40396,落云宗修士,WX-ATPX4869,0.735,low_conf
00:26:55.84,40396,落云宗修士,天只教鱼,0.343,pending
00:26:55.84,40396,落云宗修士,家生的酒,0.294,pending
00:26:55.84,40396,落云宗修士,磨剪子,0.599,pending
00:26:55.84,40396,落云宗修士,舒舒,0.625,low_conf
00:26:55.84,40396,落云宗修士,小文享字123,0.676,low_conf
00:26:55.84,40396,落云宗修士,真的是老的大随,0.584,pending
00:26:55.84,40396,落云宗修士,dududuun,0.578,pending
00:26:55.84,40396,落云宗修士,WX-AP,0.639,low_conf
00:26:55.84,40396,落云宗修士,大朵蜜室,0.571,pending
00:26:55.84,40396,落云宗修士,家庭燕,0.386,pending
00:26:55.84,40396,落云宗修士,磨芽小,0.543,pending
00:26:55.84,40396,落云宗修士,舒南瓜,0.46,pending
00:26:55.84,40396,落云宗修士,小8,0.357,pending
00:26:55.84,40396,落云宗修士,duuduu_0212,0.74,low_conf
00:26:55.84,40396,落云宗修士,大森菌,0.338,pending
00:26:55.84,40396,落云宗修士,家有卷喵,0.628,low_conf
00:26:55.84,40396,落云宗修士,蘑菇大,0.664,low_conf
00:26:55.84,40396,落云宗修士,熟的南爪,0.695,low_conf
00:26:55.84,40396,落云宗修士,小鸟雅328,0.598,pending
00:26:55.84,40396,落云宗修士,真理在,0.689,low_conf
00:26:55.84,40396,落云宗修士,wxins,0.723,low_conf
00:26:55.84,40396,落云宗修士,大猪嘴茄酱,0.659,low_conf
00:26:55.84,40396,落云宗修士,家有卷日菜,0.67,low_conf
00:26:55.84,40396,落云宗修士,蘑菇居,0.732,low_conf
00:26:55.84,40396,落云宗修士,熟陌ng,0.7,low_conf
00:26:55.84,40396,落云宗修士,小芜都同学鱼,0.475,pending
00:26:55.84,40396,落云宗修士,真片,0.651,low_conf
00:26:55.84,40396,落云宗修士,DuoDuo122,0.699,low_conf
00:26:55.84,40396,落云宗修士,wxwsswk,0.687,low_conf
00:26:55.84,40396,落云宗修士,大、番加菌,0.543,pending
00:26:55.84,40396,落云宗修士,家有个堂,0.648,low_conf
00:26:55.84,40396,落云宗修士,蘑菇亦,0.71,low_conf
00:26:55.84,40396,落云宗修士,熟芋头头头,0.595,pending
00:26:55.84,40396,落云宗修士,小糟桐不吃鱼,0.621,low_conf
00:26:55.84,40396,落云宗修士,真扁陈出名来主鱼,0.501,pending
00:26:55.84,40396,落云宗修士,WXx89,0.639,low_conf
00:26:55.84,40396,落云宗修士,大购,0.274,pending
00:26:55.84,40396,落云宗修士,家有小爱宝,0.605,low_conf
00:26:55.84,40396,落云宗修士,魔fiv,0.686,low_conf
00:26:55.84,40396,落云宗修士,大嘴哎哎咬啊小晚,0.425,pending
00:26:55.84,40396,落云宗修士,魔法妇,0.748,low_conf
00:26:55.84,40396,落云宗修士,蜀树之叶,0.744,low_conf
00:26:55.84,40396,落云宗修士,小悟室66,0.707,low_conf
00:26:55.84,40396,落云宗修士,大嘴,0.537,pending
00:26:55.84,40396,落云宗修士,蒙佳沙滩爱看》,0.704,low_conf
00:26:55.84,40396,落云宗修士,魔法少,0.739,low_conf
00:26:55.84,40396,落云宗修士,小希御主,0.676,low_conf
00:26:55.84,40396,落云宗修士,天の雕,0.571,pending
00:26:55.84,40396,落云宗修士,馥艺,0.112,pending
00:26:55.84,40396,落云宗修士,著多多,0.662,low_conf
00:26:55.84,40396,落云宗修士,早阿,0.17,pending
00:26:55.84,40396,落云宗修士,魔法师,0.748,low_conf
00:26:55.84,40396,落云宗修士,薯片云香,0.73,low_conf
00:26:55.84,40396,落云宗修士,wyovo,0.594,pending
00:26:55.84,40396,落云宗修士,呆阿呆啊,0.542,pending
00:26:55.84,40396,落云宗修士,嘉禾望岗花,0.424,pending
00:26:55.84,40396,落云宗修士,魔鬼阿,0.747,low_conf
00:26:55.84,40396,落云宗修士,真味茶泡飯,0.71,low_conf
00:26:55.84,40396,落云宗修士,某布利少,0.685,low_conf
00:26:55.84,40396,落云宗修士,魔教妖,0.749,low_conf
00:26:55.84,40396,落云宗修士,呆晨晨,0.472,pending
00:26:55.84,40396,落云宗修士,魔杰座,0.63,low_conf
00:26:55.84,40396,落云宗修士,魔魔的,0.748,low_conf
00:26:55.84,40396,落云宗修士,曙光之翼,0.743,low_conf
00:26:55.84,40396,落云宗修士,wyyyyq-,0.668,low_conf
00:26:55.84,40396,落云宗修士,一呆呆熊,0.562,pending
00:26:55.84,40396,落云宗修士,魔奇天,0.675,low_conf
00:26:55.84,40396,落云宗修士,术林儿,0.644,low_conf
00:26:55.84,40396,落云宗修士,小咸鱼阿达,0.74,low_conf
00:26:55.84,40396,落云宗修士,呆鹅蛋,0.642,low_conf
00:26:55.84,40396,落云宗修士,嘉,0.484,pending
00:26:55.84,40396,落云宗修士,魔神皇,0.745,low_conf
00:26:55.84,40396,落云宗修士,呆老C,0.49,pending
00:26:55.84,40396,落云宗修士,鸡炎yoko,0.693,low_conf
00:26:55.84,40396,落云宗修士,魔王的,0.743,low_conf
00:26:55.84,40396,落云宗修士,束束束花,0.591,pending
00:26:55.84,40396,落云宗修士,小箫剑,0.743,low_conf
00:26:55.84,40396,落云宗修士,D葱头,0.667,low_conf
00:26:55.84,40396,落云宗修士,魔王还,0.748,low_conf
00:26:55.84,40396,落云宗修士,"述二,",0.588,pending
00:26:55.84,40396,落云宗修士,呆毛王ouo,0.615,low_conf
00:26:55.84,40396,落云宗修士,魔王手,0.746,low_conf
00:26:55.84,40396,落云宗修士,述而第七,0.744,low_conf
00:26:59.52,40488,落云宗修士,w没cd,0.696,low_conf
00:26:59.52,40488,落云宗修士,--假老练--,0.725,low_conf
00:26:59.52,40488,落云宗修士,抹一夏,0.63,low_conf
00:26:59.52,40488,落云宗修士,D妖精,0.748,low_conf
00:26:59.52,40488,落云宗修士,W翘YW,0.492,pending
00:26:59.52,40488,落云宗修士,未利00,0.682,low_conf
00:26:59.52,40488,落云宗修士,D中Do,0.67,low_conf
00:26:59.52,40488,落云宗修士,W星-,0.661,low_conf
00:26:59.52,40488,落云宗修士,未一宝,0.624,low_conf
00:26:59.52,40488,落云宗修士,呆萌严,0.738,low_conf
00:26:59.52,40488,落云宗修士,未萤璃,0.54,pending
00:26:59.52,40488,落云宗修士,WeiWeiwei未,0.744,low_conf
00:26:59.52,40488,落云宗修士,未影-A,0.679,low_conf
00:26:59.52,40488,落云宗修士,枕溪、,0.731,low_conf
00:26:59.52,40488,落云宗修士,沫激M,0.58,pending
00:26:59.52,40488,落云宗修士,树夜魂,0.747,low_conf
00:26:59.52,40488,落云宗修士,×.zhangw,0.709,low_conf
00:26:59.52,40488,落云宗修士,呆水弱丝,0.68,low_conf
00:26:59.52,40488,落云宗修士,沫蓝拓,0.562,pending
00:26:59.52,40488,落云宗修士,树一个,0.473,pending
00:26:59.52,40488,落云宗修士,小小黑木,0.576,pending
00:26:59.52,40488,落云宗修士,EchoVRE,0.621,low_conf
00:26:59.52,40488,落云宗修士,XIN-,0.648,low_conf
00:26:59.52,40488,落云宗修士,桌头ask,0.696,low_conf
00:26:59.52,40488,落云宗修士,深沫粥,0.315,pending
00:26:59.52,40488,落云宗修士,-树之-,0.675,low_conf
00:26:59.52,40488,落云宗修士,小小兵,0.747,low_conf
00:26:59.52,40488,落云宗修士,朕不吃藕,0.716,low_conf
00:26:59.52,40488,落云宗修士,呆兔带土,0.648,low_conf
00:26:59.52,40488,落云宗修士,架空jiak ,0.695,low_conf
00:26:59.52,40488,落云宗修士,深沐浅,0.345,pending
00:26:59.52,40488,落云宗修士,小小林-,0.624,low_conf
00:26:59.52,40488,落云宗修士,桌小鹤,0.6,low_conf
00:26:59.52,40488,落云宗修士,沫藤M,0.573,pending
00:26:59.52,40488,落云宗修士,竖笛魔主喵帕斯,0.713,low_conf
00:26:59.52,40488,落云宗修士,朕可是萝刺利,0.638,low_conf
00:26:59.52,40488,落云宗修士,呆字号,0.56,pending
00:26:59.52,40488,落云宗修士,深雨晨,0.499,pending
00:26:59.52,40488,落云宗修士,慈不秦陪6,0.587,pending
00:26:59.52,40488,落云宗修士,味莽撞人,0.558,pending
00:26:59.52,40488,落云宗修士,茉雨皮,0.11,pending
00:26:59.52,40488,落云宗修士,恕诚事人,0.388,pending
00:26:59.52,40488,落云宗修士,小小哺同学,0.596,pending
00:26:59.52,40488,落云宗修士,ECnCKM,0.268,pending
00:26:59.52,40488,落云宗修士,坚持就会寿终工,0.724,low_conf
00:26:59.52,40488,落云宗修士,未力浆,0.388,pending
00:26:59.52,40488,落云宗修士,小小诺宝义,0.665,low_conf
00:26:59.52,40488,落云宗修士,xC0336,0.712,low_conf
00:26:59.52,40488,落云宗修士,代扁扇,0.401,pending
00:26:59.52,40488,落云宗修士,坚持息己想做,0.677,low_conf
00:26:59.52,40488,落云宗修士,南赛51,0.451,pending
00:26:59.52,40488,落云宗修士,数鬼SILVER,0.734,low_conf
00:26:59.52,40488,落云宗修士,小小人毛,0.464,pending
00:26:59.52,40488,落云宗修士,镇湘塔子,0.681,low_conf
00:26:59.52,40488,落云宗修士,edssns,0.74,low_conf
00:26:59.52,40488,落云宗修士,阳案夜,0.516,pending
00:26:59.52,40488,落云宗修士,数钱费睡沫,0.562,pending
00:26:59.52,40488,落云宗修士,代号dc,0.69,low_conf
00:26:59.52,40488,落云宗修士,阳离,0.393,pending
00:26:59.52,40488,落云宗修士,数美的漂波儿蚕,0.62,low_conf
00:26:59.52,40488,落云宗修士,小小,0.649,low_conf
00:26:59.52,40488,落云宗修士,震态惊电,0.48,pending
00:26:59.52,40488,落云宗修士,Edwardviz,0.654,low_conf
00:26:59.52,40488,落云宗修士,XD-E2,0.418,pending
00:26:59.52,40488,落云宗修士,阳璃发,0.454,pending
00:26:59.52,40488,落云宗修士,数石耐潮水,0.55,pending
00:26:59.52,40488,落云宗修士,小小蔚。,0.656,low_conf
00:26:59.52,40488,落云宗修士,当保,0.107,pending
00:26:59.52,40488,落云宗修士,Edwiardv,0.569,pending
00:26:59.52,40488,落云宗修士,代心维雪,0.579,pending
00:26:59.52,40488,落云宗修士,阳起,0.476,pending
00:26:59.52,40488,落云宗修士,漱去况,0.233,pending
00:26:59.52,40488,落云宗修士,争取23占睡,0.532,pending
00:26:59.52,40488,落云宗修士,Edwi,0.422,pending
00:26:59.52,40488,落云宗修士,XIV,0.4,pending
00:26:59.52,40488,落云宗修士,带打白菜价,0.67,low_conf
00:26:59.52,40488,落云宗修士,坚果士爆,0.409,pending
00:26:59.52,40488,落云宗修士,陌起妃,0.512,pending
00:26:59.52,40488,落云宗修士,谢,0.243,pending
00:26:59.52,40488,落云宗修士,小小通养对,0.369,pending
00:26:59.52,40488,落云宗修士,正服杨杨,0.491,pending
00:26:59.52,40488,落云宗修士,Edyih顺],0.427,pending
00:26:59.52,40488,落云宗修士,xtyga,0.534,pending
00:26:59.52,40488,落云宗修士,带骨天尖排,0.535,pending
00:26:59.52,40488,落云宗修士,同特,0.319,pending
00:26:59.52,40488,落云宗修士,陌若安,0.582,pending
00:26:59.52,40488,落云宗修士,征服伤净赛,0.435,pending
00:26:59.52,40488,落云宗修士,cerohd,0.569,pending
00:26:59.52,40488,落云宗修士,xfugg,0.496,pending
00:26:59.52,40488,落云宗修士,你走遍目本,0.643,low_conf
00:26:59.52,40488,落云宗修士,兼特,0.299,pending
00:26:59.52,40488,落云宗修士,刷矫频的绿手中,0.577,pending
00:26:59.52,40488,落云宗修士,小小糕,0.448,pending
00:26:59.52,40488,落云宗修士,征途所澳赛的星辰大,0.653,low_conf
00:26:59.52,40488,落云宗修士,cccccefil,0.595,pending
00:26:59.52,40488,落云宗修士,Xhcr,0.505,pending
00:26:59.52,40488,落云宗修士,带你你的眼,0.433,pending
00:26:59.52,40488,落云宗修士,囊覆的蛋毂,0.519,pending
00:26:59.52,40488,落云宗修士,陌上花,0.495,pending
00:26:59.52,40488,落云宗修士,刺视频的,0.567,pending
00:26:59.52,40488,落云宗修士,小小锅精小白鱼,0.533,pending
00:26:59.52,40488,落云宗修士,捷迷所谁在的,0.417,pending
00:26:59.52,40488,落云宗修士,cccccefd,0.668,low_conf
00:26:59.52,40488,落云宗修士,xhvyoxb,0.583,pending
00:26:59.52,40488,落云宗修士,带我你的及腰,0.493,pending
00:26:59.52,40488,落云宗修士,绒的蛋,0.653,low_conf
00:26:59.52,40488,落云宗修士,陌上树,0.712,low_conf
00:26:59.52,40488,落云宗修士,电掉阴理,0.426,pending
00:26:59.52,40488,落云宗修士,小小蔻和,0.593,pending
00:26:59.52,40488,落云宗修士,换钱,0.263,pending
00:26:59.52,40488,落云宗修士,eee哥,0.445,pending
00:26:59.52,40488,落云宗修士,xhiypyox,0.704,low_conf
00:26:59.52,40488,落云宗修士,教青液膜天,0.238,pending
00:26:59.52,40488,落云宗修士,麸承诺夹油,0.532,pending
00:26:59.52,40488,落云宗修士,陌上云,0.471,pending
00:26:59.52,40488,落云宗修士,电掉游泳26,0.659,low_conf
00:26:59.52,40488,落云宗修士,小小灌湘馆,0.702,low_conf
00:26:59.52,40488,落云宗修士,蒸饺前饼果子,0.618,low_conf
00:26:59.52,40488,落云宗修士,ceelio,0.578,pending
00:26:59.52,40488,落云宗修士,xhing688,0.682,low_conf
00:26:59.52,40488,落云宗修士,带看脑手,0.274,pending
00:26:59.52,40488,落云宗修士,煎饼狸子夹油,0.626,low_conf
00:26:59.52,40488,落云宗修士,陌生人,0.655,low_conf
00:26:59.52,40488,落云宗修士,帅不子,0.4,pending
00:26:59.52,40488,落云宗修士,小小灌馆+,0.714,low_conf
00:26:59.52,40488,落云宗修士,蒸饺煎饼果子,0.391,pending
00:26:59.52,40488,落云宗修士,18许范克,0.437,pending
00:26:59.52,40488,落云宗修士,定吗时都,0.326,pending
00:26:59.52,40488,落云宗修士,煎饼果米,0.496,pending
00:26:59.52,40488,落云宗修士,帅吃桃子,0.686,low_conf
00:26:59.52,40488,落云宗修士,小小小陈下王,0.703,low_conf
00:26:59.52,40488,落云宗修士,拯救落压,0.334,pending
00:26:59.52,40488,落云宗修士,待定时回终意,0.562,pending
00:26:59.52,40488,落云宗修士,陌生,0.642,low_conf
00:26:59.52,40488,落云宗修士,帅到爆的小得,0.717,low_conf
00:26:59.52,40488,落云宗修士,小小小蓝漆,0.67,low_conf
00:26:59.52,40488,落云宗修士,提过碌漆务,0.563,pending
00:26:59.52,40488,落云宗修士,xx的超人,0.442,pending
00:26:59.52,40488,落云宗修士,待江肤,0.348,pending
00:26:59.52,40488,落云宗修士,煎蛋,0.205,pending
00:26:59.52,40488,落云宗修士,陌笙,0.554,pending
00:26:59.52,40488,落云宗修士,整点欢乐喜,0.665,low_conf
00:26:59.52,40488,落云宗修士,eiow-,0.744,low_conf
00:26:59.52,40488,落云宗修士,XH我的起,0.62,low_conf
00:26:59.52,40488,落云宗修士,待江晚,0.668,low_conf
00:26:59.52,40488,落云宗修士,煎探芝士,0.279,pending
00:26:59.52,40488,落云宗修士,陌瞳,0.54,pending
00:26:59.52,40488,落云宗修士,ei小众,0.707,low_conf
00:26:59.52,40488,落云宗修士,待旅数,0.58,pending
00:26:59.52,40488,落云宗修士,熊奶芝,0.346,pending
00:26:59.52,40488,落云宗修士,陌无锡,0.745,low_conf
00:26:59.52,40488,落云宗修士,师的鸭批,0.712,low_conf
00:26:59.52,40488,落云宗修士,小小小小小花,0.539,pending
00:26:59.52,40488,落云宗修士,待医散星,0.473,pending
00:26:59.52,40488,落云宗修士,陌西陌,0.594,pending
00:26:59.52,40488,落云宗修士,师的亚,0.639,low_conf
00:26:59.52,40488,落云宗修士,小小小小小猫嘴,0.733,low_conf
00:26:59.52,40488,落云宗修士,急情痴人作狂,0.744,low_conf
00:26:59.52,40488,落云宗修士,捡破烂,0.656,low_conf
00:26:59.52,40488,落云宗修士,陌筱晨,0.683,low_conf
00:26:59.52,40488,落云宗修士,正使奈德,0.722,low_conf
00:27:03.20,40580,落云宗修士,小小鱼、丶,0.667,low_conf
00:27:03.20,40580,落云宗修士,elizoo,0.74,low_conf
00:27:03.20,40580,落云宗修士,怠惰の金恩,0.672,low_conf
00:27:03.20,40580,落云宗修士,帅帅东,0.738,low_conf
00:27:03.20,40580,落云宗修士,球ww,0.365,pending
00:27:03.20,40580,落云宗修士,莫布正,0.749,low_conf
00:27:03.20,40580,落云宗修士,简单又好吃w,0.748,low_conf
00:27:03.20,40580,落云宗修士,莫挡老,0.663,low_conf
00:27:03.20,40580,落云宗修士,正静寂,0.736,low_conf
00:27:03.20,40580,落云宗修士,简渡尘心,0.697,low_conf
00:27:03.20,40580,落云宗修士,莫迪绪,0.746,low_conf
00:27:03.20,40580,落云宗修士,义節,0.385,pending
00:27:03.20,40580,落云宗修士,正勉,0.666,low_conf
00:27:03.20,40580,落云宗修士,戴书艺,0.699,low_conf
00:27:03.20,40580,落云宗修士,简法语,0.682,low_conf
00:27:03.20,40580,落云宗修士,莫夫鲁,0.636,low_conf
00:27:03.20,40580,落云宗修士,正熙希,0.749,low_conf
00:27:03.20,40580,落云宗修士,xiaoxiji,0.714,low_conf
00:27:03.20,40580,落云宗修士,戴思奇,0.635,low_conf
00:27:03.20,40580,落云宗修士,莫感情,0.638,low_conf
00:27:03.20,40580,落云宗修士,涮涮-,0.736,low_conf
00:27:03.20,40580,落云宗修士,莫关山,0.73,low_conf
00:27:03.20,40580,落云宗修士,莫慌抱！,0.719,low_conf
00:27:03.20,40580,落云宗修士,莫慌盖,0.735,low_conf
00:27:03.20,40580,落云宗修士,莫克罗,0.734,low_conf
00:27:03.20,40580,落云宗修士,双蓝眼,0.748,low_conf
00:27:03.20,40580,落云宗修士,莫拉格,0.733,low_conf
00:27:03.20,40580,落云宗修士,小新惠惠,0.747,low_conf
00:27:03.20,40580,落云宗修士,-莫名,0.633,low_conf
00:27:03.20,40580,落云宗修士,莫名其,0.72,low_conf
00:27:03.20,40580,落云宗修士,剪潼,0.562,pending
00:27:03.20,40580,落云宗修士,双丸丸,0.746,low_conf
00:27:03.20,40580,落云宗修士,丹陽王,0.472,pending
00:27:03.20,40580,落云宗修士,双lulu,0.549,pending
00:27:03.20,40580,落云宗修士,小香仁黑,0.661,low_conf
00:27:03.20,40580,落云宗修士,郑北果,0.665,low_conf
00:27:03.20,40580,落云宗修士,见隐山,0.722,low_conf
00:27:03.20,40580,落云宗修士,莫茗96,0.717,low_conf
00:27:03.20,40580,落云宗修士,小幸运嗯,0.723,low_conf
00:27:03.20,40580,落云宗修士,见月销,0.684,low_conf
00:27:03.20,40580,落云宗修士,莫莫之,0.653,low_conf
00:27:03.20,40580,落云宗修士,郑怀远,0.747,low_conf
00:27:03.20,40580,落云宗修士,莫莫,0.571,pending
00:27:03.20,40580,落云宗修士,见之不惜,0.724,low_conf
00:27:03.20,40580,落云宗修士,莫南印,0.322,pending
00:27:03.20,40580,落云宗修士,双,0.296,pending
00:27:03.20,40580,落云宗修士,单煎包,0.741,low_conf
00:27:03.20,40580,落云宗修士,莫秋炎,0.321,pending
00:27:03.20,40580,落云宗修士,郑意秋,0.748,low_conf
00:27:03.20,40580,落云宗修士,enmm浅涛注注,0.698,low_conf
00:27:03.20,40580,落云宗修士,建奔剑,0.716,low_conf
00:27:03.20,40580,落云宗修士,莫尖灸,0.221,pending
00:27:03.20,40580,落云宗修士,双孚座13,0.633,low_conf
00:27:03.20,40580,落云宗修士,郑喆核,0.416,pending
00:27:03.20,40580,落云宗修士,enna翔,0.605,low_conf
00:27:03.20,40580,落云宗修士,剑开,0.321,pending
00:27:03.20,40580,落云宗修士,莫斯岛,0.637,low_conf
00:27:03.20,40580,落云宗修士,郁琳恩,0.378,pending
00:27:03.20,40580,落云宗修士,enrdice,0.746,low_conf
00:27:03.20,40580,落云宗修士,单音,0.547,pending
00:27:03.20,40580,落云宗修士,莫斯科,0.596,pending
00:27:03.20,40580,落云宗修士,霜203,0.592,pending
00:27:03.20,40580,落云宗修士,小毅品,0.419,pending
00:27:03.20,40580,落云宗修士,支-张,0.679,low_conf
00:27:03.20,40580,落云宗修士,xixifo,0.571,pending
00:27:03.20,40580,落云宗修士,既同黑,0.482,pending
00:27:03.20,40580,落云宗修士,剑飞克,0.582,pending
00:27:03.20,40580,落云宗修士,+斯科,0.491,pending
00:27:03.20,40580,落云宗修士,精風载曲,0.362,pending
00:27:03.20,40580,落云宗修士,小宣8,0.66,low_conf
00:27:03.20,40580,落云宗修士,Entaro,0.691,low_conf
00:27:03.20,40580,落云宗修士,郸临一剑,0.715,low_conf
00:27:03.20,40580,落云宗修士,粉科,0.121,pending
00:27:03.20,40580,落云宗修士,精塞冰,0.375,pending
00:27:03.20,40580,落云宗修士,小旋班69,0.629,low_conf
00:27:03.20,40580,落云宗修士,envnbgode,0.74,low_conf
00:27:03.20,40580,落云宗修士,xixixiang,0.639,low_conf
00:27:03.20,40580,落云宗修士,剑豪索罗,0.173,pending
00:27:03.20,40580,落云宗修士,真松落,0.3,pending
00:27:03.20,40580,落云宗修士,精柔的冰溜激,0.511,pending
00:27:03.20,40580,落云宗修士,芝麻开子,0.617,low_conf
00:27:03.20,40580,落云宗修士,eoem,0.582,pending
00:27:03.20,40580,落云宗修士,旦宝,0.393,pending
00:27:03.20,40580,落云宗修士,-剑来系多,0.594,pending
00:27:03.20,40580,落云宗修士,臭托洛,0.502,pending
00:27:03.20,40580,落云宗修士,霜天上的冰,0.498,pending
00:27:03.20,40580,落云宗修士,芝麻花曲奇,0.715,low_conf
00:27:03.20,40580,落云宗修士,Eoem然,0.534,pending
00:27:03.20,40580,落云宗修士,xkog000721,0.606,low_conf
00:27:03.20,40580,落云宗修士,昌老林,0.566,pending
00:27:03.20,40580,落云宗修士,剑箫塞,0.566,pending
00:27:03.20,40580,落云宗修士,臭无处,0.355,pending
00:27:03.20,40580,落云宗修士,精天月,0.395,pending
00:27:03.20,40580,落云宗修士,eop小管,0.5,pending
00:27:03.20,40580,落云宗修士,XIOIFUD,0.623,low_conf
00:27:03.20,40580,落云宗修士,创含永店,0.243,pending
00:27:03.20,40580,落云宗修士,莫回外,0.381,pending
00:27:03.20,40580,落云宗修士,精大,0.17,pending
00:27:03.20,40580,落云宗修士,小里年,0.517,pending
00:27:03.20,40580,落云宗修士,芝士梦分郊楼,0.394,pending
00:27:03.20,40580,落云宗修士,epinht,0.629,low_conf
00:27:03.20,40580,落云宗修士,X999,0.477,pending
00:27:03.20,40580,落云宗修士,但女狱,0.418,pending
00:27:03.20,40580,落云宗修士,剑帅水23,0.442,pending
00:27:03.20,40580,落云宗修士,莫小酒,0.513,pending
00:27:03.20,40580,落云宗修士,霜桐令,0.378,pending
00:27:03.20,40580,落云宗修士,芝你汉堡,0.326,pending
00:27:06.88,40672,落云宗修士,剑影-,0.652,low_conf
00:27:06.88,40672,落云宗修士,莫之行,0.714,low_conf
00:27:06.88,40672,落云宗修士,莫紫唆,0.611,low_conf
00:27:06.88,40672,落云宗修士,彼,0.471,pending
00:27:06.88,40672,落云宗修士,贱贱哒小乌龟,0.732,low_conf
00:27:06.88,40672,落云宗修士,莫子安,0.694,low_conf
00:27:06.88,40672,落云宗修士,贱贱的想法,0.651,low_conf
00:27:06.88,40672,落云宗修士,莫子莼,0.734,low_conf
00:27:06.88,40672,落云宗修士,小羊肖恩,0.719,low_conf
00:27:06.88,40672,落云宗修士,健健a,0.717,low_conf
00:27:06.88,40672,落云宗修士,漠北小,0.666,low_conf
00:27:06.88,40672,落云宗修士,小杨B站闲逛,0.727,low_conf
00:27:06.88,40672,落云宗修士,知谓忧,0.665,low_conf
00:27:06.88,40672,落云宗修士,漠然,0.665,low_conf
00:27:06.88,40672,落云宗修士,水辰一,0.7,low_conf
00:27:06.88,40672,落云宗修士,漠然回,0.748,low_conf
00:27:06.88,40672,落云宗修士,知月怜,0.632,low_conf
00:27:06.88,40672,落云宗修士,墨二存,0.693,low_conf
00:27:06.88,40672,落云宗修士,知雲-,0.745,low_conf
00:27:06.88,40672,落云宗修士,淡蓝璃,0.748,low_conf
00:27:06.88,40672,落云宗修士,-渐-远-,0.732,low_conf
00:27:06.88,40672,落云宗修士,墨茶K,0.657,low_conf
00:27:06.88,40672,落云宗修士,淡蓝时光\,0.7,low_conf
00:27:06.88,40672,落云宗修士,溅身血,0.744,low_conf
00:27:06.88,40672,落云宗修士,墨白Z--,0.635,low_conf
00:27:06.88,40672,落云宗修士,水亮雏鸣,0.664,low_conf
00:27:06.88,40672,落云宗修士,墨彩鳞,0.749,low_conf
00:27:06.88,40672,落云宗修士,裕好,0.527,pending
00:27:06.88,40672,落云宗修士,--淡然--,0.679,low_conf
00:27:06.88,40672,落云宗修士,墨环,0.662,low_conf
00:27:06.88,40672,落云宗修士,子花开南,0.74,low_conf
00:27:06.88,40672,落云宗修士,箭头325,0.625,low_conf
00:27:06.88,40672,落云宗修士,墨池尽,0.748,low_conf
00:27:06.88,40672,落云宗修士,子,0.499,pending
00:27:06.88,40672,落云宗修士,箭之影,0.749,low_conf
00:27:06.88,40672,落云宗修士,墨初念,0.748,low_conf
00:27:06.88,40672,落云宗修士,水寒舒,0.741,low_conf
00:27:06.88,40672,落云宗修士,淡忘、「66,0.723,low_conf
00:27:06.88,40672,落云宗修士,墨大户,0.748,low_conf
00:27:06.88,40672,落云宗修士,墨尔本,0.749,low_conf
00:27:06.88,40672,落云宗修士,小野马啾啾啾,0.717,low_conf
00:27:06.88,40672,落云宗修士,EVA1212,0.748,low_conf
00:27:06.88,40672,落云宗修士,墨菲海,0.747,low_conf
00:27:06.88,40672,落云宗修士,水冷渊,0.738,low_conf
00:27:06.88,40672,落云宗修士,小野猫二、,0.689,low_conf
00:27:06.88,40672,落云宗修士,执酒于棠,0.725,low_conf
00:27:06.88,40672,落云宗修士,江城小爱,0.748,low_conf
00:27:06.88,40672,落云宗修士,墨枫蕊,0.469,pending
00:27:06.88,40672,落云宗修士,水凉惹,0.593,pending
00:27:06.88,40672,落云宗修士,江城小纳兰,0.745,low_conf
00:27:06.88,40672,落云宗修士,墨哈白,0.729,low_conf
00:27:06.88,40672,落云宗修士,墨黑的,0.733,low_conf
00:27:06.88,40672,落云宗修士,水灵引,0.675,low_conf
00:27:06.88,40672,落云宗修士,小叶七,0.738,low_conf
00:27:06.88,40672,落云宗修士,执守2,0.683,low_conf
00:27:06.88,40672,落云宗修士,墨黑色,0.674,low_conf
00:27:06.88,40672,落云宗修士,EVA真副,0.715,low_conf
00:27:06.88,40672,落云宗修士,江凡贺,0.745,low_conf
00:27:06.88,40672,落云宗修士,墨界黑,0.723,low_conf
00:27:06.88,40672,落云宗修士,小夜蹄鸟君,0.742,low_conf
00:27:06.88,40672,落云宗修士,-XxX1122,0.68,low_conf
00:27:06.88,40672,落云宗修士,蛋仔吴,0.689,low_conf
00:27:06.88,40672,落云宗修士,江雪,0.653,low_conf
00:27:06.88,40672,落云宗修士,墨卷,0.441,pending
00:27:06.88,40672,落云宗修士,xx-xx-x-0,0.736,low_conf
00:27:06.88,40672,落云宗修士,墨绝峰,0.726,low_conf
00:27:06.88,40672,落云宗修士,小以宸,0.742,low_conf
00:27:06.88,40672,落云宗修士,xDJ,0.654,low_conf
00:27:06.88,40672,落云宗修士,墨留余,0.523,pending
00:27:06.88,40672,落云宗修士,永汽水儿,0.586,pending
00:27:06.88,40672,落云宗修士,直径,0.651,low_conf
00:27:06.88,40672,落云宗修士,墨龙大,0.551,pending
00:27:06.88,40672,落云宗修士,小雯尘,0.682,low_conf
00:27:06.88,40672,落云宗修士,墨洛络,0.505,pending
00:27:06.88,40672,落云宗修士,水兰千取一飘饮,0.685,low_conf
00:27:06.88,40672,落云宗修士,小同学,0.746,low_conf
00:27:06.88,40672,落云宗修士,直营你太零,0.708,low_conf
00:27:06.88,40672,落云宗修士,xybak,0.717,low_conf
00:27:06.88,40672,落云宗修士,墨落成,0.646,low_conf
00:27:06.88,40672,落云宗修士,水上完颜,0.739,low_conf
00:27:06.88,40672,落云宗修士,小优雅艾派大星,0.744,low_conf
00:27:06.88,40672,落云宗修士,江湖夜雨ZZ,0.655,low_conf
00:27:06.88,40672,落云宗修士,黑明,0.256,pending
00:27:06.88,40672,落云宗修士,水神obilisce,0.739,low_conf
00:27:06.88,40672,落云宗修士,Evwvaw,0.44,pending
00:27:06.88,40672,落云宗修士,墨铭的,0.593,pending
00:27:06.88,40672,落云宗修士,水手-星巴德,0.748,low_conf
00:27:06.88,40672,落云宗修士,企水伏流,0.717,low_conf
00:27:06.88,40672,落云宗修士,江户川有希,0.738,low_conf
00:27:06.88,40672,落云宗修士,墨黑枫,0.281,pending
00:27:06.88,40672,落云宗修士,水术师瑟丝比,0.729,low_conf
00:27:06.88,40672,落云宗修士,正右失同,0.486,pending
00:27:10.56,40764,落云宗修士,富红炸子蝎,0.679,low_conf
00:27:10.56,40764,落云宗修士,墨藕啦,0.679,low_conf
00:27:10.56,40764,落云宗修士,小鱼纸,0.749,low_conf
00:27:10.56,40764,落云宗修士,e烽火,0.748,low_conf
00:27:10.56,40764,落云宗修士,墨仟呀,0.74,low_conf
00:27:10.56,40764,落云宗修士,小宇_by,0.689,low_conf
00:27:10.56,40764,落云宗修士,墨巧倩,0.741,low_conf
00:27:10.56,40764,落云宗修士,水無拾,0.711,low_conf
00:27:10.56,40764,落云宗修士,小宇宙哔哔哗哗,0.611,low_conf
00:27:10.56,40764,落云宗修士,E喵√,0.459,pending
00:27:10.56,40764,落云宗修士,x感大脑,0.711,low_conf
00:27:10.56,40764,落云宗修士,岩桑桑,0.721,low_conf
00:27:10.56,40764,落云宗修士,江南二雪,0.674,low_conf
00:27:10.56,40764,落云宗修士,墨倾荆,0.746,low_conf
00:27:10.56,40764,落云宗修士,X魂,0.628,low_conf
00:27:10.56,40764,落云宗修士,荡涵,0.66,low_conf
00:27:10.56,40764,落云宗修士,墨清言,0.742,low_conf
00:27:10.56,40764,落云宗修士,水無,0.646,low_conf
00:27:10.56,40764,落云宗修士,墨染二楼,0.628,low_conf
00:27:10.56,40764,落云宗修士,Fa7,0.745,low_conf
00:27:10.56,40764,落云宗修士,x木枯荣x,0.662,low_conf
00:27:10.56,40764,落云宗修士,江然北秋,0.703,low_conf
00:27:10.56,40764,落云宗修士,墨染朗,0.732,low_conf
00:27:10.56,40764,落云宗修士,X木心X,0.711,low_conf
00:27:10.56,40764,落云宗修士,墨染,0.513,pending
00:27:10.56,40764,落云宗修士,水依岚,0.713,low_conf
00:27:10.56,40764,落云宗修士,x双笙,0.709,low_conf
00:27:10.56,40764,落云宗修士,刀马S,0.617,low_conf
00:27:10.56,40764,落云宗修士,江天渡,0.749,low_conf
00:27:10.56,40764,落云宗修士,墨三巡,0.744,low_conf
00:27:10.56,40764,落云宗修士,X西秀,0.739,low_conf
00:27:10.56,40764,落云宗修士,墨色连,0.597,pending
00:27:10.56,40764,落云宗修士,水蔡聆,0.651,low_conf
00:27:10.56,40764,落云宗修士,小圆树,0.657,low_conf
00:27:10.56,40764,落云宗修士,刀枪炮丶,0.73,low_conf
00:27:10.56,40764,落云宗修士,江小楼,0.748,low_conf
00:27:10.56,40764,落云宗修士,墨色猫,0.644,low_conf
00:27:10.56,40764,落云宗修士,水源G,0.747,low_conf
00:27:10.56,40764,落云宗修士,只是不尤,0.614,low_conf
00:27:10.56,40764,落云宗修士,×樱花落,0.692,low_conf
00:27:10.56,40764,落云宗修士,墨胜墨,0.748,low_conf
00:27:10.56,40764,落云宗修士,刀子文儿,0.714,low_conf
00:27:10.56,40764,落云宗修士,江小餐,0.564,pending
00:27:10.56,40764,落云宗修士,墨庭笙,0.735,low_conf
00:27:10.56,40764,落云宗修士,小允小小允,0.67,low_conf
00:27:10.56,40764,落云宗修士,叻叻爱乐乐,0.722,low_conf
00:27:10.56,40764,落云宗修士,墨微竹,0.747,low_conf
00:27:10.56,40764,落云宗修士,Y_Gc,0.652,low_conf
00:27:10.56,40764,落云宗修士,叻嘛叻嘛,0.627,low_conf
00:27:10.56,40764,落云宗修士,江心越,0.749,low_conf
00:27:10.56,40764,落云宗修士,墨西,0.664,low_conf
00:27:10.56,40764,落云宗修士,导酱,0.666,low_conf
00:27:10.56,40764,落云宗修士,江兴游,0.749,low_conf
00:27:10.56,40764,落云宗修士,墨晞-,0.744,low_conf
00:27:10.56,40764,落云宗修士,小泽银月,0.702,low_conf
00:27:10.56,40764,落云宗修士,江浔梅,0.734,low_conf
00:27:10.56,40764,落云宗修士,墨咸,0.599,pending
00:27:10.56,40764,落云宗修士,fangxii,0.709,low_conf
00:27:10.56,40764,落云宗修士,y4q1w,0.685,low_conf
00:27:10.56,40764,落云宗修士,墨写九,0.745,low_conf
00:27:10.56,40764,落云宗修士,**,0.495,pending
00:27:10.56,40764,落云宗修士,只蚊cC,0.608,low_conf
00:27:10.56,40764,落云宗修士,-江月寒,0.719,low_conf
00:27:10.56,40764,落云宗修士,墨歆未,0.729,low_conf
00:27:10.56,40764,落云宗修士,税税子,0.749,low_conf
00:27:10.56,40764,落云宗修士,墨虚大,0.691,low_conf
00:27:10.56,40764,落云宗修士,江渚聆风,0.697,low_conf
00:27:10.56,40764,落云宗修士,墨倚清,0.723,low_conf
00:27:10.56,40764,落云宗修士,墨吟-念,0.748,low_conf
00:27:10.56,40764,落云宗修士,墨隐竹,0.689,low_conf
00:27:10.56,40764,落云宗修士,秦t韬,0.472,pending
00:27:10.56,40764,落云宗修士,墨鱼大,0.732,low_conf
00:27:10.56,40764,落云宗修士,墨钰零,0.736,low_conf
00:27:10.56,40764,落云宗修士,小智求知,0.734,low_conf
00:27:10.56,40764,落云宗修士,KY,0.632,low_conf
00:27:10.56,40764,落云宗修士,盗圣白展胖o○,0.729,low_conf
00:27:10.56,40764,落云宗修士,墨御摸,0.628,low_conf
00:27:10.56,40764,落云宗修士,小忠,0.662,low_conf
00:27:10.56,40764,落云宗修士,姜火木,0.693,low_conf
00:27:10.56,40764,落云宗修士,墨煜,0.6,low_conf
00:27:10.56,40764,落云宗修士,纸毕羽,0.571,pending
00:27:10.56,40764,落云宗修士,道哥哔哩,0.669,low_conf
00:27:10.56,40764,落云宗修士,墨沅漓,0.618,low_conf
00:27:10.56,40764,落云宗修士,纸糊狼,0.734,low_conf
00:27:10.56,40764,落云宗修士,姜七郎0,0.642,low_conf
00:27:10.56,40764,落云宗修士,墨月火,0.742,low_conf
00:27:10.56,40764,落云宗修士,小猪妤,0.745,low_conf
00:27:10.56,40764,落云宗修士,yang20023,0.738,low_conf
00:27:10.56,40764,落云宗修士,姜容田,0.667,low_conf
00:27:10.56,40764,落云宗修士,墨韵19,0.7,low_conf
00:27:14.24,40856,落云宗修士,道发不以,0.526,pending
00:27:14.24,40856,落云宗修士,将书险,0.34,pending
00:27:14.24,40856,落云宗修士,8,0.139,pending
00:27:14.24,40856,落云宗修士,顺德,0.652,low_conf
00:27:14.24,40856,落云宗修士,小孕你过～了,0.532,pending
00:27:14.24,40856,落云宗修士,yangzhe121,0.739,low_conf
00:27:14.24,40856,落云宗修士,道友何柔情教了吗,0.503,pending
00:27:14.24,40856,落云宗修士,将来既院,0.461,pending
00:27:14.24,40856,落云宗修士,默18,0.688,low_conf
00:27:14.24,40856,落云宗修士,舞,0.051,pending
00:27:14.24,40856,落云宗修士,小子长你过天了,0.594,pending
00:27:14.24,40856,落云宗修士,道友零大情修,0.635,low_conf
00:27:14.24,40856,落云宗修士,将春春,0.52,pending
00:27:14.24,40856,落云宗修士,默苍离,0.552,pending
00:27:14.24,40856,落云宗修士,瞬舞,0.453,pending
00:27:14.24,40856,落云宗修士,小组长房房车,0.517,pending
00:27:14.24,40856,落云宗修士,feelsee,0.715,low_conf
00:27:14.24,40856,落云宗修士,yanhel!,0.666,low_conf
00:27:14.24,40856,落云宗修士,将行玩者,0.601,low_conf
00:27:14.24,40856,落云宗修士,默理汐,0.637,low_conf
00:27:14.24,40856,落云宗修士,瞬息影,0.732,low_conf
00:27:14.24,40856,落云宗修士,小钻风爱骑车,0.707,low_conf
00:27:14.24,40856,落云宗修士,道发敲木鱼,0.657,low_conf
00:27:14.24,40856,落云宗修士,将子起,0.482,pending
00:27:14.24,40856,落云宗修士,默淡无,0.709,low_conf
00:27:14.24,40856,落云宗修士,默读—,0.594,pending
00:27:14.24,40856,落云宗修士,小作,0.512,pending
00:27:14.24,40856,落云宗修士,Felix ff,0.687,low_conf
00:27:14.24,40856,落云宗修士,讲笑话不能闷,0.702,low_conf
00:27:14.24,40856,落云宗修士,默麻麻,0.742,low_conf
00:27:14.24,40856,落云宗修士,晓N,0.577,pending
00:27:14.24,40856,落云宗修士,讲双气的哈主,0.647,low_conf
00:27:14.24,40856,落云宗修士,默默笙,0.673,low_conf
00:27:14.24,40856,落云宗修士,晓肥玉儿,0.712,low_conf
00:27:14.24,40856,落云宗修士,道真土豪倦,0.694,low_conf
00:27:14.24,40856,落云宗修士,默然！,0.593,pending
00:27:14.24,40856,落云宗修士,至|秦,0.489,pending
00:27:14.24,40856,落云宗修士,默认值,0.635,low_conf
00:27:14.24,40856,落云宗修士,志度内,0.708,low_conf
00:27:14.24,40856,落云宗修士,蒋茶茶,0.746,low_conf
00:27:14.24,40856,落云宗修士,默示塞,0.747,low_conf
00:27:14.24,40856,落云宗修士,说漫游,0.743,low_conf
00:27:14.24,40856,落云宗修士,晓古城,0.742,low_conf
00:27:14.24,40856,落云宗修士,志华、,0.727,low_conf
00:27:14.24,40856,落云宗修士,稻荷狐,0.731,low_conf
00:27:14.24,40856,落云宗修士,蒋浇悦,0.375,pending
00:27:14.24,40856,落云宗修士,默小小,0.708,low_conf
00:27:14.24,40856,落云宗修士,志神√,0.479,pending
00:27:14.24,40856,落云宗修士,蒋鹤,0.666,low_conf
00:27:14.24,40856,落云宗修士,默亦生,0.732,low_conf
00:27:14.24,40856,落云宗修士,晓蕾要努力,0.699,low_conf
00:27:14.24,40856,落云宗修士,Fe君、,0.724,low_conf
00:27:14.24,40856,落云宗修士,稻林间,0.74,low_conf
00:27:14.24,40856,落云宗修士,蒋清源,0.647,low_conf
00:27:14.24,40856,落云宗修士,默余不,0.747,low_conf
00:27:14.24,40856,落云宗修士,朔安,0.665,low_conf
00:27:14.24,40856,落云宗修士,寻兒,0.238,pending
00:27:14.24,40856,落云宗修士,降温611,0.744,low_conf
00:27:14.24,40856,落云宗修士,骥说谎,0.571,pending
00:27:14.24,40856,落云宗修士,稻汀XOXo,0.68,low_conf
00:27:14.24,40856,落云宗修士,降雪女王陛下,0.742,low_conf
00:27:14.24,40856,落云宗修士,峰晖,0.192,pending
00:27:14.24,40856,落云宗修士,晓小業,0.601,low_conf
00:27:14.24,40856,落云宗修士,稻香呦,0.747,low_conf
00:27:14.24,40856,落云宗修士,绛绛火,0.68,low_conf
00:27:14.24,40856,落云宗修士,牟吡尼,0.69,low_conf
00:27:14.24,40856,落云宗修士,朔月十七,0.744,low_conf
00:27:14.24,40856,落云宗修士,晓晓晓晴,0.7,low_conf
00:27:14.24,40856,落云宗修士,缪大仙,0.749,low_conf
00:27:14.24,40856,落云宗修士,乡小星星丶,0.702,low_conf
00:27:14.24,40856,落云宗修士,晓虚无,0.744,low_conf
00:27:14.24,40856,落云宗修士,缪缪碍,0.681,low_conf
00:27:14.24,40856,落云宗修士,乡伊人,0.675,low_conf
00:27:14.24,40856,落云宗修士,挚爱露西,0.736,low_conf
00:27:14.24,40856,落云宗修士,得意傲,0.743,low_conf
00:27:14.24,40856,落云宗修士,缪缪の,0.71,low_conf
00:27:14.24,40856,落云宗修士,睦倘晚枫,0.473,pending
00:27:14.24,40856,落云宗修士,某不科,0.749,low_conf
00:27:14.24,40856,落云宗修士,丝圆丝圆,0.714,low_conf
00:27:14.24,40856,落云宗修士,晓丶胖墩,0.691,low_conf
00:27:14.24,40856,落云宗修士,德芙_CW,0.703,low_conf
00:27:14.24,40856,落云宗修士,某不知,0.719,low_conf
00:27:14.24,40856,落云宗修士,司光,0.662,low_conf
00:27:14.24,40856,落云宗修士,筱M希,0.748,low_conf
00:27:14.24,40856,落云宗修士,致、、,0.525,pending
00:27:14.24,40856,落云宗修士,德芙恶霸,0.705,low_conf
00:27:14.24,40856,落云宗修士,某叉x双,0.676,low_conf
00:27:14.24,40856,落云宗修士,虫,0.499,pending
00:27:14.24,40856,落云宗修士,德露露子,0.695,low_conf
00:27:14.24,40856,落云宗修士,某个小,0.749,low_conf
00:27:14.24,40856,落云宗修士,司马涵,0.749,low_conf
00:27:14.24,40856,落云宗修士,筱柒书,0.661,low_conf
00:27:14.24,40856,落云宗修士,德玛西亚_,0.746,low_conf
00:27:14.24,40856,落云宗修士,醬酱酱油,0.712,low_conf
00:27:14.24,40856,落云宗修士,筱阡陌i,0.733,low_conf
00:27:14.24,40856,落云宗修士,筱锐锐,0.749,low_conf
00:27:14.24,40856,落云宗修士,某某吕,0.642,low_conf
00:27:14.24,40856,落云宗修士,司馬焱,0.678,low_conf
00:27:14.24,40856,落云宗修士,筱魏寒,0.706,low_conf
00:27:14.24,40856,落云宗修士,某七,0.633,low_conf
00:27:14.24,40856,落云宗修士,地规划局,0.711,low_conf
00:27:14.24,40856,落云宗修士,交通组之星,0.678,low_conf
00:27:14.24,40856,落云宗修士,姆姆鱼,0.746,low_conf
00:27:14.24,40856,落云宗修士,司司盖,0.745,low_conf
00:27:14.24,40856,落云宗修士,筱小萧,0.748,low_conf
00:27:14.24,40856,落云宗修士,智者钦也,0.723,low_conf
00:27:14.24,40856,落云宗修士,木Mu倡,0.647,low_conf
00:27:14.24,40856,落云宗修士,筱晓风,0.658,low_conf
00:27:14.24,40856,落云宗修士,fzz106,0.729,low_conf
00:27:14.24,40856,落云宗修士,木阿棉,0.746,low_conf
00:27:14.24,40856,落云宗修士,筱影,0.666,low_conf
00:27:14.24,40856,落云宗修士,智智岐岐岐,0.721,low_conf
00:27:14.24,40856,落云宗修士,FI鱼SH,0.698,low_conf
00:27:14.24,40856,落云宗修士,木白清,0.739,low_conf
00:27:17.92,40948,落云宗修士,flewbs,0.578,pending
00:27:17.92,40948,落云宗修士,Yige抢工,0.675,low_conf
00:27:17.92,40948,落云宗修士,胶带欺,0.739,low_conf
00:27:17.92,40948,落云宗修士,木孕,0.275,pending
00:27:17.92,40948,落云宗修士,肖非法字符肖,0.648,low_conf
00:27:17.92,40948,落云宗修士,fme,0.3,pending
00:27:17.92,40948,落云宗修士,Viketiuxing,0.706,low_conf
00:27:17.92,40948,落云宗修士,木垫,0.276,pending
00:27:17.92,40948,落云宗修士,思路化成有分,0.656,low_conf
00:27:17.92,40948,落云宗修士,首军省消乐,0.591,pending
00:27:17.92,40948,落云宗修士,fimax,0.652,low_conf
00:27:17.92,40948,落云宗修士,地心手,0.529,pending
00:27:17.92,40948,落云宗修士,胶袋期,0.731,low_conf
00:27:17.92,40948,落云宗修士,柔惊,0.27,pending
00:27:17.92,40948,落云宗修士,思念难以贰哈,0.53,pending
00:27:17.92,40948,落云宗修士,自中克的条术,0.6,low_conf
00:27:17.92,40948,落云宗修士,中我病想广车,0.298,pending
00:27:17.92,40948,落云宗修士,Vingiuvsy,0.561,pending
00:27:17.92,40948,落云宗修士,地狱的吹需,0.715,low_conf
00:27:17.92,40948,落云宗修士,柔成,0.415,pending
00:27:17.92,40948,落云宗修士,思念滩成海,0.711,low_conf
00:27:17.92,40948,落云宗修士,直杨，,0.295,pending
00:27:17.92,40948,落云宗修士,中一病症康,0.664,low_conf
00:27:17.92,40948,落云宗修士,flowersfispggg,0.744,low_conf
00:27:17.92,40948,落云宗修士,地狱的,0.667,low_conf
00:27:17.92,40948,落云宗修士,胶敏,0.36,pending
00:27:17.92,40948,落云宗修士,木源成,0.321,pending
00:27:17.92,40948,落云宗修士,思念凝成澡罗姆,0.582,pending
00:27:17.92,40948,落云宗修士,直你,0.151,pending
00:27:17.92,40948,落云宗修士,中二病症随晨,0.443,pending
00:27:17.92,40948,落云宗修士,flower,0.746,low_conf
00:27:17.92,40948,落云宗修士,YiNKm!,0.472,pending
00:27:17.92,40948,落云宗修士,地中海一直胖,0.718,low_conf
00:27:17.92,40948,落云宗修士,毅职四房,0.458,pending
00:27:17.92,40948,落云宗修士,木林条,0.362,pending
00:27:17.92,40948,落云宗修士,惠态中,0.596,pending
00:27:17.92,40948,落云宗修士,自长眼,0.255,pending
00:27:17.92,40948,落云宗修士,中三小年8,0.413,pending
00:27:17.92,40948,落云宗修士,fly-ha.,0.637,low_conf
00:27:17.92,40948,落云宗修士,YINK少等,0.627,low_conf
00:27:17.92,40948,落云宗修士,的中学圣典,0.563,pending
00:27:17.92,40948,落云宗修士,椒盐瓜菜,0.579,pending
00:27:17.92,40948,落云宗修士,木梅小,0.528,pending
00:27:17.92,40948,落云宗修士,惠睿光,0.3,pending
00:27:17.92,40948,落云宗修士,联夜属之助,0.504,pending
00:27:17.92,40948,落云宗修士,中三你免者,0.438,pending
00:27:17.92,40948,落云宗修士,fly-caor,0.687,low_conf
00:27:17.92,40948,落云宗修士,ViN乐少i节9,0.6,low_conf
00:27:17.92,40948,落云宗修士,的蔡,0.349,pending
00:27:17.92,40948,落云宗修士,椒盐,0.307,pending
00:27:17.92,40948,落云宗修士,未明子,0.551,pending
00:27:17.92,40948,落云宗修士,思维各超神,0.707,low_conf
00:27:17.92,40948,落云宗修士,校夜,0.279,pending
00:27:17.92,40948,落云宗修士,中二修,0.304,pending
00:27:17.92,40948,落云宗修士,Vixidcar,0.402,pending
00:27:17.92,40948,落云宗修士,邦符,0.167,pending
00:27:17.92,40948,落云宗修士,便量售售lin,0.479,pending
00:27:17.92,40948,落云宗修士,未6,0.27,pending
00:27:17.92,40948,落云宗修士,思维色超神色,0.665,low_conf
00:27:17.92,40948,落云宗修士,中二程恰50FTE联接（,0.672,low_conf
00:27:17.92,40948,落云宗修士,viyu谊雨grtoon,0.667,low_conf
00:27:17.92,40948,落云宗修士,托等瞪等灯,0.687,low_conf
00:27:17.92,40948,落云宗修士,焦货集量I,0.223,pending
00:27:17.92,40948,落云宗修士,柔木某,0.22,pending
00:27:17.92,40948,落云宗修士,思鱼鱼鱼鱼鱼鲶,0.624,low_conf
00:27:17.92,40948,落云宗修士,校长我,0.55,pending
00:27:17.92,40948,落云宗修士,中与互冷超级联接,0.627,low_conf
00:27:17.92,40948,落云宗修士,FlyT左,0.512,pending
00:27:17.92,40948,落云宗修士,Vizhd,0.592,pending
00:27:17.92,40948,落云宗修士,灯等脸,0.72,low_conf
00:27:17.92,40948,落云宗修士,焦边奇男用,0.377,pending
00:27:17.92,40948,落云宗修士,柔木林,0.466,pending
00:27:17.92,40948,落云宗修士,斯巴,0.483,pending
00:27:17.92,40948,落云宗修士,笑神侠,0.44,pending
00:27:17.92,40948,落云宗修士,中国bu不超级大懂握,0.65,low_conf
00:27:17.92,40948,落云宗修士,fnnly,0.687,low_conf
00:27:17.92,40948,落云宗修士,Y赖初,0.282,pending
00:27:17.92,40948,落云宗修士,灯范草,0.575,pending
00:27:17.92,40948,落云宗修士,焦糖的花,0.67,low_conf
00:27:17.92,40948,落云宗修士,柔柔,0.305,pending
00:27:17.92,40948,落云宗修士,斯蝶的纳威吁,0.554,pending
00:27:17.92,40948,落云宗修士,笑响美,0.36,pending
00:27:17.92,40948,落云宗修士,中国不装,0.664,low_conf
00:27:17.92,40948,落云宗修士,Yi如初,0.674,low_conf
00:27:17.92,40948,落云宗修士,灯心罩66,0.607,low_conf
00:27:17.92,40948,落云宗修士,焦糖菜王米,0.638,low_conf
00:27:17.92,40948,落云宗修士,未木年,0.552,pending
00:27:17.92,40948,落云宗修士,笑鱼,0.304,pending
00:27:17.92,40948,落云宗修士,中华小水工,0.706,low_conf
00:27:17.92,40948,落云宗修士,登灯等亮6,0.561,pending
00:27:17.92,40948,落云宗修士,焦盐味,0.378,pending
00:27:17.92,40948,落云宗修士,木木菀,0.483,pending
00:27:17.92,40948,落云宗修士,笑忘身,0.656,low_conf
00:27:17.92,40948,落云宗修士,中囊小,0.545,pending
00:27:17.92,40948,落云宗修士,yvif0422,0.731,low_conf
00:27:17.92,40948,落云宗修士,登登D84,0.733,low_conf
00:27:17.92,40948,落云宗修士,焦壹纳树,0.742,low_conf
00:27:17.92,40948,落云宗修士,木木多,0.381,pending
00:27:17.92,40948,落云宗修士,笑忘酥的曦噬,0.503,pending
00:27:17.92,40948,落云宗修士,中机电,0.746,low_conf
00:27:17.92,40948,落云宗修士,vi1516,0.65,low_conf
00:27:17.92,40948,落云宗修士,登登,0.553,pending
00:27:17.92,40948,落云宗修士,焦炸丸子,0.688,low_conf
00:27:17.92,40948,落云宗修士,木木一,0.502,pending
00:27:17.92,40948,落云宗修士,中间你我,0.727,low_conf
00:27:17.92,40948,落云宗修士,登上最高峰等时米,0.709,low_conf
00:27:17.92,40948,落云宗修士,鲛甲九,0.439,pending
00:27:17.92,40948,落云宗修士,木木艺,0.677,low_conf
00:27:17.92,40948,落云宗修士,斯楼顾,0.746,low_conf
00:27:17.92,40948,落云宗修士,笑笑即可,0.717,low_conf
00:27:17.92,40948,落云宗修士,中萌患者,0.719,low_conf
00:27:17.92,40948,落云宗修士,J叶子,0.554,pending
00:27:17.92,40948,落云宗修士,木睦睦,0.733,low_conf
00:27:17.92,40948,落云宗修士,斯墨符,0.748,low_conf
00:27:17.92,40948,落云宗修士,笑摄青枫,0.46,pending
00:27:17.92,40948,落云宗修士,疫猬的江川,0.709,low_conf
00:27:17.92,40948,落云宗修士,木偶少,0.693,low_conf
00:27:17.92,40948,落云宗修士,中人勿思,0.676,low_conf
00:27:17.92,40948,落云宗修士,疫猬的小子C,0.619,low_conf
00:27:17.92,40948,落云宗修士,木偶小,0.71,low_conf
00:27:17.92,40948,落云宗修士,木七师,0.68,low_conf
00:27:17.92,40948,落云宗修士,啸困团,0.518,pending
00:27:17.92,40948,落云宗修士,yokiyzZz,0.685,low_conf
00:27:17.92,40948,落云宗修士,狡猬小子玄骨,0.66,low_conf
00:27:17.92,40948,落云宗修士,木人LJ,0.648,low_conf
00:27:17.92,40948,落云宗修士,木人石,0.705,low_conf
00:27:17.92,40948,落云宗修士,邪白城,0.737,low_conf
00:27:17.92,40948,落云宗修士,胶猫爱橙,0.702,low_conf
00:27:17.92,40948,落云宗修士,木日子,0.682,low_conf
00:27:17.92,40948,落云宗修士,斯坦喽,0.632,low_conf
00:27:17.92,40948,落云宗修士,邪不修,0.747,low_conf
00:27:17.92,40948,落云宗修士,木茸,0.655,low_conf
00:27:17.92,40948,落云宗修士,木叔叔,0.737,low_conf
00:27:17.92,40948,落云宗修士,邪恶七天,0.708,low_conf
00:27:17.92,40948,落云宗修士,忠肃,0.641,low_conf
00:27:17.92,40948,落云宗修士,Fraggkii,0.718,low_conf
00:27:17.92,40948,落云宗修士,脚滑的小叽,0.705,low_conf
00:27:17.92,40948,落云宗修士,木棠奕,0.746,low_conf
00:27:17.92,40948,落云宗修士,脚滑的小子…,0.725,low_conf
00:27:17.92,40948,落云宗修士,木同木,0.743,low_conf
00:27:17.92,40948,落云宗修士,木头大,0.748,low_conf
00:27:17.92,40948,落云宗修士,邪恶小寶,0.739,low_conf
00:27:17.92,40948,落云宗修士,木头卷,0.734,low_conf
00:27:17.92,40948,落云宗修士,终将再续,0.7,low_conf
00:27:17.92,40948,落云宗修士,yosif,0.671,low_conf
00:27:17.92,40948,落云宗修士,脚滑的小子-i,0.742,low_conf
00:27:17.92,40948,落云宗修士,木头块,0.746,low_conf
00:27:17.92,40948,落云宗修士,死活不,0.749,low_conf
00:27:17.92,40948,落云宗修士,等天空浅绛,0.739,low_conf
00:27:17.92,40948,落云宗修士,木头人,0.746,low_conf
00:27:17.92,40948,落云宗修士,终是笔墨砀了笠,0.693,low_conf
00:27:21.60,41040,落云宗修士,Frod-,0.73,low_conf
00:27:21.60,41040,落云宗修士,术维萨,0.624,low_conf
00:27:21.60,41040,落云宗修士,邓俊肯,0.647,low_conf
00:27:21.60,41040,落云宗修士,朵斐一,0.18,pending
00:27:21.60,41040,落云宗修士,四丢笔,0.718,low_conf
00:27:21.60,41040,落云宗修士,邓猫几,0.66,low_conf
00:27:21.60,41040,落云宗修士,叫侬姐姐、,0.739,low_conf
00:27:21.60,41040,落云宗修士,柔兮。,0.282,pending
00:27:21.60,41040,落云宗修士,写作业写就,0.745,low_conf
00:27:21.60,41040,落云宗修士,格一里,0.576,pending
00:27:21.60,41040,落云宗修士,叫软哥,0.749,low_conf
00:27:21.60,41040,落云宗修士,朵小品,0.487,pending
00:27:21.60,41040,落云宗修士,卸载已完成,0.713,low_conf
00:27:21.60,41040,落云宗修士,fs小杰,0.647,low_conf
00:27:21.60,41040,落云宗修士,木叶枫,0.437,pending
00:27:21.60,41040,落云宗修士,四环一枝花,0.691,low_conf
00:27:21.60,41040,落云宗修士,谢不能,0.748,low_conf
00:27:21.60,41040,落云宗修士,低档滑行,0.7,low_conf
00:27:21.60,41040,落云宗修士,未一斤,0.321,pending
00:27:21.60,41040,落云宗修士,谢素道,0.627,low_conf
00:27:21.60,41040,落云宗修士,钟离燕,0.584,pending
00:27:21.60,41040,落云宗修士,fu-fu-fuyyyyy,0.695,low_conf
00:27:21.60,41040,落云宗修士,朵易,0.446,pending
00:27:21.60,41040,落云宗修士,四季煜光,0.714,low_conf
00:27:21.60,41040,落云宗修士,钟扁田,0.531,pending
00:27:21.60,41040,落云宗修士,低调预,0.511,pending
00:27:21.60,41040,落云宗修士,叫我SA大久,0.742,low_conf
00:27:21.60,41040,落云宗修士,木易VzV,0.439,pending
00:27:21.60,41040,落云宗修士,谢富责yono,0.606,low_conf
00:27:21.60,41040,落云宗修士,终式-青银残光,0.749,low_conf
00:27:21.60,41040,落云宗修士,Fullmo福福福lm,0.726,low_conf
00:27:21.60,41040,落云宗修士,叫我菠萝好啦,0.726,low_conf
00:27:21.60,41040,落云宗修士,木易春,0.533,pending
00:27:21.60,41040,落云宗修士,四品级,0.562,pending
00:27:21.60,41040,落云宗修士,谢绝换择,0.674,low_conf
00:27:21.60,41040,落云宗修士,终,0.297,pending
00:27:21.60,41040,落云宗修士,叫我瓜代表,0.711,low_conf
00:27:21.60,41040,落云宗修士,朵防有,0.198,pending
00:27:21.60,41040,落云宗修士,四七啊,0.414,pending
00:27:21.60,41040,落云宗修士,谢小红蕉,0.681,low_conf
00:27:21.60,41040,落云宗修士,钟young,0.749,low_conf
00:27:21.60,41040,落云宗修士,youuovi,0.659,low_conf
00:27:21.60,41040,落云宗修士,低空小妖怪,0.73,low_conf
00:27:21.60,41040,落云宗修士,叫我果果看MI,0.69,low_conf
00:27:21.60,41040,落云宗修士,木樱腻,0.25,pending
00:27:21.60,41040,落云宗修士,四大科地主,0.629,low_conf
00:27:21.60,41040,落云宗修士,低空星寞,0.602,low_conf
00:27:21.60,41040,落云宗修士,叫我莫柔九吧,0.578,pending
00:27:21.60,41040,落云宗修士,木便膜,0.229,pending
00:27:21.60,41040,落云宗修士,四识件地,0.646,low_conf
00:27:21.60,41040,落云宗修士,种京南下啊,0.611,low_conf
00:27:21.60,41040,落云宗修士,fungot,0.601,low_conf
00:27:21.60,41040,落云宗修士,低龄少年,0.712,low_conf
00:27:21.60,41040,落云宗修士,叫我金生,0.654,low_conf
00:27:21.60,41040,落云宗修士,杰有究,0.422,pending
00:27:21.60,41040,落云宗修士,四爵道,0.337,pending
00:27:21.60,41040,落云宗修士,谢例1,0.469,pending
00:27:21.60,41040,落云宗修士,种花家的黑猫整长,0.676,low_conf
00:27:21.60,41040,落云宗修士,You理,0.599,pending
00:27:21.60,41040,落云宗修士,低压锅于男人,0.709,low_conf
00:27:21.60,41040,落云宗修士,叫我句号看,0.675,low_conf
00:27:21.60,41040,落云宗修士,木有起,0.346,pending
00:27:21.60,41040,落云宗修士,四维金学,0.492,pending
00:27:21.60,41040,落云宗修士,谢,0.19,pending
00:27:21.60,41040,落云宗修士,种花家的玺团,0.633,low_conf
00:27:21.60,41040,落云宗修士,YoU直理,0.543,pending
00:27:21.60,41040,落云宗修士,低啥e光线,0.565,pending
00:27:21.60,41040,落云宗修士,叫我你收,0.525,pending
00:27:21.60,41040,落云宗修士,未有技,0.336,pending
00:27:21.60,41040,落云宗修士,四维生学,0.351,pending
00:27:21.60,41040,落云宗修士,偷盒精,0.092,pending
00:27:21.60,41040,落云宗修士,种花家的鬼娇猪,0.709,low_conf
00:27:21.60,41040,落云宗修士,fwtynt,0.625,low_conf
00:27:21.60,41040,落云宗修士,YOUC,0.251,pending
00:27:21.60,41040,落云宗修士,演学先长,0.44,pending
00:27:21.60,41040,落云宗修士,叫我极哥也行,0.706,low_conf
00:27:21.60,41040,落云宗修士,未免光,0.38,pending
00:27:21.60,41040,落云宗修士,四线玩虎,0.682,low_conf
00:27:21.60,41040,落云宗修士,解总精道,0.461,pending
00:27:21.60,41040,落云宗修士,种花家苗黎,0.572,pending
00:27:21.60,41040,落云宗修士,fwmtyn,0.692,low_conf
00:27:21.60,41040,落云宗修士,Vovisuk,0.585,pending
00:27:21.60,41040,落云宗修士,滴滴滴嘟嘟嘟123,0.74,low_conf
00:27:21.60,41040,落云宗修士,叫我麻子是守,0.399,pending
00:27:21.60,41040,落云宗修士,木鱼83,0.552,pending
00:27:21.60,41040,落云宗修士,四线玩家,0.613,low_conf
00:27:21.60,41040,落云宗修士,解像天哭,0.447,pending
00:27:21.60,41040,落云宗修士,种花家,0.602,low_conf
00:27:21.60,41040,落云宗修士,滴酒酒裤,0.266,pending
00:27:21.60,41040,落云宗修士,我,0.477,pending
00:27:21.60,41040,落云宗修士,木鱼水,0.354,pending
00:27:21.60,41040,落云宗修士,鲜堡天美银品,0.43,pending
00:27:21.60,41040,落云宗修士,种花鹿包树,0.694,low_conf
00:27:21.60,41040,落云宗修士,yays,0.495,pending
00:27:21.60,41040,落云宗修士,滴液峰枪,0.593,pending
00:27:21.60,41040,落云宗修士,枝,0.344,pending
00:27:21.60,41040,落云宗修士,四叶的辛述卓,0.577,pending
00:27:21.60,41040,落云宗修士,大,0.219,pending
00:27:21.60,41040,落云宗修士,Fydd,0.747,low_conf
00:27:21.60,41040,落云宗修士,滴利利,0.363,pending
00:27:21.60,41040,落云宗修士,叫我爽就好生,0.676,low_conf
00:27:21.60,41040,落云宗修士,木直阿,0.563,pending
00:27:21.60,41040,落云宗修士,四月的你桃马龙,0.703,low_conf
00:27:21.60,41040,落云宗修士,蟹道吃地托邦硬,0.589,pending
00:27:21.60,41040,落云宗修士,种g,0.331,pending
00:27:21.60,41040,落云宗修士,Fyk.,0.397,pending
00:27:21.60,41040,落云宗修士,yst33835,0.655,low_conf
00:27:21.60,41040,落云宗修士,未正未,0.365,pending
00:27:21.60,41040,落云宗修士,四玥是你の流言,0.661,low_conf
00:27:21.60,41040,落云宗修士,蟹黄楼来玛,0.363,pending
00:27:21.60,41040,落云宗修士,种下弯雪削图,0.493,pending
00:27:21.60,41040,落云宗修士,FV闪林,0.359,pending
00:27:21.60,41040,落云宗修士,YShZ8RM,0.682,low_conf
00:27:21.60,41040,落云宗修士,滴溜溜滴,0.581,pending
00:27:21.60,41040,落云宗修士,叫我年师人,0.487,pending
00:27:21.60,41040,落云宗修士,未质活,0.556,pending
00:27:21.60,41040,落云宗修士,汉凝环,0.284,pending
00:27:21.60,41040,落云宗修士,蟹黄松子酒,0.516,pending
00:27:21.60,41040,落云宗修士,神泰肥涨,0.366,pending
00:27:21.60,41040,落云宗修士,滴溜溜-转转,0.741,low_conf
00:27:21.60,41040,落云宗修士,叫铵主大,0.517,pending
00:27:21.60,41040,落云宗修士,木寒,0.375,pending
00:27:21.60,41040,落云宗修士,礼典环,0.353,pending
00:27:21.60,41040,落云宗修士,心爱人涵涵,0.603,low_conf
00:27:21.60,41040,落云宗修士,仲春昭遥,0.686,low_conf
00:27:21.60,41040,落云宗修士,YSLLFF,0.668,low_conf
00:27:21.60,41040,落云宗修士,滴溜遥水转,0.657,low_conf
00:27:21.60,41040,落云宗修士,数张什么飞,0.469,pending
00:27:21.60,41040,落云宗修士,木子12,0.713,low_conf
00:27:21.60,41040,落云宗修士,肆水流年月,0.683,low_conf
00:27:21.60,41040,落云宗修士,心安得道遥,0.732,low_conf
00:27:21.60,41040,落云宗修士,仲老魔,0.715,low_conf
00:27:21.60,41040,落云宗修士,酒眼,0.215,pending
00:27:21.60,41040,落云宗修士,教量Sama-X,0.688,low_conf
00:27:21.60,41040,落云宗修士,木子D,0.73,low_conf
00:27:21.60,41040,落云宗修士,心安文蒂,0.734,low_conf
00:27:21.60,41040,落云宗修士,仲夏夜,0.676,low_conf
00:27:21.60,41040,落云宗修士,狄莱,0.559,pending
00:27:21.60,41040,落云宗修士,教生,0.501,pending
00:27:21.60,41040,落云宗修士,木子加,0.688,low_conf
00:27:21.60,41040,落云宗修士,建之肆,0.46,pending
00:27:21.60,41040,落云宗修士,心沉星展,0.687,low_conf
00:27:21.60,41040,落云宗修士,仲夏夜之梦Ovo,0.708,low_conf
00:27:21.60,41040,落云宗修士,狭油浆VO,0.403,pending
00:27:21.60,41040,落云宗修士,窖娘,0.561,pending
00:27:21.60,41040,落云宗修士,木子小,0.702,low_conf
00:27:21.60,41040,落云宗修士,松擎金锋,0.652,low_conf
00:27:21.60,41040,落云宗修士,仲勇！,0.553,pending
00:27:21.60,41040,落云宗修士,雪峰,0.601,low_conf
00:27:21.60,41040,落云宗修士,木子筱,0.691,low_conf
00:27:21.60,41040,落云宗修士,众神已死,0.693,low_conf
00:27:21.60,41040,落云宗修士,皆如虚妄,0.552,pending
00:27:21.60,41040,落云宗修士,Gabii,0.564,pending
00:27:21.60,41040,落云宗修士,查志,0.433,pending
00:27:21.60,41040,落云宗修士,心摩动,0.716,low_conf
00:27:21.60,41040,落云宗修士,众小木,0.746,low_conf
00:27:21.60,41040,落云宗修士,迪普xa,0.559,pending
00:27:21.60,41040,落云宗修士,子子哗哩,0.562,pending
00:27:21.60,41040,落云宗修士,目观鱼,0.737,low_conf
00:27:21.60,41040,落云宗修士,重氮零光,0.596,pending
00:27:25.28,41132,落云宗修士,节芬猫猫,0.738,low_conf
00:27:25.28,41132,落云宗修士,自下地,0.626,low_conf
00:27:25.28,41132,落云宗修士,松烟墨,0.747,low_conf
00:27:25.28,41132,落云宗修士,心声,0.505,pending
00:27:25.28,41132,落云宗修士,帝鸿墨,0.744,low_conf
00:27:25.28,41132,落云宗修士,沐安映,0.742,low_conf
00:27:25.28,41132,落云宗修士,松叶源,0.747,low_conf
00:27:25.28,41132,落云宗修士,心+-十,0.553,pending
00:27:25.28,41132,落云宗修士,帝九霄,0.72,low_conf
00:27:25.28,41132,落云宗修士,杰寶,0.464,pending
00:27:25.28,41132,落云宗修士,沐城茜,0.741,low_conf
00:27:25.28,41132,落云宗修士,松子棠,0.747,low_conf
00:27:25.28,41132,落云宗修士,心似灰木,0.736,low_conf
00:27:25.28,41132,落云宗修士,沐大小,0.736,low_conf
00:27:25.28,41132,落云宗修士,淞喵,0.655,low_conf
00:27:25.28,41132,落云宗修士,杰寒,0.642,low_conf
00:27:25.28,41132,落云宗修士,沐风银,0.739,low_conf
00:27:25.28,41132,落云宗修士,嵩嵩的W,0.602,low_conf
00:27:25.28,41132,落云宗修士,沐徽阳,0.745,low_conf
00:27:25.28,41132,落云宗修士,宋铖威,0.735,low_conf
00:27:25.28,41132,落云宗修士,重熙累绩,0.701,low_conf
00:27:25.28,41132,落云宗修士,宋大钱钱钱钱,0.713,low_conf
00:27:25.28,41132,落云宗修士,第第凡,0.673,low_conf
00:27:25.28,41132,落云宗修士,沐凌云,0.706,low_conf
00:27:25.28,41132,落云宗修士,荣况况,0.614,low_conf
00:27:25.28,41132,落云宗修士,心惜妍兮,0.651,low_conf
00:27:25.28,41132,落云宗修士,重雪,0.655,low_conf
00:27:25.28,41132,落云宗修士,深沫20.,0.606,low_conf
00:27:25.28,41132,落云宗修士,yuna011,0.707,low_conf
00:27:25.28,41132,落云宗修士,沐沐沐,0.509,pending
00:27:25.28,41132,落云宗修士,宋西岳,0.711,low_conf
00:27:25.28,41132,落云宗修士,杰末然惠,0.645,low_conf
00:27:25.28,41132,落云宗修士,沐暮Kie,0.585,pending
00:27:25.28,41132,落云宗修士,宋有兴,0.533,pending
00:27:25.28,41132,落云宗修士,周坤,0.665,low_conf
00:27:25.28,41132,落云宗修士,第一滴血,0.717,low_conf
00:27:25.28,41132,落云宗修士,杰尼龟CZz,0.745,low_conf
00:27:25.28,41132,落云宗修士,沐穆不,0.709,low_conf
00:27:25.28,41132,落云宗修士,朵玉很玉了,0.688,low_conf
00:27:25.28,41132,落云宗修士,谛帝,0.665,low_conf
00:27:25.28,41132,落云宗修士,沐秋啊,0.73,low_conf
00:27:25.28,41132,落云宗修士,宋遇,0.347,pending
00:27:25.28,41132,落云宗修士,周蓓1975,0.712,low_conf
00:27:25.28,41132,落云宗修士,深20,0.384,pending
00:27:25.28,41132,落云宗修士,gbq012,0.737,low_conf
00:27:25.28,41132,落云宗修士,沐曦,0.454,pending
00:27:25.28,41132,落云宗修士,蒂法湿,0.725,low_conf
00:27:25.28,41132,落云宗修士,沐雪赛,0.599,pending
00:27:25.28,41132,落云宗修士,周大树227,0.58,pending
00:27:25.28,41132,落云宗修士,glia147,0.459,pending
00:27:25.28,41132,落云宗修士,碲花之秀,0.654,low_conf
00:27:25.28,41132,落云宗修士,沐易钢,0.407,pending
00:27:25.28,41132,落云宗修士,苏朝凤,0.744,low_conf
00:27:25.28,41132,落云宗修士,心悦义续风,0.5,pending
00:27:25.28,41132,落云宗修士,周二傻W,0.685,low_conf
00:27:25.28,41132,落云宗修士,GD神踩飞羊,0.718,low_conf
00:27:25.28,41132,落云宗修士,杰睡了吗,0.664,low_conf
00:27:25.28,41132,落云宗修士,沐有浆,0.646,low_conf
00:27:25.28,41132,落云宗修士,苏晟锦,0.41,pending
00:27:25.28,41132,落云宗修士,心之所念CL,0.73,low_conf
00:27:25.28,41132,落云宗修士,GexGad,0.51,pending
00:27:25.28,41132,落云宗修士,颠颠儿er,0.731,low_conf
00:27:25.28,41132,落云宗修士,苏hui,0.741,low_conf
00:27:25.28,41132,落云宗修士,心之向琬,0.602,low_conf
00:27:25.28,41132,落云宗修士,周贵文管,0.58,pending
00:27:25.28,41132,落云宗修士,Geaker3,0.746,low_conf
00:27:25.28,41132,落云宗修士,Yuuu摄,0.574,pending
00:27:25.28,41132,落云宗修士,颠覆世界(）,0.639,low_conf
00:27:25.28,41132,落云宗修士,杰惠漫画,0.611,low_conf
00:27:25.28,41132,落云宗修士,深,0.196,pending
00:27:25.28,41132,落云宗修士,心中百会花,0.714,low_conf
00:27:25.28,41132,落云宗修士,yuworm,0.709,low_conf
00:27:25.28,41132,落云宗修士,杰之坑少,0.738,low_conf
00:27:25.28,41132,落云宗修士,沐雨逢,0.619,low_conf
00:27:25.28,41132,落云宗修士,苏大挥会成功的,0.733,low_conf
00:27:25.28,41132,落云宗修士,心中有娩,0.663,low_conf
00:27:25.28,41132,落云宗修士,周皮皮的,0.692,low_conf
00:27:25.28,41132,落云宗修士,GentMall,0.723,low_conf
00:27:25.28,41132,落云宗修士,巅峰无能,0.621,low_conf
00:27:25.28,41132,落云宗修士,清洁洁洁九力,0.639,low_conf
00:27:25.28,41132,落云宗修士,沐雨速,0.418,pending
00:27:25.28,41132,落云宗修士,苏大球,0.362,pending
00:27:25.28,41132,落云宗修士,心中际,0.594,pending
00:27:25.28,41132,落云宗修士,周间,0.372,pending
00:27:25.28,41132,落云宗修士,uxu-m,0.319,pending
00:27:25.28,41132,落云宗修士,痛疯无饭师,0.625,low_conf
00:27:25.28,41132,落云宗修士,结成明合列,0.393,pending
00:27:25.28,41132,落云宗修士,深雨清,0.577,pending
00:27:25.28,41132,落云宗修士,苏汽头人,0.509,pending
00:27:25.28,41132,落云宗修士,心の妹萝,0.595,pending
00:27:25.28,41132,落云宗修士,周师-傅,0.658,low_conf
00:27:25.28,41132,落云宗修士,Gentlemao,0.735,low_conf
00:27:25.28,41132,落云宗修士,典期,0.348,pending
00:27:25.28,41132,落云宗修士,结实的新秀,0.711,low_conf
00:27:25.28,41132,落云宗修士,深弯,0.19,pending
00:27:25.28,41132,落云宗修士,苏格技一乐,0.689,low_conf
00:27:25.28,41132,落云宗修士,惊0,0.1,pending
00:27:25.28,41132,落云宗修士,周关皆黑月尽天明,0.633,low_conf
00:27:25.28,41132,落云宗修士,yuzhidoo,0.726,low_conf
00:27:25.28,41132,落云宗修士,结买衬韵猫人,0.552,pending
00:27:25.28,41132,落云宗修士,沐深鹃,0.383,pending
00:27:25.28,41132,落云宗修士,苏格教婚牛波,0.647,low_conf
00:27:25.28,41132,落云宗修士,忻滤林名,0.533,pending
00:27:25.28,41132,落云宗修士,周大,0.367,pending
00:27:25.28,41132,落云宗修士,Yuzhki Nangase,0.735,low_conf
00:27:25.28,41132,落云宗修士,点多的猪子,0.703,low_conf
00:27:25.28,41132,落云宗修士,维不的包,0.253,pending
00:27:25.28,41132,落云宗修士,沐子,0.498,pending
00:27:25.28,41132,落云宗修士,苏家婚牛漫险家,0.674,low_conf
00:27:25.28,41132,落云宗修士,新欣,0.233,pending
00:27:25.28,41132,落云宗修士,周要成长月记,0.712,low_conf
00:27:25.28,41132,落云宗修士,YuZuK3N,0.543,pending
00:27:25.28,41132,落云宗修士,白然黑腊李林的火尾,0.517,pending
00:27:25.28,41132,落云宗修士,333,0.55,pending
00:27:25.28,41132,落云宗修士,沐子沐,0.478,pending
00:27:25.28,41132,落云宗修士,苏测城,0.691,low_conf
00:27:25.28,41132,落云宗修士,新欣量,0.367,pending
00:27:25.28,41132,落云宗修士,周小成的日记,0.573,pending
00:27:25.28,41132,落云宗修士,YWV23睡,0.618,low_conf
00:27:25.28,41132,落云宗修士,我体改称,0.159,pending
00:27:25.28,41132,落云宗修士,碟柔乐,0.207,pending
00:27:25.28,41132,落云宗修士,沐子淋,0.429,pending
00:27:25.28,41132,落云宗修士,苏老果,0.566,pending
00:27:25.28,41132,落云宗修士,昕江,0.504,pending
00:27:25.28,41132,落云宗修士,gfibeldoun,0.666,low_conf
00:27:25.28,41132,落云宗修士,Ywah脆睡,0.375,pending
00:27:25.28,41132,落云宗修士,启我修敌,0.55,pending
00:27:25.28,41132,落云宗修士,姐妹57896,0.693,low_conf
00:27:25.28,41132,落云宗修士,牧含量,0.553,pending
00:27:25.28,41132,落云宗修士,苏璃勤,0.607,low_conf
00:27:25.28,41132,落云宗修士,昕绩汀,0.433,pending
00:27:25.28,41132,落云宗修士,周洒小姐,0.525,pending
00:27:25.28,41132,落云宗修士,点然在敌的才不需要,0.549,pending
00:27:25.28,41132,落云宗修士,姐姐布爱至,0.522,pending
00:27:25.28,41132,落云宗修士,牧民而,0.728,low_conf
00:27:25.28,41132,落云宗修士,苏洛默0312,0.722,low_conf
00:27:25.28,41132,落云宗修士,昕情昕昕昕少釜,0.658,low_conf
00:27:25.28,41132,落云宗修士,周游异养,0.653,low_conf
00:27:25.28,41132,落云宗修士,GG.Boommm,0.701,low_conf
00:27:25.28,41132,落云宗修士,yxb328,0.728,low_conf
00:27:25.28,41132,落云宗修士,由键件鱼的,0.301,pending
00:27:25.28,41132,落云宗修士,婿布多十一,0.61,low_conf
00:27:25.28,41132,落云宗修士,牧人听,0.599,pending
00:27:25.28,41132,落云宗修士,苏美娜珊美,0.608,low_conf
00:27:25.28,41132,落云宗修士,新听,0.461,pending
00:27:25.28,41132,落云宗修士,周周哒奇妙纤,0.66,low_conf
00:27:28.96,41224,落云宗修士,牧羊人,0.739,low_conf
00:27:28.96,41224,落云宗修士,电玩南瓜,0.735,low_conf
00:27:28.96,41224,落云宗修士,苏木风,0.734,low_conf
00:27:28.96,41224,落云宗修士,电线墩子Z,0.731,low_conf
00:27:28.96,41224,落云宗修士,牧羊星,0.724,low_conf
00:27:28.96,41224,落云宗修士,苏沐澄X,0.691,low_conf
00:27:28.96,41224,落云宗修士,牧野白,0.739,low_conf
00:27:28.96,41224,落云宗修士,苏慕柒,0.745,low_conf
00:27:28.96,41224,落云宗修士,ysurf,0.731,low_conf
00:27:28.96,41224,落云宗修士,牧雨拳,0.619,low_conf
00:27:28.96,41224,落云宗修士,纣王昏亦君、,0.684,low_conf
00:27:28.96,41224,落云宗修士,殿前拾,0.747,low_conf
00:27:28.96,41224,落云宗修士,芥末一号,0.722,low_conf
00:27:28.96,41224,落云宗修士,牧云凌,0.745,low_conf
00:27:28.96,41224,落云宗修士,苏青枝,0.747,low_conf
00:27:28.96,41224,落云宗修士,ghp268,0.749,low_conf
00:27:28.96,41224,落云宗修士,電饭煲owo,0.748,low_conf
00:27:28.96,41224,落云宗修士,界临川,0.632,low_conf
00:27:28.96,41224,落云宗修士,牧云之,0.7,low_conf
00:27:28.96,41224,落云宗修士,苏十五,0.748,low_conf
00:27:28.96,41224,落云宗修士,新号别搞喽喽喽,0.691,low_conf
00:27:28.96,41224,落云宗修士,首槿,0.616,low_conf
00:27:28.96,41224,落云宗修士,苏肆,0.667,low_conf
00:27:28.96,41224,落云宗修士,刁萧博,0.727,low_conf
00:27:28.96,41224,落云宗修士,首著花,0.586,pending
00:27:28.96,41224,落云宗修士,新进准,0.749,low_conf
00:27:28.96,41224,落云宗修士,募集哇,0.74,low_conf
00:27:28.96,41224,落云宗修士,幕布后,0.741,low_conf
00:27:28.96,41224,落云宗修士,苏无异,0.746,low_conf
00:27:28.96,41224,落云宗修士,YzHSWHA,0.624,low_conf
00:27:28.96,41224,落云宗修士,幕后黑,0.705,low_conf
00:27:28.96,41224,落云宗修士,苏西克,0.639,low_conf
00:27:28.96,41224,落云宗修士,朱铭佳,0.747,low_conf
00:27:28.96,41224,落云宗修士,慕啊墓,0.723,low_conf
00:27:28.96,41224,落云宗修士,苏小鱼鸭,0.734,low_conf
00:27:28.96,41224,落云宗修士,朱木辛,0.622,low_conf
00:27:28.96,41224,落云宗修士,慕霸天,0.728,low_conf
00:27:28.96,41224,落云宗修士,朱小五,0.713,low_conf
00:27:28.96,41224,落云宗修士,钓倪跌呢,0.707,low_conf
00:27:28.96,41224,落云宗修士,慕樊晨,0.693,low_conf
00:27:28.96,41224,落云宗修士,慕风怀,0.716,low_conf
00:27:28.96,41224,落云宗修士,朱朱文q,0.737,low_conf
00:27:28.96,41224,落云宗修士,慕凤来,0.717,low_conf
00:27:28.96,41224,落云宗修士,苏远夏,0.699,low_conf
00:27:28.96,41224,落云宗修士,新生古文,0.74,low_conf
00:27:28.96,41224,落云宗修士,朱朱要,0.746,low_conf
00:27:28.96,41224,落云宗修士,Gin,0.74,low_conf
00:27:28.96,41224,落云宗修士,慕筒,0.517,pending
00:27:28.96,41224,落云宗修士,苏止君,0.661,low_conf
00:27:28.96,41224,落云宗修士,宁点dml,0.718,low_conf
00:27:28.96,41224,落云宗修士,新手小肥,0.731,low_conf
00:27:28.96,41224,落云宗修士,朱子雀,0.742,low_conf
00:27:28.96,41224,落云宗修士,慕慕动,0.654,low_conf
00:27:28.96,41224,落云宗修士,保儒熊,0.648,low_conf
00:27:28.96,41224,落云宗修士,丁玲霖,0.609,low_conf
00:27:28.96,41224,落云宗修士,慕慕,0.239,pending
00:27:28.96,41224,落云宗修士,苏字Suzie,0.686,low_conf
00:27:28.96,41224,落云宗修士,于一煎饺,0.641,low_conf
00:27:28.96,41224,落云宗修士,慕慕沛,0.323,pending
00:27:28.96,41224,落云宗修士,苏子知,0.709,low_conf
00:27:28.96,41224,落云宗修士,新小面,0.708,low_conf
00:27:28.96,41224,落云宗修士,y小翼y,0.734,low_conf
00:27:28.96,41224,落云宗修士,宁弋格,0.561,pending
00:27:28.96,41224,落云宗修士,慕沛灵,0.449,pending
00:27:28.96,41224,落云宗修士,魅过,0.641,low_conf
00:27:28.96,41224,落云宗修士,诸葛凌翔,0.712,low_conf
00:27:28.96,41224,落云宗修士,y牙9膏,0.626,low_conf
00:27:28.96,41224,落云宗修士,于语薇,0.596,pending
00:27:28.96,41224,落云宗修士,今天喝可乐罢,0.742,low_conf
00:27:28.96,41224,落云宗修士,慕青青,0.556,pending
00:27:28.96,41224,落云宗修士,Y摇H摆F歌,0.741,low_conf
00:27:28.96,41224,落云宗修士,亍真焕福,0.657,low_conf
00:27:28.96,41224,落云宗修士,慕容kU,0.45,pending
00:27:28.96,41224,落云宗修士,酥,0.493,pending
00:27:28.96,41224,落云宗修士,Gloryty,0.573,pending
00:27:28.96,41224,落云宗修士,慕容清,0.634,low_conf
00:27:28.96,41224,落云宗修士,猪贵飞,0.661,low_conf
00:27:28.96,41224,落云宗修士,y野风,0.556,pending
00:27:28.96,41224,落云宗修士,今天看天宝伏女,0.691,low_conf
00:27:28.96,41224,落云宗修士,慕容油,0.334,pending
00:27:28.96,41224,落云宗修士,am ib,0.73,low_conf
00:27:28.96,41224,落云宗修士,Y婴酱,0.284,pending
00:27:28.96,41224,落云宗修士,慕容啡,0.543,pending
00:27:28.96,41224,落云宗修士,GM长康,0.73,low_conf
00:27:28.96,41224,落云宗修士,y鱼鱼yo,0.67,low_conf
00:27:28.96,41224,落云宗修士,町-顿,0.428,pending
00:27:28.96,41224,落云宗修士,慕容,0.486,pending
00:27:28.96,41224,落云宗修士,酥酥炒,0.422,pending
00:27:28.96,41224,落云宗修士,猪利润,0.723,low_conf
00:27:28.96,41224,落云宗修士,am长,0.473,pending
00:27:28.96,41224,落云宗修士,Y麦Y圈,0.412,pending
00:27:28.96,41224,落云宗修士,今天努力,0.556,pending
00:27:28.96,41224,落云宗修士,慕容与,0.392,pending
00:27:28.96,41224,落云宗修士,gngessu,0.675,low_conf
00:27:28.96,41224,落云宗修士,装er,0.226,pending
00:27:28.96,41224,落云宗修士,钉窝家的美少女me,0.707,low_conf
00:27:28.96,41224,落云宗修士,蒙餐,0.203,pending
00:27:28.96,41224,落云宗修士,新,0.287,pending
00:27:28.96,41224,落云宗修士,猪噜哦,0.554,pending
00:27:32.64,41316,落云宗修士,Z1FZ1F,0.721,low_conf
00:27:32.64,41316,落云宗修士,鼎鼎小茗,0.746,low_conf
00:27:32.64,41316,落云宗修士,慕遇ow,0.622,low_conf
00:27:32.64,41316,落云宗修士,Z4D1镐,0.738,low_conf
00:27:32.64,41316,落云宗修士,暮悲花,0.739,low_conf
00:27:32.64,41316,落云宗修士,夙褐流,0.663,low_conf
00:27:32.64,41316,落云宗修士,定住秋天,0.724,low_conf
00:27:32.64,41316,落云宗修士,暮光空,0.742,low_conf
00:27:32.64,41316,落云宗修士,鑫森淼,0.663,low_conf
00:27:32.64,41316,落云宗修士,暮禾余,0.739,low_conf
00:27:32.64,41316,落云宗修士,肃活,0.661,low_conf
00:27:32.64,41316,落云宗修士,鑫止夜寐,0.664,low_conf
00:27:32.64,41316,落云宗修士,猪义之,0.656,low_conf
00:27:32.64,41316,落云宗修士,暮葵子,0.741,low_conf
00:27:32.64,41316,落云宗修士,源,0.499,pending
00:27:32.64,41316,落云宗修士,仗楷,0.483,pending
00:27:32.64,41316,落云宗修士,猪运爆棚,0.736,low_conf
00:27:32.64,41316,落云宗修士,暮燃雪,0.647,low_conf
00:27:32.64,41316,落云宗修士,素尘若雪,0.725,low_conf
00:27:32.64,41316,落云宗修士,信歌纸,0.693,low_conf
00:27:32.64,41316,落云宗修士,猪惠精八,0.749,low_conf
00:27:32.64,41316,落云宗修士,丢失的豆包V,0.736,low_conf
00:27:32.64,41316,落云宗修士,暮色的,0.721,low_conf
00:27:32.64,41316,落云宗修士,暮雪夕,0.675,low_conf
00:27:32.64,41316,落云宗修士,信你n,0.747,low_conf
00:27:32.64,41316,落云宗修士,zbil126,0.71,low_conf
00:27:32.64,41316,落云宗修士,暮雨安,0.739,low_conf
00:27:32.64,41316,落云宗修士,暮雨,0.652,low_conf
00:27:32.64,41316,落云宗修士,素雅色,0.74,low_conf
00:27:32.64,41316,落云宗修士,暮雨江,0.699,low_conf
00:27:32.64,41316,落云宗修士,素泽Ro,0.741,low_conf
00:27:32.64,41316,落云宗修士,信仰会心,0.719,low_conf
00:27:32.64,41316,落云宗修士,今销醉,0.746,low_conf
00:27:32.64,41316,落云宗修士,暮雨潇,0.681,low_conf
00:27:32.64,41316,落云宗修士,竹糕槐,0.745,low_conf
00:27:32.64,41316,落云宗修士,暮雨奔,0.737,low_conf
00:27:32.64,41316,落云宗修士,暮云SS,0.637,low_conf
00:27:32.64,41316,落云宗修士,速冻烤箱,0.744,low_conf
00:27:32.64,41316,落云宗修士,暮之北,0.693,low_conf
00:27:32.64,41316,落云宗修士,宿何离磅,0.676,low_conf
00:27:32.64,41316,落云宗修士,小啊心,0.74,low_conf
00:27:32.64,41316,落云宗修士,竹林里的蜈蚣,0.698,low_conf
00:27:32.64,41316,落云宗修士,zd强,0.746,low_conf
00:27:32.64,41316,落云宗修士,斤斤将将,0.747,low_conf
00:27:32.64,41316,落云宗修士,暮の悸,0.642,low_conf
00:27:32.64,41316,落云宗修士,钅钅钅昵称,0.715,low_conf
00:27:32.64,41316,落云宗修士,穆如清,0.749,low_conf
00:27:32.64,41316,落云宗修士,溯方的雪,0.712,low_conf
00:27:32.64,41316,落云宗修士,东东动动,0.726,low_conf
00:27:32.64,41316,落云宗修士,其,0.293,pending
00:27:32.64,41316,落云宗修士,穆誓,0.599,pending
00:27:32.64,41316,落云宗修士,潮洄中澤,0.539,pending
00:27:32.64,41316,落云宗修士,金玉,0.641,low_conf
00:27:32.64,41316,落云宗修士,穆星是,0.749,low_conf
00:27:32.64,41316,落云宗修士,星阿,0.666,low_conf
00:27:32.64,41316,落云宗修士,嗯婷○,0.452,pending
00:27:32.64,41316,落云宗修士,溯雪源,0.648,low_conf
00:27:32.64,41316,落云宗修士,星安理,0.749,low_conf
00:27:32.64,41316,落云宗修士,东東姨,0.544,pending
00:27:32.64,41316,落云宗修士,金蹦蹦,0.744,low_conf
00:27:32.64,41316,落云宗修士,嗯哼q,0.611,low_conf
00:27:32.64,41316,落云宗修士,竹声涛涛,0.747,low_conf
00:27:32.64,41316,落云宗修士,嗯哼婷,0.484,pending
00:27:32.64,41316,落云宗修士,嗯嗯云,0.72,low_conf
00:27:32.64,41316,落云宗修士,星尘寰,0.618,low_conf
00:27:32.64,41316,落云宗修士,竹苇禾,0.737,low_conf
00:27:32.64,41316,落云宗修士,金戈23333,0.727,low_conf
00:27:32.64,41316,落云宗修士,嗯呐01,0.698,low_conf
00:27:32.64,41316,落云宗修士,东方小白空,0.744,low_conf
00:27:32.64,41316,落云宗修士,竹雨隐,0.749,low_conf
00:27:32.64,41316,落云宗修士,拿锅碗,0.715,low_conf
00:27:32.64,41316,落云宗修士,算困烤箱,0.699,low_conf
00:27:32.64,41316,落云宗修士,东方轩语1,0.744,low_conf
00:27:32.64,41316,落云宗修士,拿手机,0.746,low_conf
00:27:32.64,41316,落云宗修士,金海未干,0.735,low_conf
00:27:32.64,41316,落云宗修士,拿铁老,0.731,low_conf
00:27:32.64,41316,落云宗修士,哪来的,0.708,low_conf
00:27:32.64,41316,落云宗修士,哪来那,0.707,low_conf
00:27:32.64,41316,落云宗修士,星辰,0.652,low_conf
00:27:32.64,41316,落云宗修士,逐点月华,0.631,low_conf
00:27:36.32,41408,落云宗修士,东经9,0.579,pending
00:27:36.32,41408,落云宗修士,那不随,0.733,low_conf
00:27:36.32,41408,落云宗修士,星辰道,0.577,pending
00:27:36.32,41408,落云宗修士,zgxxd,0.736,low_conf
00:27:36.32,41408,落云宗修士,东君,0.506,pending
00:27:36.32,41408,落云宗修士,那不代,0.674,low_conf
00:27:36.32,41408,落云宗修士,星木,0.391,pending
00:27:36.32,41408,落云宗修士,东房,0.546,pending
00:27:36.32,41408,落云宗修士,那豆纳,0.661,low_conf
00:27:36.32,41408,落云宗修士,星捶野,0.51,pending
00:27:36.32,41408,落云宗修士,那个笔,0.745,low_conf
00:27:36.32,41408,落云宗修士,星斗南,0.723,low_conf
00:27:36.32,41408,落云宗修士,、 silenton.,0.706,low_conf
00:27:36.32,41408,落云宗修士,东末说,0.625,low_conf
00:27:36.32,41408,落云宗修士,那个估,0.666,low_conf
00:27:36.32,41408,落云宗修士,金淋灶,0.672,low_conf
00:27:36.32,41408,落云宗修士,那个麦,0.748,low_conf
00:27:36.32,41408,落云宗修士,、白鹭、,0.604,low_conf
00:27:36.32,41408,落云宗修士,那个谁,0.749,low_conf
00:27:36.32,41408,落云宗修士,、不如,0.721,low_conf
00:27:36.32,41408,落云宗修士,那就这,0.748,low_conf
00:27:36.32,41408,落云宗修士,随风丶起舞V,0.686,low_conf
00:27:36.32,41408,落云宗修士,星光游棠园,0.648,low_conf
00:27:36.32,41408,落云宗修士,、澈-,0.547,pending
00:27:36.32,41408,落云宗修士,那句AN,0.672,low_conf
00:27:36.32,41408,落云宗修士,√吃饭了吗,0.731,low_conf
00:27:36.32,41408,落云宗修士,那抹淡,0.749,low_conf
00:27:36.32,41408,落云宗修士,、次饭饭,0.713,low_conf
00:27:36.32,41408,落云宗修士,东闻陈,0.646,low_conf
00:27:36.32,41408,落云宗修士,那年国,0.739,low_conf
00:27:36.32,41408,落云宗修士,、丹枫…,0.607,low_conf
00:27:36.32,41408,落云宗修士,G小冥同学,0.686,low_conf
00:27:36.32,41408,落云宗修士,金钱额,0.742,low_conf
00:27:36.32,41408,落云宗修士,那年小,0.748,low_conf
00:27:36.32,41408,落云宗修士,\绯“,0.413,pending
00:27:36.32,41408,落云宗修士,东焱子,0.673,low_conf
00:27:36.32,41408,落云宗修士,那妞好,0.746,low_conf
00:27:36.32,41408,落云宗修士,、古末,0.568,pending
00:27:36.32,41408,落云宗修士,金阙遇癸,0.615,low_conf
00:27:36.32,41408,落云宗修士,那破里,0.746,low_conf
00:27:36.32,41408,落云宗修士,东羽之火,0.732,low_conf
00:27:36.32,41408,落云宗修士,那骑猪,0.749,low_conf
00:27:36.32,41408,落云宗修士,-随性-,0.736,low_conf
00:27:36.32,41408,落云宗修士,、！就是我,0.653,low_conf
00:27:36.32,41408,落云宗修士,那山的,0.737,low_conf
00:27:36.32,41408,落云宗修士,星河书苑,0.699,low_conf
00:27:36.32,41408,落云宗修士,\回忆的沙漏,0.709,low_conf
00:27:36.32,41408,落云宗修士,那时的,0.746,low_conf
00:27:36.32,41408,落云宗修士,、鹅鲽,0.618,low_conf
00:27:36.32,41408,落云宗修士,金山道长,0.722,low_conf
00:27:36.32,41408,落云宗修士,那-瞬間,0.718,low_conf
00:27:36.32,41408,落云宗修士,星寰宇x,0.639,low_conf
00:27:36.32,41408,落云宗修士,\焦糖、,0.565,pending
00:27:36.32,41408,落云宗修士,冬眠笑,0.625,low_conf
00:27:36.32,41408,落云宗修士,金闪闪的咖,0.735,low_conf
00:27:36.32,41408,落云宗修士,那免的,0.65,low_conf
00:27:36.32,41408,落云宗修士,星回初九,0.701,low_conf
00:27:36.32,41408,落云宗修士,√九思,0.549,pending
00:27:36.32,41408,落云宗修士,那晚她,0.749,low_conf
00:27:36.32,41408,落云宗修士,星魂猪猪,0.738,low_conf
00:27:36.32,41408,落云宗修士,那些年,0.749,low_conf
00:27:36.32,41408,落云宗修士,ZHYU昱,0.744,low_conf
00:27:36.32,41408,落云宗修士,冬日金鱼,0.723,low_conf
00:27:36.32,41408,落云宗修士,金颜,0.665,low_conf
00:27:36.32,41408,落云宗修士,那岩啊,0.746,low_conf
00:27:36.32,41408,落云宗修士,√灵空,0.584,pending
00:27:36.32,41408,落云宗修士,冬时照柳,0.727,low_conf
00:27:36.32,41408,落云宗修士,那一次,0.738,low_conf
00:27:36.32,41408,落云宗修士,√琉离,0.557,pending
00:27:36.32,41408,落云宗修士,金浙鑫,0.741,low_conf
00:27:36.32,41408,落云宗修士,那一年,0.73,low_conf
00:27:36.32,41408,落云宗修士,丶洛临川,0.678,low_conf
00:27:36.32,41408,落云宗修士,那一片,0.637,low_conf
00:27:36.32,41408,落云宗修士,Zi-,0.572,pending
00:27:36.32,41408,落云宗修士,金中示,0.744,low_conf
00:27:36.32,41408,落云宗修士,那一坡,0.728,low_conf
00:27:36.32,41408,落云宗修士,zis）,0.655,low_conf
00:27:36.32,41408,落云宗修士,冬崖,0.666,low_conf
00:27:36.32,41408,落云宗修士,那迎风,0.749,low_conf
00:27:36.32,41408,落云宗修士,那只是,0.749,low_conf
00:27:36.32,41408,落云宗修士,碎星,0.658,low_conf
00:27:36.32,41408,落云宗修士,\泡沫｜,0.57,pending
00:27:36.32,41408,落云宗修士,津葵,0.656,low_conf
00:27:36.32,41408,落云宗修士,呐呐呐,0.736,low_conf
00:27:36.32,41408,落云宗修士,碎步湖,0.748,low_conf
00:27:36.32,41408,落云宗修士,、七剑,0.724,low_conf
00:27:36.32,41408,落云宗修士,√岂不美哉,0.71,low_conf
00:27:36.32,41408,落云宗修士,佩宁,0.664,low_conf
00:27:36.32,41408,落云宗修士,呐你喜,0.746,low_conf
00:27:36.32,41408,落云宗修士,、干古…,0.568,pending
00:27:40.00,41500,落云宗修士,Z寻空,0.284,pending
00:27:40.00,41500,落云宗修士,东京の金木研,0.681,low_conf
00:27:40.00,41500,落云宗修士,尽力局局长！,0.7,low_conf
00:27:40.00,41500,落云宗修士,钢妮菜,0.238,pending
00:27:40.00,41500,落云宗修士,孙大圣瞬咯哈哺唱！,0.498,pending
00:27:40.00,41500,落云宗修士,星湿,0.319,pending
00:27:40.00,41500,落云宗修士,空人,0.289,pending
00:27:40.00,41500,落云宗修士,东神洲,0.36,pending
00:27:40.00,41500,落云宗修士,尽显冷同长吉,0.5,pending
00:27:40.00,41500,落云宗修士,娜娜哒,0.677,low_conf
00:27:40.00,41500,落云宗修士,孙大蜂您,0.616,low_conf
00:27:40.00,41500,落云宗修士,星漆目酒,0.676,low_conf
00:27:40.00,41500,落云宗修士,水的尔情,0.631,low_conf
00:27:40.00,41500,落云宗修士,东肤神,0.229,pending
00:27:40.00,41500,落云宗修士,冬握你的小里,0.448,pending
00:27:40.00,41500,落云宗修士,乃咪,0.35,pending
00:27:40.00,41500,落云宗修士,孙尖虾子,0.579,pending
00:27:40.00,41500,落云宗修士,星喵喵,0.64,low_conf
00:27:40.00,41500,落云宗修士,、苏从术看动逼,0.594,pending
00:27:40.00,41500,落云宗修士,hanah-0923,0.724,low_conf
00:27:40.00,41500,落云宗修士,zkpack,0.525,pending
00:27:40.00,41500,落云宗修士,东城66ccff,0.709,low_conf
00:27:40.00,41500,落云宗修士,繁握你的,0.391,pending
00:27:40.00,41500,落云宗修士,乃子,0.659,low_conf
00:27:40.00,41500,落云宗修士,孙狗至苗,0.435,pending
00:27:40.00,41500,落云宗修士,星猫,0.564,pending
00:27:40.00,41500,落云宗修士,我从不看,0.544,pending
00:27:40.00,41500,落云宗修士,水茶茶,0.38,pending
00:27:40.00,41500,落云宗修士,泰农食,0.268,pending
00:27:40.00,41500,落云宗修士,乃唐花,0.708,low_conf
00:27:40.00,41500,落云宗修士,星多型,0.423,pending
00:27:40.00,41500,落云宗修士,、因索,0.341,pending
00:27:40.00,41500,落云宗修士,zscat.,0.502,pending
00:27:40.00,41500,落云宗修士,重多专,0.3,pending
00:27:40.00,41500,落云宗修士,锦安沈卡,0.418,pending
00:27:40.00,41500,落云宗修士,奶爸,0.653,low_conf
00:27:40.00,41500,落云宗修士,孙浩然大大,0.679,low_conf
00:27:40.00,41500,落云宗修士,星眠酒,0.477,pending
00:27:40.00,41500,落云宗修士,、闲妊、,0.684,low_conf
00:27:40.00,41500,落云宗修士,zswe,0.268,pending
00:27:40.00,41500,落云宗修士,重,0.373,pending
00:27:40.00,41500,落云宗修士,锦城清机,0.609,low_conf
00:27:40.00,41500,落云宗修士,奶啵啵,0.746,low_conf
00:27:40.00,41500,落云宗修士,孙河霸主龙,0.672,low_conf
00:27:40.00,41500,落云宗修士,、小猫妖,0.664,low_conf
00:27:40.00,41500,落云宗修士,重梦不是黄师傅,0.721,low_conf
00:27:40.00,41500,落云宗修士,锦江清,0.639,low_conf
00:27:40.00,41500,落云宗修士,奶茶博,0.739,low_conf
00:27:40.00,41500,落云宗修士,、小蒸,0.498,pending
00:27:40.00,41500,落云宗修士,zmd就是,0.707,low_conf
00:27:40.00,41500,落云宗修士,重师得不是,0.577,pending
00:27:40.00,41500,落云宗修士,锦無极边球,0.594,pending
00:27:40.00,41500,落云宗修士,奶茶好,0.744,low_conf
00:27:40.00,41500,落云宗修士,星浅哥,0.682,low_conf
00:27:40.00,41500,落云宗修士,ZnSAad,0.576,pending
00:27:40.00,41500,落云宗修士,重手代,0.354,pending
00:27:40.00,41500,落云宗修士,锦鲤擦边球,0.696,low_conf
00:27:40.00,41500,落云宗修士,奶花可,0.749,low_conf
00:27:40.00,41500,落云宗修士,孙千夜,0.687,low_conf
00:27:40.00,41500,落云宗修士,星伴部,0.505,pending
00:27:40.00,41500,落云宗修士,、蝎子莱莱、,0.632,low_conf
00:27:40.00,41500,落云宗修士,博动钱,0.36,pending
00:27:40.00,41500,落云宗修士,奶黄包,0.654,low_conf
00:27:40.00,41500,落云宗修士,星得郎Tidus,0.705,low_conf
00:27:40.00,41500,落云宗修士,、烟花飞舞,0.678,low_conf
00:27:40.00,41500,落云宗修士,奶口芥,0.694,low_conf
00:27:40.00,41500,落云宗修士,星领KK,0.61,low_conf
00:27:40.00,41500,落云宗修士,动感玄,0.579,pending
00:27:40.00,41500,落云宗修士,-奶沫,0.724,low_conf
00:27:40.00,41500,落云宗修士,奶奶背,0.746,low_conf
00:27:40.00,41500,落云宗修士,笋七一,0.588,pending
00:27:40.00,41500,落云宗修士,一世无言,0.721,low_conf
00:27:40.00,41500,落云宗修士,奶牛布,0.749,low_conf
00:27:40.00,41500,落云宗修士,奶跑跑,0.717,low_conf
00:27:40.00,41500,落云宗修士,星稀乌鹤,0.705,low_conf
00:27:40.00,41500,落云宗修士,、友人.,0.582,pending
00:27:40.00,41500,落云宗修士,奶片很,0.732,low_conf
00:27:40.00,41500,落云宗修士,娄丶娜呀,0.513,pending
00:27:40.00,41500,落云宗修士,、有彩虹,0.703,low_conf
00:27:40.00,41500,落云宗修士,槿杨yltf,0.707,low_conf
00:27:40.00,41500,落云宗修士,奶淇琳,0.748,low_conf
00:27:40.00,41500,落云宗修士,梭想,0.665,low_conf
00:27:40.00,41500,落云宗修士,冻冻小小鱼,0.734,low_conf
00:27:40.00,41500,落云宗修士,奶糖家,0.734,low_conf
00:27:40.00,41500,落云宗修士,妳打牌,0.534,pending
00:27:40.00,41500,落云宗修士,所念皆是你,0.74,low_conf
00:27:40.00,41500,落云宗修士,勤感少女雾岛董香,0.718,low_conf
00:27:40.00,41500,落云宗修士,奈菲儿,0.747,low_conf
00:27:40.00,41500,落云宗修士,星星的滨光,0.727,low_conf
00:27:40.00,41500,落云宗修士,、灼眼“叶,0.669,low_conf
00:27:40.00,41500,落云宗修士,HC\YYY,0.704,low_conf
00:27:40.00,41500,落云宗修士,錦庐七,0.58,pending
00:27:40.00,41500,落云宗修士,奈何镜,0.688,low_conf
00:27:40.00,41500,落云宗修士,錦瑜,0.568,pending
00:27:40.00,41500,落云宗修士,奈何桥,0.748,low_conf
00:27:40.00,41500,落云宗修士,奈伽,0.665,low_conf
00:27:40.00,41500,落云宗修士,索洛格,0.643,low_conf
00:27:40.00,41500,落云宗修士,奈克赛,0.74,low_conf
00:27:40.00,41500,落云宗修士,索士）,0.638,low_conf
00:27:40.00,41500,落云宗修士,星星梨,0.748,low_conf
00:27:40.00,41500,落云宗修士,渚薰,0.381,pending
00:27:40.00,41500,落云宗修士,劲人宇,0.734,low_conf
00:27:40.00,41500,落云宗修士,奈奈米,0.744,low_conf
00:27:40.00,41500,落云宗修士,都遥远,0.727,low_conf
00:27:40.00,41500,落云宗修士,近卫品,0.728,low_conf
00:27:40.00,41500,落云宗修士,奈奈奈,0.637,low_conf
00:27:40.00,41500,落云宗修士,zstar.,0.731,low_conf
00:27:40.00,41500,落云宗修士,男E,0.637,low_conf
00:27:40.00,41500,落云宗修士,他是咸鱼,0.748,low_conf
00:27:40.00,41500,落云宗修士,兜d兜,0.656,low_conf
00:27:40.00,41500,落云宗修士,男人要,0.749,low_conf
00:27:40.00,41500,落云宗修士,柱泛,0.664,low_conf
00:27:40.00,41500,落云宗修士,男子汉,0.748,low_conf
00:27:40.00,41500,落云宗修士,-祝安,0.695,low_conf
00:27:43.68,41592,落云宗修士,ZX riki,0.717,low_conf
00:27:43.68,41592,落云宗修士,兜里有金雷竹,0.714,low_conf
00:27:43.68,41592,落云宗修士,南城以,0.729,low_conf
00:27:43.68,41592,落云宗修士,星熠了云峰,0.652,low_conf
00:27:43.68,41592,落云宗修士,兜莉儿,0.598,pending
00:27:43.68,41592,落云宗修士,南窗竹,0.588,pending
00:27:43.68,41592,落云宗修士,星尤班生,0.733,low_conf
00:27:43.68,41592,落云宗修士,抖$三受,0.662,low_conf
00:27:43.68,41592,落云宗修士,南岛-楼,0.574,pending
00:27:43.68,41592,落云宗修士,星月灵,0.563,pending
00:27:43.68,41592,落云宗修士,HELLOOf,0.687,low_conf
00:27:43.68,41592,落云宗修士,陡壁啊嘞,0.655,low_conf
00:27:43.68,41592,落云宗修士,南弟19,0.566,pending
00:27:43.68,41592,落云宗修士,她是小短腮阿,0.653,low_conf
00:27:43.68,41592,落云宗修士,星月陌凡,0.643,low_conf
00:27:43.68,41592,落云宗修士,zxxcww1234456,0.685,low_conf
00:27:43.68,41592,落云宗修士,斗斗瓜,0.574,pending
00:27:43.68,41592,落云宗修士,进微雨,0.744,low_conf
00:27:43.68,41592,落云宗修士,南头凤,0.71,low_conf
00:27:43.68,41592,落云宗修士,星会之手,0.689,low_conf
00:27:43.68,41592,落云宗修士,抓住那只杨,0.586,pending
00:27:43.68,41592,落云宗修士,Hello未斯,0.522,pending
00:27:43.68,41592,落云宗修士,烧暖,0.134,pending
00:27:43.68,41592,落云宗修士,南方风,0.411,pending
00:27:43.68,41592,落云宗修士,她马者,0.38,pending
00:27:43.68,41592,落云宗修士,星耘梦境,0.645,low_conf
00:27:43.68,41592,落云宗修士,抓住那只欧元酱,0.742,low_conf
00:27:43.68,41592,落云宗修士,henoysie,0.585,pending
00:27:43.68,41592,落云宗修士,Zx-xws,0.448,pending
00:27:43.68,41592,落云宗修士,斗多小瘾3,0.588,pending
00:27:43.68,41592,落云宗修士,爆记御,0.412,pending
00:27:43.68,41592,落云宗修士,南方有,0.708,low_conf
00:27:43.68,41592,落云宗修士,操了腰的大桥,0.646,low_conf
00:27:43.68,41592,落云宗修士,星,0.248,pending
00:27:43.68,41592,落云宗修士,搜食,0.154,pending
00:27:43.68,41592,落云宗修士,zxozk,0.667,low_conf
00:27:43.68,41592,落云宗修士,斗破胱炎,0.616,low_conf
00:27:43.68,41592,落云宗修士,燃夜退尖,0.36,pending
00:27:43.68,41592,落云宗修士,南方,0.44,pending
00:27:43.68,41592,落云宗修士,瑞場腰,0.147,pending
00:27:43.68,41592,落云宗修士,星阳寨风,0.441,pending
00:27:43.68,41592,落云宗修士,拽拽的帅猫,0.739,low_conf
00:27:43.68,41592,落云宗修士,ZYini银极,0.573,pending
00:27:43.68,41592,落云宗修士,豆M究,0.19,pending
00:27:43.68,41592,落云宗修士,爆条行,0.364,pending
00:27:43.68,41592,落云宗修士,南冈站,0.587,pending
00:27:43.68,41592,落云宗修士,塔米呀呀,0.42,pending
00:27:43.68,41592,落云宗修士,星之黄,0.438,pending
00:27:43.68,41592,落云宗修士,技香清渣,0.341,pending
00:27:43.68,41592,落云宗修士,ZViho银,0.565,pending
00:27:43.68,41592,落云宗修士,豆酱DC,0.65,low_conf
00:27:43.68,41592,落云宗修士,谁末的小黄人,0.693,low_conf
00:27:43.68,41592,落云宗修士,南风销,0.603,low_conf
00:27:43.68,41592,落云宗修士,塔柔提岛的岛,0.59,pending
00:27:43.68,41592,落云宗修士,星之之之之,0.616,low_conf
00:27:43.68,41592,落云宗修士,专营减复牧羊犬,0.707,low_conf
00:27:43.68,41592,落云宗修士,ZMnudibh,0.515,pending
00:27:43.68,41592,落云宗修士,豆酱酱089,0.485,pending
00:27:43.68,41592,落云宗修士,遵事的更全,0.271,pending
00:27:43.68,41592,落云宗修士,南风铝,0.546,pending
00:27:43.68,41592,落云宗修士,培布提岛,0.362,pending
00:27:43.68,41592,落云宗修士,星宗小妈人贝人套,0.657,low_conf
00:27:43.68,41592,落云宗修士,专心赶复教未奇,0.58,pending
00:27:43.68,41592,落云宗修士,t,0.094,pending
00:27:43.68,41592,落云宗修士,节OWk,0.399,pending
00:27:43.68,41592,落云宗修士,南风南,0.713,low_conf
00:27:43.68,41592,落云宗修士,拓拨金,0.516,pending
00:27:43.68,41592,落云宗修士,星小妈羊,0.602,low_conf
00:27:43.68,41592,落云宗修士,专心史稳新,0.542,pending
00:27:43.68,41592,落云宗修士,Henry,0.643,low_conf
00:27:43.68,41592,落云宗修士,听,0.244,pending
00:27:43.68,41592,落云宗修士,南风,0.649,low_conf
00:27:43.68,41592,落云宗修士,拓跋有采的,0.661,low_conf
00:27:43.68,41592,落云宗修士,猩星在信,0.558,pending
00:27:43.68,41592,落云宗修士,专卖专播新方向,0.431,pending
00:27:43.68,41592,落云宗修士,ZZAOK,0.497,pending
00:27:43.68,41592,落云宗修士,豆豆,0.473,pending
00:27:43.68,41592,落云宗修士,票沪深冷械,0.309,pending
00:27:43.68,41592,落云宗修士,南图贷,0.537,pending
00:27:43.68,41592,落云宗修士,招拓变,0.17,pending
00:27:43.68,41592,落云宗修士,独量在何接,0.241,pending
00:27:43.68,41592,落云宗修士,破卖套,0.422,pending
00:27:43.68,41592,落云宗修士,hED牛牛,0.648,low_conf
00:27:43.68,41592,落云宗修士,是,0.085,pending
00:27:43.68,41592,落云宗修士,京将深澳机,0.572,pending
00:27:43.68,41592,落云宗修士,南宫菜,0.485,pending
00:27:43.68,41592,落云宗修士,行常在我,0.61,low_conf
00:27:43.68,41592,落云宗修士,酸项时刻,0.503,pending
00:27:43.68,41592,落云宗修士,HERA.,0.699,low_conf
00:27:43.68,41592,落云宗修士,zz992,0.522,pending
00:27:43.68,41592,落云宗修士,享1,0.222,pending
00:27:43.68,41592,落云宗修士,京酱没肉断浪,0.58,pending
00:27:43.68,41592,落云宗修士,南宫,0.637,low_conf
00:27:43.68,41592,落云宗修士,踏风舞凤,0.653,low_conf
00:27:43.68,41592,落云宗修士,行常在,0.739,low_conf
00:27:43.68,41592,落云宗修士,转真时刻,0.733,low_conf
00:27:43.68,41592,落云宗修士,ZZG周,0.643,low_conf
00:27:43.68,41592,落云宗修士,6524,0.698,low_conf
00:27:43.68,41592,落云宗修士,京草小,0.48,pending
00:27:43.68,41592,落云宗修士,踏上青岸,0.72,low_conf
00:27:43.68,41592,落云宗修士,行为绅十,0.71,low_conf
00:27:43.68,41592,落云宗修士,转基图whale,0.736,low_conf
00:27:43.68,41592,落云宗修士,ZzhW烧2138水,0.635,low_conf
00:27:43.68,41592,落云宗修士,景豆4个猪头,0.652,low_conf
00:27:43.68,41592,落云宗修士,京慕卖院,0.515,pending
00:27:43.68,41592,落云宗修士,南宫婉,0.606,low_conf
00:27:43.68,41592,落云宗修士,踏踏岸,0.519,pending
00:27:43.68,41592,落云宗修士,转角遇见最好,0.715,low_conf
00:27:43.68,41592,落云宗修士,hetun,0.746,low_conf
00:27:43.68,41592,落云宗修士,ZZL会烧白开水,0.747,low_conf
00:27:43.68,41592,落云宗修士,有会,0.257,pending
00:27:43.68,41592,落云宗修士,京韵折院,0.314,pending
00:27:43.68,41592,落云宗修士,南宫碗,0.699,low_conf
00:27:43.68,41592,落云宗修士,行行C的,0.657,low_conf
00:27:43.68,41592,落云宗修士,转图圈的小骨,0.676,low_conf
00:27:43.68,41592,落云宗修士,zzp21hho,0.693,low_conf
00:27:43.68,41592,落云宗修士,和我,0.291,pending
00:27:43.68,41592,落云宗修士,经典潜蕾,0.465,pending
00:27:43.68,41592,落云宗修士,南宫乙,0.72,low_conf
00:27:43.68,41592,落云宗修士,踏星挽月！,0.573,pending
00:27:43.68,41592,落云宗修士,行游诗人.,0.611,low_conf
00:27:43.68,41592,落云宗修士,转圈圈啦啦啦,0.643,low_conf
00:27:43.68,41592,落云宗修士,否是我哟,0.508,pending
00:27:43.68,41592,落云宗修士,南瓜,0.665,low_conf
00:27:43.68,41592,落云宗修士,踏雪寻手山万水,0.749,low_conf
00:27:43.68,41592,落云宗修士,行云流水-m,0.718,low_conf
00:27:43.68,41592,落云宗修士,zzqdi,0.696,low_conf
00:27:43.68,41592,落云宗修士,经开修,0.566,pending
00:27:43.68,41592,落云宗修士,南瓜炒,0.744,low_conf
00:27:43.68,41592,落云宗修士,行者,0.549,pending
00:27:43.68,41592,落云宗修士,儿,0.398,pending
00:27:43.68,41592,落云宗修士,经年流,0.712,low_conf
00:27:43.68,41592,落云宗修士,南瓜好,0.747,low_conf
00:27:43.68,41592,落云宗修士,台阶上的猫,0.743,low_conf
00:27:43.68,41592,落云宗修士,畴喉菜菜,0.505,pending
00:27:43.68,41592,落云宗修士,7zZ_1ess,0.568,pending
00:27:43.68,41592,落云宗修士,荆棘,0.612,low_conf
00:27:43.68,41592,落云宗修士,南海岸,0.656,low_conf
00:27:43.68,41592,落云宗修士,行致极湖的一万,0.717,low_conf
00:27:43.68,41592,落云宗修士,豆腐灵,0.658,low_conf
00:27:43.68,41592,落云宗修士,南珩的,0.704,low_conf
00:27:43.68,41592,落云宗修士,庄稼老汉,0.681,low_conf
00:27:43.68,41592,落云宗修士,Zzz_Whi,0.674,low_conf
00:27:43.68,41592,落云宗修士,太仓第一帅,0.712,low_conf
00:27:43.68,41592,落云宗修士,行走木偶,0.728,low_conf
00:27:43.68,41592,落云宗修士,逼の趣苹你想,0.727,low_conf
00:27:43.68,41592,落云宗修士,1 323,0.327,pending
00:27:43.68,41592,落云宗修士,邢容頔,0.618,low_conf
00:27:43.68,41592,落云宗修士,ZzzAzzylts,0.746,low_conf
00:27:43.68,41592,落云宗修士,形云翼,0.669,low_conf
00:27:43.68,41592,落云宗修士,ZHhh.:,0.713,low_conf
00:27:43.68,41592,落云宗修士,南鹤岛,0.702,low_conf
00:27:43.68,41592,落云宗修士,太极术士,0.689,low_conf
00:27:43.68,41592,落云宗修士,Zzz11 1ho00000,0.612,low_conf
00:27:43.68,41592,落云宗修士,菁槿溪,0.744,low_conf
00:27:43.68,41592,落云宗修士,南鹤针,0.538,pending
00:27:43.68,41592,落云宗修士,太可怕了嗽嗽嗽,0.728,low_conf
00:27:43.68,41592,落云宗修士,醒目虎,0.735,low_conf
00:27:43.68,41592,落云宗修士,醒神不睡-,0.734,low_conf
00:27:43.68,41592,落云宗修士,南淮啊,0.646,low_conf
00:27:47.36,41684,落云宗修士,z国仁,0.629,low_conf
00:27:47.36,41684,落云宗修士,鲸鱼吻道浪,0.725,low_conf
00:27:47.36,41684,落云宗修士,南嘉萧,0.739,low_conf
00:27:47.36,41684,落云宗修士,HH原子,0.711,low_conf
00:27:47.36,41684,落云宗修士,鲸落,0.546,pending
00:27:47.36,41684,落云宗修士,南娇语,0.637,low_conf
00:27:47.36,41684,落云宗修士,z临江仙z,0.662,low_conf
00:27:47.36,41684,落云宗修士,鸿上人,0.665,low_conf
00:27:47.36,41684,落云宗修士,南景木,0.695,low_conf
00:27:47.36,41684,落云宗修士,太屑啦,0.745,low_conf
00:27:47.36,41684,落云宗修士,z猫定谔的薛w,0.686,low_conf
00:27:47.36,41684,落云宗修士,南村一,0.476,pending
00:27:47.36,41684,落云宗修士,姓萧名谊,0.712,low_conf
00:27:47.36,41684,落云宗修士,Z-畔畔-,0.617,low_conf
00:27:47.36,41684,落云宗修士,并盖心,0.673,low_conf
00:27:47.36,41684,落云宗修士,-南柯壹,0.709,low_conf
00:27:47.36,41684,落云宗修士,2西瓜冰,0.729,low_conf
00:27:47.36,41684,落云宗修士,井口横二,0.727,low_conf
00:27:47.36,41684,落云宗修士,并诺辉,0.704,low_conf
00:27:47.36,41684,落云宗修士,南陵不,0.727,low_conf
00:27:47.36,41684,落云宗修士,2小笋,0.736,low_conf
00:27:47.36,41684,落云宗修士,逗君君,0.743,low_conf
00:27:47.36,41684,落云宗修士,南幔子,0.616,low_conf
00:27:47.36,41684,落云宗修士,Z璇儿,0.587,pending
00:27:47.36,41684,落云宗修士,井藤三原,0.724,low_conf
00:27:47.36,41684,落云宗修士,南淼克,0.702,low_conf
00:27:47.36,41684,落云宗修士,幸福的熊惠,0.672,low_conf
00:27:47.36,41684,落云宗修士,2涵,0.65,low_conf
00:27:47.36,41684,落云宗修士,逗子不逗了,0.617,low_conf
00:27:47.36,41684,落云宗修士,景Jun,0.737,low_conf
00:27:47.36,41684,落云宗修士,南南mi,0.613,low_conf
00:27:47.36,41684,落云宗修士,2又一个盛夏,0.631,low_conf
00:27:47.36,41684,落云宗修士,窦大胆,0.687,low_conf
00:27:47.36,41684,落云宗修士,景池52,0.719,low_conf
00:27:47.36,41684,落云宗修士,南南南,0.707,low_conf
00:27:47.36,41684,落云宗修士,太阳有点亮,0.681,low_conf
00:27:47.36,41684,落云宗修士,绢下独饮,0.672,low_conf
00:27:47.36,41684,落云宗修士,景风行,0.732,low_conf
00:27:47.36,41684,落云宗修士,南派,0.661,low_conf
00:27:47.36,41684,落云宗修士,太一道,0.577,pending
00:27:47.36,41684,落云宗修士,hiay,0.515,pending
00:27:47.36,41684,落云宗修士,怎W换,0.45,pending
00:27:47.36,41684,落云宗修士,南飘的,0.464,pending
00:27:47.36,41684,落云宗修士,HimZT,0.684,low_conf
00:27:47.36,41684,落云宗修士,Lw,0.347,pending
00:27:47.36,41684,落云宗修士,嘟嘟滴滴顾丢委,0.703,low_conf
00:27:47.36,41684,落云宗修士,景华水悦,0.582,pending
00:27:47.36,41684,落云宗修士,南款的,0.564,pending
00:27:47.36,41684,落云宗修士,太艺真真人,0.565,pending
00:27:47.36,41684,落云宗修士,追随风1,0.704,low_conf
00:27:47.36,41684,落云宗修士,hinata嘿哩哩,0.549,pending
00:27:47.36,41684,落云宗修士,嘟嘟去香味味全,0.478,pending
00:27:47.36,41684,落云宗修士,景行-小T,0.714,low_conf
00:27:47.36,41684,落云宗修士,南墙别,0.665,low_conf
00:27:47.36,41684,落云宗修士,天子,0.355,pending
00:27:47.36,41684,落云宗修士,Hinatess,0.622,low_conf
00:27:47.36,41684,落云宗修士,?百能,0.455,pending
00:27:47.36,41684,落云宗修士,景腹景玄,0.413,pending
00:27:47.36,41684,落云宗修士,南墙茶,0.617,low_conf
00:27:47.36,41684,落云宗修士,太の晓岛,0.537,pending
00:27:47.36,41684,落云宗修士,幸运盖气,0.63,low_conf
00:27:47.36,41684,落云宗修士,追忆荣耀,0.468,pending
00:27:47.36,41684,落云宗修士,hirot3o,0.591,pending
00:27:47.36,41684,落云宗修士,一官胆小自脸,0.579,pending
00:27:47.36,41684,落云宗修士,嘟嘟杰尼鱼,0.738,low_conf
00:27:47.36,41684,落云宗修士,景阳刚上的小,0.727,low_conf
00:27:47.36,41684,落云宗修士,南生秋,0.525,pending
00:27:47.36,41684,落云宗修士,钛锅灶,0.743,low_conf
00:27:47.36,41684,落云宗修士,幸运泰迪,0.673,low_conf
00:27:47.36,41684,落云宗修士,刮开看磨,0.524,pending
00:27:47.36,41684,落云宗修士,深阳,0.151,pending
00:27:47.36,41684,落云宗修士,南生,0.557,pending
00:27:47.36,41684,落云宗修士,泰锅烤,0.489,pending
00:27:47.36,41684,落云宗修士,幸运宝宝,0.741,low_conf
00:27:47.36,41684,落云宗修士,追渗热爱,0.478,pending
00:27:47.36,41684,落云宗修士,Hiiocr,0.452,pending
00:27:47.36,41684,落云宗修士,阿俄,0.498,pending
00:27:47.36,41684,落云宗修士,婧紫媛,0.715,low_conf
00:27:47.36,41684,落云宗修士,南李艺,0.387,pending
00:27:47.36,41684,落云宗修士,泰东猪,0.531,pending
00:27:47.36,41684,落云宗修士,辛运符星全,0.406,pending
00:27:47.36,41684,落云宗修士,淮咨出表,0.358,pending
00:27:47.36,41684,落云宗修士,Hiy幻影,0.555,pending
00:27:47.36,41684,落云宗修士,阿0味,0.389,pending
00:27:47.36,41684,落云宗修士,数素上大勋,0.562,pending
00:27:47.36,41684,落云宗修士,南湾办,0.592,pending
00:27:47.36,41684,落云宗修士,单运量,0.37,pending
00:27:47.36,41684,落云宗修士,淮啡,0.299,pending
00:27:47.36,41684,落云宗修士,hi小熊,0.634,low_conf
00:27:47.36,41684,落云宗修士,阿家7,0.657,low_conf
00:27:47.36,41684,落云宗修士,师睿西西比河,0.664,low_conf
00:27:47.36,41684,落云宗修士,敬易安,0.623,low_conf
00:27:47.36,41684,落云宗修士,南tk,0.494,pending
00:27:47.36,41684,落云宗修士,泰泰友叻神阿特拉,0.619,low_conf
00:27:47.36,41684,落云宗修士,辛运星勒,0.505,pending
00:27:47.36,41684,落云宗修士,准确啥面条理清晰,0.718,low_conf
00:27:47.36,41684,落云宗修士,Hihhh21,0.587,pending
00:27:47.36,41684,落云宗修士,督中外诸军中,0.452,pending
00:27:47.36,41684,落云宗修士,散奇十,0.278,pending
00:27:47.36,41684,落云宗修士,南西小,0.68,low_conf
00:27:47.36,41684,落云宗修士,泰雅,0.373,pending
00:27:47.36,41684,落云宗修士,￥速,0.216,pending
00:27:47.36,41684,落云宗修士,准确全,0.156,pending
00:27:47.36,41684,落云宗修士,Hiss21,0.565,pending
00:27:47.36,41684,落云宗修士,阿K-8ins,0.745,low_conf
00:27:47.36,41684,落云宗修士,青DDD,0.372,pending
00:27:47.36,41684,落云宗修士,敲破乾坤,0.627,low_conf
00:27:47.36,41684,落云宗修士,南稀菜,0.544,pending
00:27:47.36,41684,落云宗修士,泰州老白,0.709,low_conf
00:27:47.36,41684,落云宗修士,性感柔,0.619,low_conf
00:27:47.36,41684,落云宗修士,卓东Travinz,0.6,low_conf
00:27:47.36,41684,落云宗修士,hwk,0.726,low_conf
00:27:47.36,41684,落云宗修士,阿ns,0.379,pending
00:27:47.36,41684,落云宗修士,靓胞破乾坤,0.583,pending
00:27:47.36,41684,落云宗修士,南嫌米,0.468,pending
00:27:47.36,41684,落云宗修士,泰州老1982,0.707,low_conf
00:27:47.36,41684,落云宗修士,卓载927,0.529,pending
00:27:47.36,41684,落云宗修士,HX,0.293,pending
00:27:47.36,41684,落云宗修士,阿may哥,0.74,low_conf
00:27:47.36,41684,落云宗修士,毒酒香茶,0.343,pending
00:27:47.36,41684,落云宗修士,靓原谅锐,0.617,low_conf
00:27:47.36,41684,落云宗修士,南小楼,0.732,low_conf
00:27:47.36,41684,落云宗修士,性感皮堡,0.594,pending
00:27:47.36,41684,落云宗修士,卓起2点,0.514,pending
00:27:47.36,41684,落云宗修士,hlds0,0.469,pending
00:27:47.36,41684,落云宗修士,阿M阿不是,0.665,low_conf
00:27:47.36,41684,落云宗修士,毒酒,0.452,pending
00:27:47.36,41684,落云宗修士,靓任阿究,0.449,pending
00:27:47.36,41684,落云宗修士,南汛情,0.72,low_conf
00:27:47.36,41684,落云宗修士,贪狼琉璃月,0.712,low_conf
00:27:47.36,41684,落云宗修士,性取,0.361,pending
00:27:47.36,41684,落云宗修士,早泉,0.369,pending
00:27:47.36,41684,落云宗修士,毒雌恨直嫂子,0.698,low_conf
00:27:47.36,41684,落云宗修士,靓仔闷架,0.438,pending
00:27:47.36,41684,落云宗修士,南阳小,0.656,low_conf
00:27:47.36,41684,落云宗修士,贪狼先,0.528,pending
00:27:47.36,41684,落云宗修士,行,0.201,pending
00:27:47.36,41684,落云宗修士,深量Y水,0.429,pending
00:27:47.36,41684,落云宗修士,hohoowong,0.703,low_conf
00:27:47.36,41684,落云宗修士,阿自k52,0.717,low_conf
00:27:47.36,41684,落云宗修士,毒唯低,0.494,pending
00:27:47.36,41684,落云宗修士,靓仔礼祥,0.575,pending
00:27:47.36,41684,落云宗修士,南邮来,0.656,low_conf
00:27:47.36,41684,落云宗修士,贪梦,0.472,pending
00:27:47.36,41684,落云宗修士,怪恰的,0.36,pending
00:27:47.36,41684,落云宗修士,灼適花,0.541,pending
00:27:47.36,41684,落云宗修士,毒文件忆,0.531,pending
00:27:47.36,41684,落云宗修士,靓仔,0.641,low_conf
00:27:47.36,41684,落云宗修士,南有白,0.744,low_conf
00:27:47.36,41684,落云宗修士,县鹤,0.557,pending
00:27:47.36,41684,落云宗修士,凶猛的洪水猛兽,0.73,low_conf
00:27:47.36,41684,落云宗修士,阿编,0.665,low_conf
00:27:47.36,41684,落云宗修士,独记忆,0.668,low_conf
00:27:47.36,41684,落云宗修士,靖悦,0.364,pending
00:27:47.36,41684,落云宗修士,南余-,0.651,low_conf
00:27:47.36,41684,落云宗修士,谈冀马健,0.738,low_conf
00:27:47.36,41684,落云宗修士,◆猛的毛毛虫,0.683,low_conf
00:27:47.36,41684,落云宗修士,Hola海夕,0.749,low_conf
00:27:47.36,41684,落云宗修士,独爱娜丫美猫,0.441,pending
00:27:47.36,41684,落云宗修士,靖候花升,0.642,low_conf
00:27:47.36,41684,落云宗修士,南云山,0.685,low_conf
00:27:47.36,41684,落云宗修士,浊尘游心,0.673,low_conf
00:27:51.04,41776,落云宗修士,阿迟菌,0.735,low_conf
00:27:51.04,41776,落云宗修士,独菇菌,0.744,low_conf
00:27:51.04,41776,落云宗修士,南烛火,0.661,low_conf
00:27:51.04,41776,落云宗修士,檀悦,0.665,low_conf
00:27:51.04,41776,落云宗修士,独角大魔,0.714,low_conf
00:27:51.04,41776,落云宗修士,南烛考,0.749,low_conf
00:27:51.04,41776,落云宗修士,静谧）夜,0.636,low_conf
00:27:51.04,41776,落云宗修士,难测,0.542,pending
00:27:51.04,41776,落云宗修士,难缠傲,0.744,low_conf
00:27:51.04,41776,落云宗修士,叹槿宸,0.743,low_conf
00:27:51.04,41776,落云宗修士,阿岛1,0.603,low_conf
00:27:51.04,41776,落云宗修士,难过梨,0.749,low_conf
00:27:51.04,41776,落云宗修士,难极鱼,0.749,low_conf
00:27:51.04,41776,落云宗修士,阿灯-W-,0.709,low_conf
00:27:51.04,41776,落云宗修士,静听白鹤,0.687,low_conf
00:27:51.04,41776,落云宗修士,难坚白,0.732,low_conf
00:27:51.04,41776,落云宗修士,熊,0.5,pending
00:27:51.04,41776,落云宗修士,阿邵寶寳,0.478,pending
00:27:51.04,41776,落云宗修士,难看的,0.748,low_conf
00:27:51.04,41776,落云宗修士,阿荻锅,0.746,low_conf
00:27:51.04,41776,落云宗修士,独一无二×,0.697,low_conf
00:27:51.04,41776,落云宗修士,难却一,0.688,low_conf
00:27:51.04,41776,落云宗修士,梓靖ZZZ,0.611,low_conf
00:27:51.04,41776,落云宗修士,阿丁酱,0.745,low_conf
00:27:51.04,41776,落云宗修士,静岩气,0.708,low_conf
00:27:51.04,41776,落云宗修士,难盛情,0.749,low_conf
00:27:51.04,41776,落云宗修士,碳基山脉,0.721,low_conf
00:27:51.04,41776,落云宗修士,碳烤全鱼,0.639,low_conf
00:27:51.04,41776,落云宗修士,阿东余,0.749,low_conf
00:27:51.04,41776,落云宗修士,熊猫碍碍B,0.749,low_conf
00:27:51.04,41776,落云宗修士,紫菜卷花,0.745,low_conf
00:27:51.04,41776,落云宗修士,阿段、,0.719,low_conf
00:27:51.04,41776,落云宗修士,独自跳望1,0.74,low_conf
00:27:51.04,41776,落云宗修士,静子,0.565,pending
00:27:51.04,41776,落云宗修士,难小民,0.747,low_conf
00:27:51.04,41776,落云宗修士,读报报,0.749,low_conf
00:27:51.04,41776,落云宗修士,难以触,0.749,low_conf
00:27:51.04,41776,落云宗修士,熊肉儿,0.747,low_conf
00:27:51.04,41776,落云宗修士,hsih,0.737,low_conf
00:27:51.04,41776,落云宗修士,难遇易,0.748,low_conf
00:27:51.04,41776,落云宗修士,熊若澜,0.747,low_conf
00:27:51.04,41776,落云宗修士,喃喃酱,0.632,low_conf
00:27:51.04,41776,落云宗修士,汤团猪,0.749,low_conf
00:27:51.04,41776,落云宗修士,镜之车,0.642,low_conf
00:27:51.04,41776,落云宗修士,楠宝最,0.749,low_conf
00:27:51.04,41776,落云宗修士,熊小娜,0.654,low_conf
00:27:51.04,41776,落云宗修士,楠方的,0.737,low_conf
00:27:51.04,41776,落云宗修士,獨自觀月,0.748,low_conf
00:27:51.04,41776,落云宗修士,镜月,0.648,low_conf
00:27:51.04,41776,落云宗修士,楠木to,0.749,low_conf
00:27:51.04,41776,落云宗修士,紫爆良岚,0.446,pending
00:27:51.04,41776,落云宗修士,阿帆同學,0.57,pending
00:27:51.04,41776,落云宗修士,笃之行,0.641,low_conf
00:27:51.04,41776,落云宗修士,图图00,0.677,low_conf
00:27:51.04,41776,落云宗修士,楠楠大,0.712,low_conf
00:27:51.04,41776,落云宗修士,复垣,0.449,pending
00:27:51.04,41776,落云宗修士,HU-HU,0.73,low_conf
00:27:51.04,41776,落云宗修士,阿凡修=枚,0.699,low_conf
00:27:51.04,41776,落云宗修士,图图怪下士,0.726,low_conf
00:27:51.04,41776,落云宗修士,楠楠的,0.674,low_conf
00:27:51.04,41776,落云宗修士,休不知卷,0.747,low_conf
00:27:51.04,41776,落云宗修士,Huhu和 1 1,0.735,low_conf
00:27:51.04,41776,落云宗修士,阿峰喹哮,0.481,pending
00:27:51.04,41776,落云宗修士,huhxg,0.694,low_conf
00:27:51.04,41776,落云宗修士,杜宝哟,0.745,low_conf
00:27:51.04,41776,落云宗修士,图窘脸呵哒,0.651,low_conf
00:27:51.04,41776,落云宗修士,桶条凡,0.336,pending
00:27:51.04,41776,落云宗修士,休息,0.52,pending
00:27:51.04,41776,落云宗修士,紫凌香,0.635,low_conf
00:27:51.04,41776,落云宗修士,阿福剧啦啦,0.729,low_conf
00:27:51.04,41776,落云宗修士,图克君,0.665,low_conf
00:27:51.04,41776,落云宗修士,维镜,0.099,pending
00:27:51.04,41776,落云宗修士,休小言,0.665,low_conf
00:27:51.04,41776,落云宗修士,huiiexie1263,0.695,low_conf
00:27:51.04,41776,落云宗修士,阿富汗老王子,0.562,pending
00:27:51.04,41776,落云宗修士,杜少YYDS,0.718,low_conf
00:27:51.04,41776,落云宗修士,炯和,0.377,pending
00:27:51.04,41776,落云宗修士,脑玩瓜,0.401,pending
00:27:51.04,41776,落云宗修士,唐Dong,0.481,pending
00:27:51.04,41776,落云宗修士,保休QvQ,0.454,pending
00:27:51.04,41776,落云宗修士,紫某妖月,0.562,pending
00:27:51.04,41776,落云宗修士,阿富汗之梦,0.641,low_conf
00:27:51.04,41776,落云宗修士,脑字会,0.391,pending
00:27:51.04,41776,落云宗修士,唐不苦是,0.711,low_conf
00:27:51.04,41776,落云宗修士,修,0.293,pending
00:27:51.04,41776,落云宗修士,hundins,0.731,low_conf
00:27:51.04,41776,落云宗修士,阿富学长,0.705,low_conf
00:27:51.04,41776,落云宗修士,渡河李,0.57,pending
00:27:51.04,41776,落云宗修士,究极小阳,0.652,low_conf
00:27:51.04,41776,落云宗修士,广,0.041,pending
00:27:51.04,41776,落云宗修士,修阿九,0.703,low_conf
00:27:51.04,41776,落云宗修士,紫草笑,0.498,pending
00:27:51.04,41776,落云宗修士,阿格15V,0.491,pending
00:27:51.04,41776,落云宗修士,闲术术,0.194,pending
00:27:51.04,41776,落云宗修士,唐花先生,0.61,low_conf
00:27:51.04,41776,落云宗修士,紫凝夜心,0.484,pending
00:27:51.04,41776,落云宗修士,hungryJacke,0.625,low_conf
00:27:51.04,41776,落云宗修士,阿棉,0.465,pending
00:27:51.04,41776,落云宗修士,端车的皮蛋,0.543,pending
00:27:51.04,41776,落云宗修士,妞嫩装,0.088,pending
00:27:51.04,41776,落云宗修士,闹术永,0.173,pending
00:27:51.04,41776,落云宗修士,唐免,0.284,pending
00:27:51.04,41776,落云宗修士,修道-修自在,0.644,low_conf
00:27:51.04,41776,落云宗修士,紫情舞,0.482,pending
00:27:51.04,41776,落云宗修士,短歌久场,0.643,low_conf
00:27:51.04,41776,落云宗修士,嗽嗽嗽比美,0.503,pending
00:27:51.04,41776,落云宗修士,闹用水,0.17,pending
00:27:51.04,41776,落云宗修士,唐咪值,0.434,pending
00:27:51.04,41776,落云宗修士,紫绿菜,0.278,pending
00:27:51.04,41776,落云宗修士,hunsyitgo,0.682,low_conf
00:27:51.04,41776,落云宗修士,阿怪森桥啊,0.423,pending
00:27:51.04,41776,落云宗修士,嗽咪嗽咪杰oni,0.696,low_conf
00:27:51.04,41776,落云宗修士,闲心的,0.42,pending
00:27:51.04,41776,落云宗修士,唐冷客,0.67,low_conf
00:27:51.04,41776,落云宗修士,修改呢被眠称,0.691,low_conf
00:27:51.04,41776,落云宗修士,紫绒深木,0.439,pending
00:27:51.04,41776,落云宗修士,huntier.,0.735,low_conf
00:27:51.04,41776,落云宗修士,阿半不是啊咪,0.557,pending
00:27:51.04,41776,落云宗修士,短塘,0.653,low_conf
00:27:51.04,41776,落云宗修士,椒保大米阁,0.361,pending
00:27:51.04,41776,落云宗修士,病洁卫,0.173,pending
00:27:51.04,41776,落云宗修士,唐草浪,0.428,pending
00:27:51.04,41776,落云宗修士,修狗已大听,0.496,pending
00:27:51.04,41776,落云宗修士,紫色继木盒,0.514,pending
00:27:54.72,41868,落云宗修士,内密,0.666,low_conf
00:27:54.72,41868,落云宗修士,唐思月,0.747,low_conf
00:27:54.72,41868,落云宗修士,修仙_者,0.709,low_conf
00:27:54.72,41868,落云宗修士,断梦孤舟,0.703,low_conf
00:27:54.72,41868,落云宗修士,内森庄,0.749,low_conf
00:27:54.72,41868,落云宗修士,九袋长老1,0.735,low_conf
00:27:54.72,41868,落云宗修士,内心的,0.748,low_conf
00:27:54.72,41868,落云宗修士,氮褲,0.367,pending
00:27:54.72,41868,落云宗修士,阿酱ZZZ,0.64,low_conf
00:27:54.72,41868,落云宗修士,九厄剑尊丶,0.704,low_conf
00:27:54.72,41868,落云宗修士,能把妳,0.663,low_conf
00:27:54.72,41868,落云宗修士,阿角呀,0.749,low_conf
00:27:54.72,41868,落云宗修士,断涯客,0.653,low_conf
00:27:54.72,41868,落云宗修士,九方成,0.748,low_conf
00:27:54.72,41868,落云宗修士,能不能,0.689,low_conf
00:27:54.72,41868,落云宗修士,能多关,0.749,low_conf
00:27:54.72,41868,落云宗修士,唐奔臣,0.673,low_conf
00:27:54.72,41868,落云宗修士,Hzi-lp,0.744,low_conf
00:27:54.72,41868,落云宗修士,九过三层,0.703,low_conf
00:27:54.72,41868,落云宗修士,能量不,0.695,low_conf
00:27:54.72,41868,落云宗修士,断の剑-,0.634,low_conf
00:27:54.72,41868,落云宗修士,能能所I,0.688,low_conf
00:27:54.72,41868,落云宗修士,能年小,0.749,low_conf
00:27:54.72,41868,落云宗修士,h湖爷,0.748,low_conf
00:27:54.72,41868,落云宗修士,九机玄,0.689,low_conf
00:27:54.72,41868,落云宗修士,妮的么,0.74,low_conf
00:27:54.72,41868,落云宗修士,H温蒂,0.739,low_conf
00:27:54.72,41868,落云宗修士,妮甘玛,0.749,low_conf
00:27:54.72,41868,落云宗修士,棠哩咯棠,0.709,low_conf
00:27:54.72,41868,落云宗修士,堆堆队,0.749,low_conf
00:27:54.72,41868,落云宗修士,妮可可(,0.695,low_conf
00:27:54.72,41868,落云宗修士,修云惆自,0.63,low_conf
00:27:54.72,41868,落云宗修士,紫の界,0.693,low_conf
00:27:54.72,41868,落云宗修士,icwc,0.572,pending
00:27:54.72,41868,落云宗修士,i31313,0.689,low_conf
00:27:54.72,41868,落云宗修士,对上眼了,0.736,low_conf
00:27:54.72,41868,落云宗修士,九离离,0.747,low_conf
00:27:54.72,41868,落云宗修士,妮妮的,0.747,low_conf
00:27:54.72,41868,落云宗修士,字花生,0.747,low_conf
00:27:54.72,41868,落云宗修士,妮妮塔,0.645,low_conf
00:27:54.72,41868,落云宗修士,咻咻阿集,0.694,low_conf
00:27:54.72,41868,落云宗修士,字晴,0.656,low_conf
00:27:54.72,41868,落云宗修士,妮妮一,0.718,low_conf
00:27:54.72,41868,落云宗修士,棠莲月,0.749,low_conf
00:27:54.72,41868,落云宗修士,九名丁,0.69,low_conf
00:27:54.72,41868,落云宗修士,尼比鲁,0.636,low_conf
00:27:54.72,41868,落云宗修士,棠姝a,0.605,low_conf
00:27:54.72,41868,落云宗修士,九殁,0.463,pending
00:27:54.72,41868,落云宗修士,尼伯龙,0.736,low_conf
00:27:54.72,41868,落云宗修士,棠溪裕,0.545,pending
00:27:54.72,41868,落云宗修士,慰慰兮,0.661,low_conf
00:27:54.72,41868,落云宗修士,尼古拉,0.746,low_conf
00:27:54.72,41868,落云宗修士,秀破锤,0.744,low_conf
00:27:54.72,41868,落云宗修士,自闭瑶、,0.743,low_conf
00:27:54.72,41868,落云宗修士,尼克几,0.666,low_conf
00:27:54.72,41868,落云宗修士,袖雪干里,0.721,low_conf
00:27:54.72,41868,落云宗修士,尼罗河,0.748,low_conf
00:27:54.72,41868,落云宗修士,糖醋骨头,0.748,low_conf
00:27:54.72,41868,落云宗修士,袖煙,0.519,pending
00:27:54.72,41868,落云宗修士,九生0,0.576,pending
00:27:54.72,41868,落云宗修士,泥de,0.747,low_conf
00:27:54.72,41868,落云宗修士,九叔耶,0.667,low_conf
00:27:54.72,41868,落云宗修士,嗅嗅爱吃肉,0.6,low_conf
00:27:54.72,41868,落云宗修士,自己玩-,0.698,low_conf
00:27:54.72,41868,落云宗修士,ich12z,0.657,low_conf
00:27:54.72,41868,落云宗修士,炖煮红尘,0.703,low_conf
00:27:54.72,41868,落云宗修士,泥潭世,0.647,low_conf
00:27:54.72,41868,落云宗修士,糖醋汁,0.663,low_conf
00:27:54.72,41868,落云宗修士,须尽欢_。,0.657,low_conf
00:27:54.72,41868,落云宗修士,ICHO桑,0.723,low_conf
00:27:54.72,41868,落云宗修士,泥丸号,0.651,low_conf
00:27:54.72,41868,落云宗修士,须奥方万年,0.64,low_conf
00:27:54.72,41868,落云宗修士,lcy洁,0.648,low_conf
00:27:54.72,41868,落云宗修士,九天玄刹化为,0.742,low_conf
00:27:54.72,41868,落云宗修士,泥要睡,0.67,low_conf
00:27:54.72,41868,落云宗修士,糖朵啊,0.672,low_conf
00:27:54.72,41868,落云宗修士,虚杰低调,0.689,low_conf
00:27:54.72,41868,落云宗修士,自我搁浅,0.668,low_conf
00:27:54.72,41868,落云宗修士,iC朵有卡,0.679,low_conf
00:27:54.72,41868,落云宗修士,橘山椿山,0.546,pending
00:27:54.72,41868,落云宗修士,倪倪,0.478,pending
00:27:54.72,41868,落云宗修士,糖福噜,0.702,low_conf
00:27:54.72,41868,落云宗修士,倪态梅,0.612,low_conf
00:27:54.72,41868,落云宗修士,糖果_yulko,0.748,low_conf
00:27:54.72,41868,落云宗修士,自我约束格,0.674,low_conf
00:27:54.72,41868,落云宗修士,多不语,0.733,low_conf
00:27:54.72,41868,落云宗修士,你xiag,0.476,pending
00:27:54.72,41868,落云宗修士,elckswo,0.719,low_conf
00:27:54.72,41868,落云宗修士,你爱我,0.706,low_conf
00:27:54.72,41868,落云宗修士,虚空萝兽家,0.573,pending
00:27:58.40,41960,落云宗修士,ilimonica,0.667,low_conf
00:27:58.40,41960,落云宗修士,阿良良#,0.647,low_conf
00:27:58.40,41960,落云宗修士,你不是,0.748,low_conf
00:27:58.40,41960,落云宗修士,糖加一小勺,0.703,low_conf
00:27:58.40,41960,落云宗修士,i里呱啦,0.584,pending
00:27:58.40,41960,落云宗修士,九转内卷仙盖,0.746,low_conf
00:27:58.40,41960,落云宗修士,你才太,0.741,low_conf
00:27:58.40,41960,落云宗修士,I时光在,0.569,pending
00:27:58.40,41960,落云宗修士,阿凉小元,0.747,low_conf
00:27:58.40,41960,落云宗修士,你瞅啥,0.674,low_conf
00:27:58.40,41960,落云宗修士,iiqqqq,0.64,low_conf
00:27:58.40,41960,落云宗修士,久悲不成悲（】,0.685,low_conf
00:27:58.40,41960,落云宗修士,你大佬,0.742,low_conf
00:27:58.40,41960,落云宗修士,阿凌00,0.748,low_conf
00:27:58.40,41960,落云宗修士,久不安,0.747,low_conf
00:27:58.40,41960,落云宗修士,你呆哦,0.748,low_conf
00:27:58.40,41960,落云宗修士,i然,0.623,low_conf
00:27:58.40,41960,落云宗修士,阿龙777777,0.733,low_conf
00:27:58.40,41960,落云宗修士,你带薯,0.74,low_conf
00:27:58.40,41960,落云宗修士,久梦未央,0.738,low_conf
00:27:58.40,41960,落云宗修士,你的菠,0.692,low_conf
00:27:58.40,41960,落云宗修士,虚云蛮,0.724,low_conf
00:27:58.40,41960,落云宗修士,你的呆,0.748,low_conf
00:27:58.40,41960,落云宗修士,多识,0.666,low_conf
00:27:58.40,41960,落云宗修士,你的恭,0.749,low_conf
00:27:58.40,41960,落云宗修士,多尾V,0.595,pending
00:27:58.40,41960,落云宗修士,你的嘉,0.749,low_conf
00:27:58.40,41960,落云宗修士,涛毅雷特,0.716,low_conf
00:27:58.40,41960,落云宗修士,多喜哟,0.669,low_conf
00:27:58.40,41960,落云宗修士,你的磊,0.744,low_conf
00:27:58.40,41960,落云宗修士,子都\,0.624,low_conf
00:27:58.40,41960,落云宗修士,而包子小,0.464,pending
00:27:58.40,41960,落云宗修士,久赢,0.665,low_conf
00:27:58.40,41960,落云宗修士,子非无忧,0.706,low_conf
00:27:58.40,41960,落云宗修士,久雨”,0.556,pending
00:27:58.40,41960,落云宗修士,你的那,0.748,low_conf
00:27:58.40,41960,落云宗修士,徐大点,0.732,low_conf
00:27:58.40,41960,落云宗修士,子非瑜瑜,0.687,low_conf
00:27:58.40,41960,落云宗修士,你的向,0.749,low_conf
00:27:58.40,41960,落云宗修士,子、、,0.703,low_conf
00:27:58.40,41960,落云宗修士,哆啦夏,0.713,low_conf
00:27:58.40,41960,落云宗修士,玖危,0.665,low_conf
00:27:58.40,41960,落云宗修士,你的珠,0.747,low_conf
00:27:58.40,41960,落云宗修士,桃李蹊-,0.687,low_conf
00:27:58.40,41960,落云宗修士,你的妆,0.744,low_conf
00:27:58.40,41960,落云宗修士,桃氨馒馒,0.713,low_conf
00:27:58.40,41960,落云宗修士,玖月廿八,0.745,low_conf
00:27:58.40,41960,落云宗修士,你二我,0.719,low_conf
00:27:58.40,41960,落云宗修士,桃清柠,0.749,low_conf
00:27:58.40,41960,落云宗修士,徐捏么,0.62,low_conf
00:27:58.40,41960,落云宗修士,玖指客,0.722,low_conf
00:27:58.40,41960,落云宗修士,你个虾,0.746,low_conf
00:27:58.40,41960,落云宗修士,子书青,0.675,low_conf
00:27:58.40,41960,落云宗修士,你还费,0.697,low_conf
00:27:58.40,41960,落云宗修士,徐行愚者,0.73,low_conf
00:27:58.40,41960,落云宗修士,你还见,0.749,low_conf
00:27:58.40,41960,落云宗修士,酒酿夜夜,0.696,low_conf
00:27:58.40,41960,落云宗修士,你还在,0.749,low_conf
00:27:58.40,41960,落云宗修士,Ink汀,0.703,low_conf
00:27:58.40,41960,落云宗修士,你害怕,0.739,low_conf
00:27:58.40,41960,落云宗修士,桃沉Sir,0.693,low_conf
00:27:58.40,41960,落云宗修士,许沧海,0.655,low_conf
00:27:58.40,41960,落云宗修士,子晏-,0.662,low_conf
00:27:58.40,41960,落云宗修士,阿柒Wz,0.705,low_conf
00:27:58.40,41960,落云宗修士,你好啊,0.638,low_conf
00:27:58.40,41960,落云宗修士,许川炀,0.74,low_conf
00:27:58.40,41960,落云宗修士,阿柒木,0.747,low_conf
00:27:58.40,41960,落云宗修士,酒徒欣,0.748,low_conf
00:27:58.40,41960,落云宗修士,你好佳,0.744,low_conf
00:27:58.40,41960,落云宗修士,阿漆哦,0.73,low_conf
00:27:58.40,41960,落云宗修士,酒鱻巧克栗,0.696,low_conf
00:27:58.40,41960,落云宗修士,你好蒋,0.747,low_conf
00:27:58.40,41960,落云宗修士,许蛊歡,0.588,pending
00:27:58.40,41960,落云宗修士,你好上,0.693,low_conf
00:27:58.40,41960,落云宗修士,许墨染已,0.699,low_conf
00:28:02.08,42052,落云宗修士,阿色巴,0.52,pending
00:28:02.08,42052,落云宗修士,额小猪,0.641,low_conf
00:28:02.08,42052,落云宗修士,恒城吕少年,0.593,pending
00:28:02.08,42052,落云宗修士,你家皇,0.577,pending
00:28:02.08,42052,落云宗修士,淘气河与,0.395,pending
00:28:02.08,42052,落云宗修士,许小波,0.448,pending
00:28:02.08,42052,落云宗修士,is_gxb,0.699,low_conf
00:28:02.08,42052,落云宗修士,阿秋巴色,0.581,pending
00:28:02.08,42052,落云宗修士,怕球,0.33,pending
00:28:02.08,42052,落云宗修士,你家的,0.656,low_conf
00:28:02.08,42052,落云宗修士,讨庆人杀,0.393,pending
00:28:02.08,42052,落云宗修士,许漆X,0.381,pending
00:28:02.08,42052,落云宗修士,isaac荒,0.555,pending
00:28:02.08,42052,落云宗修士,阿秋同学小丫,0.579,pending
00:28:02.08,42052,落云宗修士,普西梁,0.357,pending
00:28:02.08,42052,落云宗修士,旧多躺着韵L,0.326,pending
00:28:02.08,42052,落云宗修士,克,0.429,pending
00:28:02.08,42052,落云宗修士,群青车升2021,0.692,low_conf
00:28:02.08,42052,落云宗修士,忘之就是非常具,0.483,pending
00:28:02.08,42052,落云宗修士,阿泉泉泉君,0.736,low_conf
00:28:02.08,42052,落云宗修士,无既体,0.083,pending
00:28:02.08,42052,落云宗修士,旧兔看,0.257,pending
00:28:02.08,42052,落云宗修士,你见过,0.746,low_conf
00:28:02.08,42052,落云宗修士,旭列东,0.405,pending
00:28:02.08,42052,落云宗修士,isayi.,0.673,low_conf
00:28:02.08,42052,落云宗修士,阿染Pro,0.723,low_conf
00:28:02.08,42052,落云宗修士,恶灵的体精灵,0.63,low_conf
00:28:02.08,42052,落云宗修士,旧海都市,0.549,pending
00:28:02.08,42052,落云宗修士,你就是,0.749,low_conf
00:28:02.08,42052,落云宗修士,特别的方,0.643,low_conf
00:28:02.08,42052,落云宗修士,序列,0.606,low_conf
00:28:02.08,42052,落云宗修士,纵自烟类,0.431,pending
00:28:02.08,42052,落云宗修士,恶龙的小,0.681,low_conf
00:28:02.08,42052,落云宗修士,赶游如爱,0.345,pending
00:28:02.08,42052,落云宗修士,你绝对,0.748,low_conf
00:28:02.08,42052,落云宗修士,特别迷的酷夏,0.745,low_conf
00:28:02.08,42052,落云宗修士,绪安,0.656,low_conf
00:28:02.08,42052,落云宗修士,纵然云淡风輕,0.732,low_conf
00:28:02.08,42052,落云宗修士,isGYF,0.724,low_conf
00:28:02.08,42052,落云宗修士,赶术教,0.178,pending
00:28:02.08,42052,落云宗修士,你看上,0.744,low_conf
00:28:02.08,42052,落云宗修士,绪方里由,0.574,pending
00:28:02.08,42052,落云宗修士,阿润几,0.61,low_conf
00:28:02.08,42052,落云宗修士,恶梦51kumu,0.737,low_conf
00:28:02.08,42052,落云宗修士,救苦救难韩天,0.619,low_conf
00:28:02.08,42052,落云宗修士,特价康人,0.74,low_conf
00:28:02.08,42052,落云宗修士,续写春日瑶y,0.744,low_conf
00:28:02.08,42052,落云宗修士,阿萨法奥丁,0.74,low_conf
00:28:02.08,42052,落云宗修士,救难小福星,0.737,low_conf
00:28:02.08,42052,落云宗修士,你可以,0.749,low_conf
00:28:02.08,42052,落云宗修士,救世★猪,0.719,low_conf
00:28:02.08,42052,落云宗修士,你快上,0.651,low_conf
00:28:02.08,42052,落云宗修士,轩,0.497,pending
00:28:02.08,42052,落云宗修士,邹尉,0.623,low_conf
00:28:02.08,42052,落云宗修士,救世喵喵凯文,0.721,low_conf
00:28:02.08,42052,落云宗修士,你兰北,0.745,low_conf
00:28:02.08,42052,落云宗修士,黄耒西,0.556,pending
00:28:02.08,42052,落云宗修士,轩小珏,0.697,low_conf
00:28:02.08,42052,落云宗修士,阿瑟鲍,0.748,low_conf
00:28:02.08,42052,落云宗修士,你没有,0.749,low_conf
00:28:02.08,42052,落云宗修士,走,0.49,pending
00:28:02.08,42052,落云宗修士,Issac鹏,0.749,low_conf
00:28:02.08,42052,落云宗修士,阿森X十三人,0.712,low_conf
00:28:02.08,42052,落云宗修士,你们的,0.749,low_conf
00:28:02.08,42052,落云宗修士,轩夜少主,0.717,low_conf
00:28:02.08,42052,落云宗修士,恶魔、渐变曲,0.712,low_conf
00:28:02.08,42052,落云宗修士,你们都,0.744,low_conf
00:28:02.08,42052,落云宗修士,走首,0.662,low_conf
00:28:02.08,42052,落云宗修士,阿闪7,0.733,low_conf
00:28:02.08,42052,落云宗修士,你们家,0.745,low_conf
00:28:02.08,42052,落云宗修士,藤鲸雾,0.749,low_conf
00:28:02.08,42052,落云宗修士,轩辕小小宝,0.748,low_conf
00:28:02.08,42052,落云宗修士,阿诗无邪,0.74,low_conf
00:28:02.08,42052,落云宗修士,你们叫,0.747,low_conf
00:28:02.08,42052,落云宗修士,阿屎和阿喵,0.735,low_conf
00:28:02.08,42052,落云宗修士,你们看,0.745,low_conf
00:28:02.08,42052,落云宗修士,你们,0.665,low_conf
00:28:02.08,42052,落云宗修士,宣一薄,0.683,low_conf
00:28:02.08,42052,落云宗修士,饿-兔跳,0.729,low_conf
00:28:02.08,42052,落云宗修士,就撇你了,0.7,low_conf
00:28:02.08,42052,落云宗修士,你们喜,0.739,low_conf
00:28:02.08,42052,落云宗修士,萱仔u,0.705,low_conf
00:28:02.08,42052,落云宗修士,奏、夏凉,0.673,low_conf
00:28:02.08,42052,落云宗修士,恶魔旋绿,0.657,low_conf
00:28:02.08,42052,落云宗修士,你奶奶,0.746,low_conf
00:28:02.08,42052,落云宗修士,墨海,0.494,pending
00:28:02.08,42052,落云宗修士,就难不成,0.702,low_conf
00:28:02.08,42052,落云宗修士,你脑子,0.745,low_conf
00:28:02.08,42052,落云宗修士,玄isk惊,0.732,low_conf
00:28:02.08,42052,落云宗修士,钻孔锥,0.745,low_conf
00:28:02.08,42052,落云宗修士,墨梦来来啦,0.745,low_conf
00:28:02.08,42052,落云宗修士,你能站,0.734,low_conf
00:28:02.08,42052,落云宗修士,玄半甲,0.746,low_conf
00:28:02.08,42052,落云宗修士,钻石巧克力,0.745,low_conf
00:28:02.08,42052,落云宗修士,你瞧你,0.742,low_conf
00:28:02.08,42052,落云宗修士,玄道友,0.733,low_conf
00:28:02.08,42052,落云宗修士,诠嘿111112,0.674,low_conf
00:28:02.08,42052,落云宗修士,你穷疯,0.738,low_conf
00:28:02.08,42052,落云宗修士,玄骨善人z,0.735,low_conf
00:28:02.08,42052,落云宗修士,嘴角x上扬,0.738,low_conf
00:28:02.08,42052,落云宗修士,就是不能好好起,0.747,low_conf
00:28:02.08,42052,落云宗修士,你食佐,0.644,low_conf
00:28:02.08,42052,落云宗修士,题库吧,0.711,low_conf
00:28:02.08,42052,落云宗修士,榉个栗子,0.687,low_conf
00:28:02.08,42052,落云宗修士,误呀妈鸭2,0.722,low_conf
00:28:02.08,42052,落云宗修士,你是白,0.746,low_conf
00:28:02.08,42052,落云宗修士,玄鹤鹤,0.739,low_conf
00:28:02.08,42052,落云宗修士,玄凰久藏,0.728,low_conf
00:28:02.08,42052,落云宗修士,醉樂,0.576,pending
00:28:02.08,42052,落云宗修士,乱世九歌,0.705,low_conf
00:28:02.08,42052,落云宗修士,恩恩少,0.574,pending
00:28:02.08,42052,落云宗修士,你是什,0.749,low_conf
00:28:02.08,42052,落云宗修士,醍醐醉心,0.688,low_conf
00:28:02.08,42052,落云宗修士,玄极化境,0.709,low_conf
00:28:02.08,42052,落云宗修士,陌名,0.666,low_conf
00:28:02.08,42052,落云宗修士,住那只猪,0.722,low_conf
00:28:02.08,42052,落云宗修士,你是我,0.729,low_conf
00:28:02.08,42052,落云宗修士,沐v木i,0.692,low_conf
00:28:02.08,42052,落云宗修士,你是西,0.749,low_conf
00:28:02.08,42052,落云宗修士,耳东鲲,0.749,low_conf
00:28:02.08,42052,落云宗修士,就是这个小山月,0.746,low_conf
00:28:02.08,42052,落云宗修士,你是只,0.744,low_conf
00:28:02.08,42052,落云宗修士,沙凡,0.646,low_conf
00:28:02.08,42052,落云宗修士,你说客,0.739,low_conf
00:28:02.08,42052,落云宗修士,玄末子,0.733,low_conf
00:28:05.76,42144,落云宗修士,1本改,0.507,pending
00:28:05.76,42144,落云宗修士,三次元臭小豆儿,0.736,low_conf
00:28:05.76,42144,落云宗修士,你阅谁,0.477,pending
00:28:05.76,42144,落云宗修士,Jacin托斯,0.643,low_conf
00:28:05.76,42144,落云宗修士,三次元泰泰,0.718,low_conf
00:28:05.76,42144,落云宗修士,你买,0.507,pending
00:28:05.76,42144,落云宗修士,天盒,0.311,pending
00:28:05.76,42144,落云宗修士,玄武总长,0.682,low_conf
00:28:05.76,42144,落云宗修士,JachA-斯rown,0.637,low_conf
00:28:05.76,42144,落云宗修士,阿阳别睡了,0.605,low_conf
00:28:05.76,42144,落云宗修士,你买大,0.487,pending
00:28:05.76,42144,落云宗修士,天不生神果,0.62,low_conf
00:28:05.76,42144,落云宗修士,玄素,0.295,pending
00:28:05.76,42144,落云宗修士,jackdeBrown,0.528,pending
00:28:05.76,42144,落云宗修士,阿刻知当进,0.647,low_conf
00:28:05.76,42144,落云宗修士,就诊不拿医保,0.74,low_conf
00:28:05.76,42144,落云宗修士,你为吃,0.482,pending
00:28:05.76,42144,落云宗修士,天才布要雪乃,0.37,pending
00:28:05.76,42144,落云宗修士,玄献,0.546,pending
00:28:05.76,42144,落云宗修士,最初的屌火相传,0.655,low_conf
00:28:05.76,42144,落云宗修士,Jackdewo,0.585,pending
00:28:05.76,42144,落云宗修士,阿阿筑,0.445,pending
00:28:05.76,42144,落云宗修士,三代儿实,0.519,pending
00:28:05.76,42144,落云宗修士,就祝大家晚年,0.724,low_conf
00:28:05.76,42144,落云宗修士,你为哦,0.417,pending
00:28:05.76,42144,落云宗修士,天才小淑女,0.671,low_conf
00:28:05.76,42144,落云宗修士,玄易安,0.703,low_conf
00:28:05.76,42144,落云宗修士,最淘,0.464,pending
00:28:05.76,42144,落云宗修士,阿姨小妖怪,0.739,low_conf
00:28:05.76,42144,落云宗修士,三分流开膛手,0.658,low_conf
00:28:05.76,42144,落云宗修士,就追家,0.678,low_conf
00:28:05.76,42144,落云宗修士,你我我,0.592,pending
00:28:05.76,42144,落云宗修士,天才眼镜蛇,0.426,pending
00:28:05.76,42144,落云宗修士,玄阳岛江哥,0.665,low_conf
00:28:05.76,42144,落云宗修士,最恋量的梦,0.563,pending
00:28:05.76,42144,落云宗修士,阿巍是线笑你卡新衣,0.618,low_conf
00:28:05.76,42144,落云宗修士,三等小夏饼手,0.711,low_conf
00:28:05.76,42144,落云宗修士,你我欢！,0.564,pending
00:28:05.76,42144,落云宗修士,天才魂,0.407,pending
00:28:05.76,42144,落云宗修士,最拆的良,0.43,pending
00:28:05.76,42144,落云宗修士,jackx,0.705,low_conf
00:28:05.76,42144,落云宗修士,阿翼在,0.551,pending
00:28:05.76,42144,落云宗修士,二等女便,0.581,pending
00:28:05.76,42144,落云宗修士,居民然人家,0.531,pending
00:28:05.76,42144,落云宗修士,你喜欢！,0.725,low_conf
00:28:05.76,42144,落云宗修士,天才辉波,0.609,low_conf
00:28:05.76,42144,落云宗修士,玄阴大雄,0.605,low_conf
00:28:05.76,42144,落云宗修士,最后的轻语、,0.659,low_conf
00:28:05.76,42144,落云宗修士,Jacky 16,0.72,low_conf
00:28:05.76,42144,落云宗修士,阿颖加点盐,0.734,low_conf
00:28:05.76,42144,落云宗修士,三,0.302,pending
00:28:05.76,42144,落云宗修士,居质茶剧,0.335,pending
00:28:05.76,42144,落云宗修士,你笑眼限,0.535,pending
00:28:05.76,42144,落云宗修士,天香态的时身,0.455,pending
00:28:05.76,42144,落云宗修士,玄县族,0.479,pending
00:28:05.76,42144,落云宗修士,最后的轻调,0.727,low_conf
00:28:05.76,42144,落云宗修士,jade袭,0.605,low_conf
00:28:05.76,42144,落云宗修士,阿重加点,0.571,pending
00:28:05.76,42144,落云宗修士,居橘奎剧Ou,0.31,pending
00:28:05.76,42144,落云宗修士,你心中,0.648,low_conf
00:28:05.76,42144,落云宗修士,天草四郎时真,0.556,pending
00:28:05.76,42144,落云宗修士,玄我的身世,0.472,pending
00:28:05.76,42144,落云宗修士,阿钉针,0.428,pending
00:28:05.76,42144,落云宗修士,三哥的,0.417,pending
00:28:05.76,42144,落云宗修士,属燃,0.374,pending
00:28:05.76,42144,落云宗修士,你丫加,0.582,pending
00:28:05.76,42144,落云宗修士,天朝小贩,0.624,low_conf
00:28:05.76,42144,落云宗修士,氢美的猫,0.458,pending
00:28:05.76,42144,落云宗修士,最近不任还,0.606,low_conf
00:28:05.76,42144,落云宗修士,阿口阿十养的猫,0.69,low_conf
00:28:05.76,42144,落云宗修士,随子现,0.304,pending
00:28:05.76,42144,落云宗修士,你要吃,0.745,low_conf
00:28:05.76,42144,落云宗修士,天辰雪,0.363,pending
00:28:05.76,42144,落云宗修士,意受小雅,0.358,pending
00:28:05.76,42144,落云宗修士,最近不低调,0.659,low_conf
00:28:05.76,42144,落云宗修士,阿驾是促阿大,0.455,pending
00:28:05.76,42144,落云宗修士,二狗子麻妇,0.279,pending
00:28:05.76,42144,落云宗修士,驹来观看,0.475,pending
00:28:05.76,42144,落云宗修士,天城小磷,0.621,low_conf
00:28:05.76,42144,落云宗修士,最浪老亚,0.719,low_conf
00:28:05.76,42144,落云宗修士,三哈唯麻古,0.494,pending
00:28:05.76,42144,落云宗修士,周,0.032,pending
00:28:05.76,42144,落云宗修士,你要喝？,0.698,low_conf
00:28:05.76,42144,落云宗修士,天秤云翼,0.679,low_conf
00:28:05.76,42144,落云宗修士,旋风爆裂,0.747,low_conf
00:28:05.76,42144,落云宗修士,阿元小天使,0.628,low_conf
00:28:05.76,42144,落云宗修士,三哈用,0.597,pending
00:28:05.76,42144,落云宗修士,桔梗少年,0.747,low_conf
00:28:05.76,42144,落云宗修士,你要天,0.735,low_conf
00:28:05.76,42144,落云宗修士,天慈,0.551,pending
00:28:05.76,42144,落云宗修士,最神奇的喵喵,0.594,pending
00:28:05.76,42144,落云宗修士,三奇直的很因,0.586,pending
00:28:05.76,42144,落云宗修士,桔桔,0.34,pending
00:28:05.76,42144,落云宗修士,你也要,0.748,low_conf
00:28:05.76,42144,落云宗修士,旋转的电驴,0.726,low_conf
00:28:05.76,42144,落云宗修士,最师的小胖子Z,0.73,low_conf
00:28:05.76,42144,落云宗修士,三可真,0.462,pending
00:28:05.76,42144,落云宗修士,菊东,0.617,low_conf
00:28:05.76,42144,落云宗修士,你应该,0.651,low_conf
00:28:05.76,42144,落云宗修士,天力阿开,0.602,low_conf
00:28:05.76,42144,落云宗修士,最玩世,0.745,low_conf
00:28:05.76,42144,落云宗修士,三奎子我罗差,0.598,pending
00:28:05.76,42144,落云宗修士,菊队长结是,0.582,pending
00:28:05.76,42144,落云宗修士,你友好,0.746,low_conf
00:28:05.76,42144,落云宗修士,天道超、,0.699,low_conf
00:28:05.76,42144,落云宗修士,旋转河量,0.728,low_conf
00:28:05.76,42144,落云宗修士,三榜子我罩着,0.666,low_conf
00:28:05.76,42144,落云宗修士,你有点,0.748,low_conf
00:28:05.76,42144,落云宗修士,天道,0.652,low_conf
00:28:05.76,42144,落云宗修士,Jam书维,0.672,low_conf
00:28:05.76,42144,落云宗修士,三硫碘化钾,0.73,low_conf
00:28:05.76,42144,落云宗修士,橘橘橘橘子00,0.743,low_conf
00:28:05.76,42144,落云宗修士,你在咕,0.662,low_conf
00:28:05.76,42144,落云宗修士,天道乐逍递,0.712,low_conf
00:28:05.76,42144,落云宗修士,三马区,0.471,pending
00:28:05.76,42144,落云宗修士,你怎么,0.744,low_conf
00:28:05.76,42144,落云宗修士,你这个,0.747,low_conf
00:28:05.76,42144,落云宗修士,三萌66,0.707,low_conf
00:28:05.76,42144,落云宗修士,最终的离殊,0.7,low_conf
00:28:05.76,42144,落云宗修士,你这图,0.749,low_conf
00:28:05.76,42144,落云宗修士,醉MMY,0.702,low_conf
00:28:05.76,42144,落云宗修士,你追纸,0.71,low_conf
00:28:05.76,42144,落云宗修士,璇梓宁,0.732,low_conf
00:28:05.76,42144,落云宗修士,醉“喝哈,0.698,low_conf
00:28:05.76,42144,落云宗修士,啊啊啊LOs,0.745,low_conf
00:28:05.76,42144,落云宗修士,二歌,0.507,pending
00:28:05.76,42144,落云宗修士,橘兽,0.64,low_conf
00:28:05.76,42144,落云宗修士,你走是,0.749,low_conf
00:28:05.76,42144,落云宗修士,璇子啪,0.741,low_conf
00:28:05.76,42144,落云宗修士,醉不解干愁,0.736,low_conf
00:28:05.76,42144,落云宗修士,三乒丘購,0.476,pending
00:28:05.76,42144,落云宗修士,你最爱,0.749,low_conf
00:28:05.76,42144,落云宗修士,天方一鹤,0.716,low_conf
00:28:05.76,42144,落云宗修士,选ya,0.729,low_conf
00:28:05.76,42144,落云宗修士,醉玖柒,0.628,low_conf
00:28:05.76,42144,落云宗修士,二泉映玥,0.687,low_conf
00:28:05.76,42144,落云宗修士,你最最,0.713,low_conf
00:28:05.76,42144,落云宗修士,天非天,0.748,low_conf
00:28:05.76,42144,落云宗修士,橘纸树,0.731,low_conf
00:28:05.76,42144,落云宗修士,拟-光,0.714,low_conf
00:28:05.76,42144,落云宗修士,天赋异慕小君,0.725,low_conf
00:28:05.76,42144,落云宗修士,三三的6,0.74,low_conf
00:28:05.76,42144,落云宗修士,拟态云,0.748,low_conf
00:28:05.76,42144,落云宗修士,天罡,0.576,pending
00:28:05.76,42144,落云宗修士,三师熊,0.641,low_conf
00:28:05.76,42144,落云宗修士,旋,0.322,pending
00:28:09.44,42236,落云宗修士,啊动动,0.737,low_conf
00:28:09.44,42236,落云宗修士,三氧画一,0.707,low_conf
00:28:09.44,42236,落云宗修士,昵称真,0.746,low_conf
00:28:09.44,42236,落云宗修士,贰大的,0.728,low_conf
00:28:09.44,42236,落云宗修士,逆风的,0.69,low_conf
00:28:09.44,42236,落云宗修士,薛定调的狗ovo,0.659,low_conf
00:28:09.44,42236,落云宗修士,贰两心,0.711,low_conf
00:28:09.44,42236,落云宗修士,逆过十,0.504,pending
00:28:09.44,42236,落云宗修士,天剑亦非天,0.749,low_conf
00:28:09.44,42236,落云宗修士,啊哈啰啰啰啰,0.721,low_conf
00:28:09.44,42236,落云宗修士,贰柒影视,0.717,low_conf
00:28:09.44,42236,落云宗修士,逆卷零,0.63,low_conf
00:28:09.44,42236,落云宗修士,天将丽裂,0.697,low_conf
00:28:09.44,42236,落云宗修士,贰式小子,0.692,low_conf
00:28:09.44,42236,落云宗修士,逆麟的,0.61,low_conf
00:28:09.44,42236,落云宗修士,天降逆蝶,0.687,low_conf
00:28:09.44,42236,落云宗修士,薛喵咪,0.74,low_conf
00:28:09.44,42236,落云宗修士,贰肆壹参,0.679,low_conf
00:28:09.44,42236,落云宗修士,逆旅04,0.675,low_conf
00:28:09.44,42236,落云宗修士,天降天伟,0.573,pending
00:28:09.44,42236,落云宗修士,Je,0.439,pending
00:28:09.44,42236,落云宗修士,啊淑如风,0.542,pending
00:28:09.44,42236,落云宗修士,逆旅然,0.73,low_conf
00:28:09.44,42236,落云宗修士,天隆阳光,0.564,pending
00:28:09.44,42236,落云宗修士,醉卧温柔鄉,0.728,low_conf
00:28:09.44,42236,落云宗修士,Jc-江晨,0.696,low_conf
00:28:09.44,42236,落云宗修士,举个栗子球DU,0.741,low_conf
00:28:09.44,42236,落云宗修士,逆旅行,0.734,low_conf
00:28:09.44,42236,落云宗修士,醉乡浸柔,0.605,low_conf
00:28:09.44,42236,落云宗修士,ic猫士层,0.515,pending
00:28:09.44,42236,落云宗修士,啊啦呦喂,0.588,pending
00:28:09.44,42236,落云宗修士,发呆的阿木,0.736,low_conf
00:28:09.44,42236,落云宗修士,举个小橘子,0.734,low_conf
00:28:09.44,42236,落云宗修士,逆生长,0.527,pending
00:28:09.44,42236,落云宗修士,天空的缝隙,0.613,low_conf
00:28:09.44,42236,落云宗修士,J猫小树林,0.678,low_conf
00:28:09.44,42236,落云宗修士,举身赴清汤,0.739,low_conf
00:28:09.44,42236,落云宗修士,逆生,0.273,pending
00:28:09.44,42236,落云宗修士,天空晴,0.548,pending
00:28:09.44,42236,落云宗修士,学海落室,0.719,low_conf
00:28:09.44,42236,落云宗修士,醉血风铃,0.705,low_conf
00:28:09.44,42236,落云宗修士,didbnak,0.466,pending
00:28:09.44,42236,落云宗修士,啊路泥,0.666,low_conf
00:28:09.44,42236,落云宗修士,发某星球使者,0.723,low_conf
00:28:09.44,42236,落云宗修士,大的胖虎,0.65,low_conf
00:28:09.44,42236,落云宗修士,逆水槽,0.533,pending
00:28:09.44,42236,落云宗修士,天空下的云朵、,0.711,low_conf
00:28:09.44,42236,落云宗修士,学鲜,0.578,pending
00:28:09.44,42236,落云宗修士,醉意五行拳,0.706,low_conf
00:28:09.44,42236,落云宗修士,idienddk,0.648,low_conf
00:28:09.44,42236,落云宗修士,啊峨我是,0.679,low_conf
00:28:09.44,42236,落云宗修士,发果的水母,0.65,low_conf
00:28:09.44,42236,落云宗修士,巨食用关,0.422,pending
00:28:09.44,42236,落云宗修士,逆行楼,0.54,pending
00:28:09.44,42236,落云宗修士,天至一的朵rah,0.502,pending
00:28:09.44,42236,落云宗修士,啊优哦啥,0.55,pending
00:28:09.44,42236,落云宗修士,发福兄弟,0.57,pending
00:28:09.44,42236,落云宗修士,巨可怕,0.408,pending
00:28:09.44,42236,落云宗修士,逆行有,0.518,pending
00:28:09.44,42236,落云宗修士,学生1,0.507,pending
00:28:09.44,42236,落云宗修士,醉从段风雪ZC,0.57,pending
00:28:09.44,42236,落云宗修士,Jaw308,0.316,pending
00:28:09.44,42236,落云宗修士,啊传哦学,0.494,pending
00:28:09.44,42236,落云宗修士,爱红小苹果,0.605,low_conf
00:28:09.44,42236,落云宗修士,巨坑兔头,0.686,low_conf
00:28:09.44,42236,落云宗修士,逆魅,0.399,pending
00:28:09.44,42236,落云宗修士,天潮摄包,0.432,pending
00:28:09.44,42236,落云宗修士,学身1117,0.712,low_conf
00:28:09.44,42236,落云宗修士,尊嘟超好吃,0.65,low_conf
00:28:09.44,42236,落云宗修士,dw08,0.377,pending
00:28:09.44,42236,落云宗修士,啊光语,0.366,pending
00:28:09.44,42236,落云宗修士,发货撒回复,0.703,low_conf
00:28:09.44,42236,落云宗修士,拒绝来电嘀嘀,0.654,low_conf
00:28:09.44,42236,落云宗修士,逆转屋,0.53,pending
00:28:09.44,42236,落云宗修士,天测量,0.178,pending
00:28:09.44,42236,落云宗修士,雕嘟骗舞如芒在背,0.546,pending
00:28:09.44,42236,落云宗修士,iae,0.32,pending
00:28:09.44,42236,落云宗修士,啊取语名字好烦,0.714,low_conf
00:28:09.44,42236,落云宗修士,发克教大克,0.329,pending
00:28:09.44,42236,落云宗修士,拒绝柔敏的惠，,0.543,pending
00:28:09.44,42236,落云宗修士,逆转径,0.519,pending
00:28:09.44,42236,落云宗修士,天雷主胺邪,0.291,pending
00:28:09.44,42236,落云宗修士,学习更峰好精样,0.493,pending
00:28:09.44,42236,落云宗修士,昨天猫软,0.26,pending
00:28:09.44,42236,落云宗修士,Jefdon,0.596,pending
00:28:09.44,42236,落云宗修士,啊敏个各字好烦,0.514,pending
00:28:09.44,42236,落云宗修士,发酵的黄豆,0.743,low_conf
00:28:09.44,42236,落云宗修士,拒泽,0.138,pending
00:28:09.44,42236,落云宗修士,医名,0.363,pending
00:28:09.44,42236,落云宗修士,天麗主群邪,0.395,pending
00:28:09.44,42236,落云宗修士,学习哦好快乐hh,0.59,pending
00:28:09.44,42236,落云宗修士,Jef4ery,0.744,low_conf
00:28:09.44,42236,落云宗修士,啊透喜欢,0.536,pending
00:28:09.44,42236,落云宗修士,发的梦,0.377,pending
00:28:09.44,42236,落云宗修士,剧清无比,0.549,pending
00:28:09.44,42236,落云宗修士,医名用,0.563,pending
00:28:09.44,42236,落云宗修士,天禄修南山,0.424,pending
00:28:09.44,42236,落云宗修士,学习硬我膚,0.408,pending
00:28:09.44,42236,落云宗修士,昨天钢荐源来,0.388,pending
00:28:09.44,42236,落云宗修士,啊诀啡嘴呱呱,0.436,pending
00:28:09.44,42236,落云宗修士,甜霉无比医,0.298,pending
00:28:09.44,42236,落云宗修士,魔迎源,0.167,pending
00:28:09.44,42236,落云宗修士,天鸟悠南山,0.63,low_conf
00:28:09.44,42236,落云宗修士,学习題的麗习日常,0.638,low_conf
00:28:09.44,42236,落云宗修士,雕大现准,0.444,pending
00:28:09.44,42236,落云宗修士,Jeff4ry,0.743,low_conf
00:28:09.44,42236,落云宗修士,啊哇峰情呱呱,0.575,pending
00:28:09.44,42236,落云宗修士,发格的院,0.42,pending
00:28:09.44,42236,落云宗修士,此医,0.051,pending
00:28:09.44,42236,落云宗修士,清心,0.298,pending
00:28:09.44,42236,落云宗修士,天明神n,0.414,pending
00:28:09.44,42236,落云宗修士,学习鸭的球,0.501,pending
00:28:09.44,42236,落云宗修士,睢爽的爆花真是。,0.552,pending
00:28:09.44,42236,落云宗修士,Jefflvan,0.711,low_conf
00:28:09.44,42236,落云宗修士,啊伟修身记色,0.739,low_conf
00:28:09.44,42236,落云宗修士,发,0.19,pending
00:28:09.44,42236,落云宗修士,聚乐部客,0.584,pending
00:28:09.44,42236,落云宗修士,溺水身,0.494,pending
00:28:09.44,42236,落云宗修士,天命神话工,0.637,low_conf
00:28:09.44,42236,落云宗修士,头,0.084,pending
00:28:09.44,42236,落云宗修士,昨筱的烟花真是一,0.744,low_conf
00:28:09.44,42236,落云宗修士,Jefflk in,0.656,low_conf
00:28:09.44,42236,落云宗修士,啊蜗鹅一屋鱼,0.733,low_conf
00:28:09.44,42236,落云宗修士,爱身的,0.493,pending
00:28:09.44,42236,落云宗修士,聚书阻息,0.386,pending
00:28:09.44,42236,落云宗修士,溺水在,0.538,pending
00:28:09.44,42236,落云宗修士,左前买专脚之原地升,0.63,low_conf
00:28:09.44,42236,落云宗修士,袭时树下的超财猫,0.736,low_conf
00:28:09.44,42236,落云宗修士,聚人同,0.557,pending
00:28:09.44,42236,落云宗修士,溺心流,0.513,pending
00:28:09.44,42236,落云宗修士,天魔乱舞,0.727,low_conf
00:28:09.44,42236,落云宗修士,学校小买铺胺,0.647,low_conf
00:28:09.44,42236,落云宗修士,左脚踩右,0.516,pending
00:28:09.44,42236,落云宗修士,ielxxx,0.659,low_conf
00:28:09.44,42236,落云宗修士,發财树,0.518,pending
00:28:09.44,42236,落云宗修士,腻红啦,0.7,low_conf
00:28:09.44,42236,落云宗修士,天母哥布林,0.707,low_conf
00:28:09.44,42236,落云宗修士,学医的,0.671,low_conf
00:28:09.44,42236,落云宗修士,左都猫舍贝,0.437,pending
00:28:09.44,42236,落云宗修士,没发请现身,0.45,pending
00:28:09.44,42236,落云宗修士,卷卷的采心,0.684,low_conf
00:28:09.44,42236,落云宗修士,腻红色,0.726,low_conf
00:28:09.44,42236,落云宗修士,雪,0.377,pending
00:28:09.44,42236,落云宗修士,左林杰,0.457,pending
00:28:09.44,42236,落云宗修士,啊呜啊呜小脑斧,0.748,low_conf
00:28:09.44,42236,落云宗修士,括朵薇,0.606,low_conf
00:28:09.44,42236,落云宗修士,雪白如炭,0.611,low_conf
00:28:09.44,42236,落云宗修士,左那米,0.685,low_conf
00:28:09.44,42236,落云宗修士,啊鸣几,0.599,pending
00:28:09.44,42236,落云宗修士,法法道发,0.655,low_conf
00:28:09.44,42236,落云宗修士,括花笑,0.6,low_conf
00:28:09.44,42236,落云宗修士,左凝右梅,0.721,low_conf
00:28:09.44,42236,落云宗修士,啊呜呜呜呜鸣呜呜啊,0.706,low_conf
00:28:09.44,42236,落云宗修士,法画拖拉机,0.718,low_conf
00:28:09.44,42236,落云宗修士,卷卷与喵喵,0.744,low_conf
00:28:09.44,42236,落云宗修士,括花指,0.611,low_conf
00:28:09.44,42236,落云宗修士,雪代营,0.674,low_conf
00:28:09.44,42236,落云宗修士,法号平干,0.564,pending
00:28:09.44,42236,落云宗修士,年华慢,0.74,low_conf
00:28:09.44,42236,落云宗修士,天南第一修,0.706,low_conf
00:28:09.44,42236,落云宗修士,啊丫喂,0.743,low_conf
00:28:09.44,42236,落云宗修士,法律光辉,0.713,low_conf
00:28:09.44,42236,落云宗修士,倦何卷,0.651,low_conf
00:28:09.44,42236,落云宗修士,雪儿美飞,0.747,low_conf
00:28:09.44,42236,落云宗修士,左星舟,0.719,low_conf
00:28:09.44,42236,落云宗修士,年年结,0.749,low_conf
00:28:09.44,42236,落云宗修士,雪是个为常,0.393,pending
00:28:13.12,42328,落云宗修士,年终岁,0.741,low_conf
00:28:13.12,42328,落云宗修士,帆心点点丶,0.705,low_conf
00:28:13.12,42328,落云宗修士,绝版摩,0.667,low_conf
00:28:13.12,42328,落云宗修士,黏人喵,0.734,low_conf
00:28:13.12,42328,落云宗修士,雪黎上,0.609,low_conf
00:28:13.12,42328,落云宗修士,甘参声,0.55,pending
00:28:13.12,42328,落云宗修士,中世Ni,0.716,low_conf
00:28:13.12,42328,落云宗修士,念茶_,0.615,low_conf
00:28:13.12,42328,落云宗修士,雪落魂磅,0.653,low_conf
00:28:13.12,42328,落云宗修士,佐呐鼬鼬鼬-,0.747,low_conf
00:28:13.12,42328,落云宗修士,绝界教徒,0.708,low_conf
00:28:13.12,42328,落云宗修士,念皇不,0.748,low_conf
00:28:13.12,42328,落云宗修士,念落珊,0.749,low_conf
00:28:13.12,42328,落云宗修士,"Jesuit,W",0.651,low_conf
00:28:13.12,42328,落云宗修士,念南11(,0.716,low_conf
00:28:13.12,42328,落云宗修士,雪泥,0.648,low_conf
00:28:13.12,42328,落云宗修士,Jexxxx,0.707,low_conf
00:28:13.12,42328,落云宗修士,念念念,0.721,low_conf
00:28:13.12,42328,落云宗修士,天氣很好今天,0.728,low_conf
00:28:13.12,42328,落云宗修士,哎呦吃嘛嘛香,0.747,low_conf
00:28:13.12,42328,落云宗修士,绝味豆,0.668,low_conf
00:28:13.12,42328,落云宗修士,念栖,0.663,low_conf
00:28:13.12,42328,落云宗修士,雪青蓝,0.742,low_conf
00:28:13.12,42328,落云宗修士,绝息亚索,0.698,low_conf
00:28:13.12,42328,落云宗修士,念书念,0.732,low_conf
00:28:13.12,42328,落云宗修士,念水,0.635,low_conf
00:28:13.12,42328,落云宗修士,天清有雨,0.746,low_conf
00:28:13.12,42328,落云宗修士,雪上行处,0.665,low_conf
00:28:13.12,42328,落云宗修士,坐垫儿,0.704,low_conf
00:28:13.12,42328,落云宗修士,袁妄,0.554,pending
00:28:13.12,42328,落云宗修士,念苏,0.664,low_conf
00:28:13.12,42328,落云宗修士,天然呆呆月,0.677,low_conf
00:28:13.12,42328,落云宗修士,念头xn,0.667,low_conf
00:28:13.12,42328,落云宗修士,iaia0041,0.708,low_conf
00:28:13.12,42328,落云宗修士,偏强的洪子,0.701,low_conf
00:28:13.12,42328,落云宗修士,念头通,0.618,low_conf
00:28:13.12,42328,落云宗修士,天然内卷,0.749,low_conf
00:28:13.12,42328,落云宗修士,雪丸,0.647,low_conf
00:28:13.12,42328,落云宗修士,艾Ai清风,0.737,low_conf
00:28:13.12,42328,落云宗修士,翻一车,0.662,low_conf
00:28:13.12,42328,落云宗修士,佩强小兔,0.651,low_conf
00:28:13.12,42328,落云宗修士,天若依人,0.616,low_conf
00:28:13.12,42328,落云宗修士,崛尺,0.64,low_conf
00:28:13.12,42328,落云宗修士,念买通,0.592,pending
00:28:13.12,42328,落云宗修士,天整破空,0.673,low_conf
00:28:13.12,42328,落云宗修士,JianLYD,0.712,low_conf
00:28:13.12,42328,落云宗修士,凡天人多,0.44,pending
00:28:13.12,42328,落云宗修士,爵儒,0.408,pending
00:28:13.12,42328,落云宗修士,念头通,0.581,pending
00:28:13.12,42328,落云宗修士,天山的童姥,0.689,low_conf
00:28:13.12,42328,落云宗修士,艾比,0.329,pending
00:28:13.12,42328,落云宗修士,爵夜,0.599,pending
00:28:13.12,42328,落云宗修士,天扇肌爱吃瑶柱,0.639,low_conf
00:28:13.12,42328,落云宗修士,雪夜魅,0.661,low_conf
00:28:13.12,42328,落云宗修士,嚼葛根,0.63,low_conf
00:28:13.12,42328,落云宗修士,天界,0.365,pending
00:28:13.12,42328,落云宗修士,雪尖Sherry,0.722,low_conf
00:28:13.12,42328,落云宗修士,艾尔中,0.385,pending
00:28:13.12,42328,落云宗修士,念头通,0.666,low_conf
00:28:13.12,42328,落云宗修士,雪映倾城,0.673,low_conf
00:28:13.12,42328,落云宗修士,做人还是低调些,0.703,low_conf
00:28:13.12,42328,落云宗修士,jield,0.507,pending
00:28:13.12,42328,落云宗修士,艾尔文BOSS,0.709,low_conf
00:28:13.12,42328,落云宗修士,军令如山爱自司,0.632,low_conf
00:28:13.12,42328,落云宗修士,天上滑凉粉,0.674,low_conf
00:28:13.12,42328,落云宗修士,雪雍赛楼,0.468,pending
00:28:13.12,42328,落云宗修士,做我的猫1990,0.731,low_conf
00:28:13.12,42328,落云宗修士,Jiex,0.537,pending
00:28:13.12,42328,落云宗修士,艾尔文、Y头,0.595,pending
00:28:13.12,42328,落云宗修士,军娘和子,0.728,low_conf
00:28:13.12,42328,落云宗修士,天生小原,0.624,low_conf
00:28:13.12,42328,落云宗修士,雪零,0.352,pending
00:28:13.12,42328,落云宗修士,做鸭少年,0.498,pending
00:28:13.12,42328,落云宗修士,JiEangBOY,0.717,low_conf
00:28:13.12,42328,落云宗修士,艾长,0.233,pending
00:28:13.12,42328,落云宗修士,凡人不风如箭离弦,0.656,low_conf
00:28:13.12,42328,落云宗修士,手缩利,0.206,pending
00:28:13.12,42328,落云宗修士,念头通,0.703,low_conf
00:28:13.12,42328,落云宗修士,雪原的小兔,0.607,low_conf
00:28:13.12,42328,落云宗修士,酸鸭,0.222,pending
00:28:13.12,42328,落云宗修士,jifangBOY,0.623,low_conf
00:28:13.12,42328,落云宗修士,支克舰长期,0.367,pending
00:28:13.12,42328,落云宗修士,凡人不是难→们是最,0.669,low_conf
00:28:13.12,42328,落云宗修士,看不知,0.339,pending
00:28:13.12,42328,落云宗修士,天生载材元,0.355,pending
00:28:13.12,42328,落云宗修士,雪原素,0.344,pending
00:28:13.12,42328,落云宗修士,埃焱卷沐植莱苗兹,0.477,pending
00:28:13.12,42328,落云宗修士,jimm,0.555,pending
00:28:13.12,42328,落云宗修士,艾拉酷湿,0.706,low_conf
00:28:13.12,42328,落云宗修士,凡人陈支,0.587,pending
00:28:13.12,42328,落云宗修士,看不和一,0.383,pending
00:28:13.12,42328,落云宗修士,天师济元,0.405,pending
00:28:13.12,42328,落云宗修士,雪月清洲,0.356,pending
00:28:13.12,42328,落云宗修士,陈港,0.127,pending
00:28:13.12,42328,落云宗修士,ind,0.479,pending
00:28:13.12,42328,落云宗修士,艾拉超绝卡哇伊,0.579,pending
00:28:13.12,42328,落云宗修士,念买通,0.559,pending
00:28:13.12,42328,落云宗修士,天使爱米粒,0.659,low_conf
00:28:13.12,42328,落云宗修士,雪月玲珑,0.645,low_conf
00:28:13.12,42328,落云宗修士,部染,0.387,pending
00:28:13.12,42328,落云宗修士,艾利连车,0.467,pending
00:28:13.12,42328,落云宗修士,凡人危距1,0.461,pending
00:28:13.12,42328,落云宗修士,看家的你伴,0.534,pending
00:28:13.12,42328,落云宗修士,念跟通,0.491,pending
00:28:13.12,42328,落云宗修士,天使爱粒,0.62,low_conf
00:28:13.12,42328,落云宗修士,雪层依,0.294,pending
00:28:13.12,42328,落云宗修士,0,0.134,pending
00:28:13.12,42328,落云宗修士,JING 022,0.73,low_conf
00:28:13.12,42328,落云宗修士,艾利斯,0.585,pending
00:28:13.12,42328,落云宗修士,凡人粉成小姐,0.707,low_conf
00:28:13.12,42328,落云宗修士,看春,0.443,pending
00:28:13.12,42328,落云宗修士,念小忆,0.641,low_conf
00:28:13.12,42328,落云宗修士,天便打灰机,0.696,low_conf
00:28:13.12,42328,落云宗修士,箱,0.087,pending
00:28:13.12,42328,落云宗修士,880,0.338,pending
00:28:13.12,42328,落云宗修士,jing: 7474,0.698,low_conf
00:28:13.12,42328,落云宗修士,艾璐姐耶格儿,0.681,low_conf
00:28:13.12,42328,落云宗修士,凡人粉,0.702,low_conf
00:28:13.12,42328,落云宗修士,看菱,0.202,pending
00:28:13.12,42328,落云宗修士,念二席,0.415,pending
00:28:13.12,42328,落云宗修士,天便凯奈特,0.661,low_conf
00:28:13.12,42328,落云宗修士,電之弦理,0.48,pending
00:28:13.12,42328,落云宗修士,8880,0.369,pending
00:28:16.80,42420,落云宗修士,jinG,0.627,low_conf
00:28:16.80,42420,落云宗修士,艾米菱,0.746,low_conf
00:28:16.80,42420,落云宗修士,娘口三,0.739,low_conf
00:28:16.80,42420,落云宗修士,娘娘您,0.724,low_conf
00:28:16.80,42420,落云宗修士,君王策,0.732,low_conf
00:28:16.80,42420,落云宗修士,鸟笼20,0.716,low_conf
00:28:16.80,42420,落云宗修士,天堂翎,0.748,low_conf
00:28:16.80,42420,落云宗修士,血罹绎,0.61,low_conf
00:28:16.80,42420,落云宗修士,(白棋,0.514,pending
00:28:16.80,42420,落云宗修士,ju樽,0.7,low_conf
00:28:16.80,42420,落云宗修士,君曦君,0.726,low_conf
00:28:16.80,42420,落云宗修士,鸟笼笼,0.646,low_conf
00:28:16.80,42420,落云宗修士,)懒喵,0.566,pending
00:28:16.80,42420,落云宗修士,君の,0.567,pending
00:28:16.80,42420,落云宗修士,鸟脑袋,0.532,pending
00:28:16.80,42420,落云宗修士,"""楠溪亭月丶",0.588,pending
00:28:16.80,42420,落云宗修士,君心,0.666,low_conf
00:28:16.80,42420,落云宗修士,裳裳烟,0.6,low_conf
00:28:16.80,42420,落云宗修士,恤或花绒,0.619,low_conf
00:28:16.80,42420,落云宗修士,y,0.255,pending
00:28:16.80,42420,落云宗修士,捏捏吖,0.741,low_conf
00:28:16.80,42420,落云宗修士,天天的蓝丶,0.671,low_conf
00:28:16.80,42420,落云宗修士,书FF,0.542,pending
00:28:16.80,42420,落云宗修士,jml-,0.659,low_conf
00:28:16.80,42420,落云宗修士,捏先森,0.749,low_conf
00:28:16.80,42420,落云宗修士,熏熏不寻季,0.749,low_conf
00:28:16.80,42420,落云宗修士,扮姬棣方。,0.685,low_conf
00:28:16.80,42420,落云宗修士,涅雷亚,0.743,low_conf
00:28:16.80,42420,落云宗修士,天天十三么,0.656,low_conf
00:28:16.80,42420,落云宗修士,艾晓鸥,0.749,low_conf
00:28:16.80,42420,落云宗修士,涅辛之,0.714,low_conf
00:28:16.80,42420,落云宗修士,加妙,0.541,pending
00:28:16.80,42420,落云宗修士,jk军,0.513,pending
00:28:16.80,42420,落云宗修士,艾苏迪西,0.612,low_conf
00:28:16.80,42420,落云宗修士,您拨打,0.654,low_conf
00:28:16.80,42420,落云宗修士,-の本,0.615,low_conf
00:28:16.80,42420,落云宗修士,J利,0.606,low_conf
00:28:16.80,42420,落云宗修士,您的快,0.749,low_conf
00:28:16.80,42420,落云宗修士,0,0.289,pending
00:28:16.80,42420,落云宗修士,菌尘吖,0.733,low_conf
00:28:16.80,42420,落云宗修士,宁到底,0.745,low_conf
00:28:16.80,42420,落云宗修士,爱-爱文,0.69,low_conf
00:28:16.80,42420,落云宗修士,菌南啊,0.634,low_conf
00:28:16.80,42420,落云宗修士,-宁静的,0.693,low_conf
00:28:16.80,42420,落云宗修士,天未来依,0.744,low_conf
00:28:16.80,42420,落云宗修士,寻天乐,0.747,low_conf
00:28:16.80,42420,落云宗修士,俊个丽,0.746,low_conf
00:28:16.80,42420,落云宗修士,宁静的,0.745,low_conf
00:28:16.80,42420,落云宗修士,天问Mike,0.722,low_conf
00:28:16.80,42420,落云宗修士,寻夏秋,0.745,low_conf
00:28:16.80,42420,落云宗修士,天无真邪,0.74,low_conf
00:28:16.80,42420,落云宗修士,材,0.498,pending
00:28:16.80,42420,落云宗修士,俊朗,0.662,low_conf
00:28:16.80,42420,落云宗修士,宁均,0.655,low_conf
00:28:16.80,42420,落云宗修士,宁尚川,0.662,low_conf
00:28:16.80,42420,落云宗修士,天下梦客,0.642,low_conf
00:28:16.80,42420,落云宗修士,寻找小小,0.748,low_conf
00:28:16.80,42420,落云宗修士,_Zakuro,0.748,low_conf
00:28:16.80,42420,落云宗修士,宁-神,0.746,low_conf
00:28:16.80,42420,落云宗修士,天下青岚,0.709,low_conf
00:28:16.80,42420,落云宗修士,巡年2,0.656,low_conf
00:28:16.80,42420,落云宗修士,--Joel.,0.572,pending
00:28:16.80,42420,落云宗修士,骏奕伦,0.722,low_conf
00:28:16.80,42420,落云宗修士,宁省,0.662,low_conf
00:28:16.80,42420,落云宗修士,天下神器,0.698,low_conf
00:28:16.80,42420,落云宗修士,珺_Z℃_玥,0.661,low_conf
00:28:16.80,42420,落云宗修士,宁兴ag,0.701,low_conf
00:28:16.80,42420,落云宗修士,天下太平,0.656,low_conf
00:28:16.80,42420,落云宗修士,淘計,0.391,pending
00:28:16.80,42420,落云宗修士,海,0.481,pending
00:28:16.80,42420,落云宗修士,Joeypp!,0.677,low_conf
00:28:16.80,42420,落云宗修士,凡生2Z,0.624,low_conf
00:28:16.80,42420,落云宗修士,珺七七,0.652,low_conf
00:28:16.80,42420,落云宗修士,宁德公,0.645,low_conf
00:28:16.80,42420,落云宗修士,浔泓,0.511,pending
00:28:16.80,42420,落云宗修士,安才,0.348,pending
00:28:16.80,42420,落云宗修士,鸡,0.184,pending
00:28:16.80,42420,落云宗修士,宁紫,0.652,low_conf
00:28:16.80,42420,落云宗修士,萄,0.182,pending
00:28:16.80,42420,落云宗修士,50名酱,0.419,pending
00:28:16.80,42420,落云宗修士,Johezy,0.593,pending
00:28:16.80,42420,落云宗修士,荀令飞,0.59,pending
00:28:16.80,42420,落云宗修士,JCoco,0.504,pending
00:28:16.80,42420,落云宗修士,咔咔c咕,0.684,low_conf
00:28:16.80,42420,落云宗修士,柠大爷,0.541,pending
00:28:16.80,42420,落云宗修士,天香菲儿,0.614,low_conf
00:28:16.80,42420,落云宗修士,葡思妄,0.476,pending
00:28:16.80,42420,落云宗修士,呆只乐,0.144,pending
00:28:16.80,42420,落云宗修士,柠海洋,0.677,low_conf
00:28:16.80,42420,落云宗修士,天箫尘,0.282,pending
00:28:16.80,42420,落云宗修士,寻SY,0.488,pending
00:28:16.80,42420,落云宗修士,EC由是个心,0.471,pending
00:28:16.80,42420,落云宗修士,Jonsno,0.55,pending
00:28:16.80,42420,落云宗修士,爱吃海苷的苔海,0.71,low_conf
00:28:16.80,42420,落云宗修士,凡星,0.638,low_conf
00:28:16.80,42420,落云宗修士,咔咔咔嗪啦啦,0.69,low_conf
00:28:16.80,42420,落云宗修士,行海法,0.227,pending
00:28:16.80,42420,落云宗修士,天需道像,0.667,low_conf
00:28:16.80,42420,落云宗修士,咖啡杯墨别放精,0.673,low_conf
00:28:16.80,42420,落云宗修士,柠摄爱,0.401,pending
00:28:16.80,42420,落云宗修士,天小线宝,0.576,pending
00:28:16.80,42420,落云宗修士,循光,0.532,pending
00:28:16.80,42420,落云宗修士,003,0.271,pending
00:28:16.80,42420,落云宗修士,爱吃豚石,0.62,low_conf
00:28:16.80,42420,落云宗修士,凡宴,0.387,pending
00:28:16.80,42420,落云宗修士,柠檬发,0.448,pending
00:28:16.80,42420,落云宗修士,天蜴李李木,0.552,pending
00:28:16.80,42420,落云宗修士,迅猛的西瓜,0.719,low_conf
00:28:16.80,42420,落云宗修士,JoJosens,0.431,pending
00:28:16.80,42420,落云宗修士,柠檬公,0.451,pending
00:28:16.80,42420,落云宗修士,健力,0.235,pending
00:28:20.48,42512,落云宗修士,柠檬苏,0.745,low_conf
00:28:20.48,42512,落云宗修士,丫仔爱98,0.728,low_conf
00:28:20.48,42512,落云宗修士,柠檬酸,0.731,low_conf
00:28:20.48,42512,落云宗修士,繁华_Z7,0.599,pending
00:28:20.48,42512,落云宗修士,天选青梅,0.74,low_conf
00:28:20.48,42512,落云宗修士,柠檬透,0.747,low_conf
00:28:20.48,42512,落云宗修士,繁华若叶,0.737,low_conf
00:28:20.48,42512,落云宗修士,卡“卡“西,0.599,pending
00:28:20.48,42512,落云宗修士,柠檬味,0.748,low_conf
00:28:20.48,42512,落云宗修士,天雪清尘,0.747,low_conf
00:28:20.48,42512,落云宗修士,吖咯亿滋,0.735,low_conf
00:28:20.48,42512,落云宗修士,の秀,0.638,low_conf
00:28:20.48,42512,落云宗修士,卡布叻の,0.744,low_conf
00:28:20.48,42512,落云宗修士,×白沐沐义,0.581,pending
00:28:20.48,42512,落云宗修士,柠檬物,0.747,low_conf
00:28:20.48,42512,落云宗修士,天涯hj16,0.666,low_conf
00:28:20.48,42512,落云宗修士,吖吖吖-木,0.707,low_conf
00:28:20.48,42512,落云宗修士,义留白,0.605,low_conf
00:28:20.48,42512,落云宗修士,卡大门#,0.633,low_conf
00:28:20.48,42512,落云宗修士,柠檬下,0.673,low_conf
00:28:20.48,42512,落云宗修士,吖吖玥,0.702,low_conf
00:28:20.48,42512,落云宗修士,屯屯_MOMO,0.741,low_conf
00:28:20.48,42512,落云宗修士,予安,0.66,low_conf
00:28:20.48,42512,落云宗修士,卡黑,0.663,low_conf
00:28:20.48,42512,落云宗修士,天一宁雪,0.699,low_conf
00:28:20.48,42512,落云宗修士,-,0.254,pending
00:28:20.48,42512,落云宗修士,鸭孵卵,0.734,low_conf
00:28:20.48,42512,落云宗修士,中魔曦由,0.562,pending
00:28:20.48,42512,落云宗修士,鸭老魔,0.746,low_conf
00:28:20.48,42512,落云宗修士,爱吃鱼,0.748,low_conf
00:28:20.48,42512,落云宗修士,鸭胸,0.633,low_conf
00:28:20.48,42512,落云宗修士,5,0.263,pending
00:28:20.48,42512,落云宗修士,繁-渊,0.71,low_conf
00:28:20.48,42512,落云宗修士,繁臻,0.661,low_conf
00:28:20.48,42512,落云宗修士,A,0.178,pending
00:28:20.48,42512,落云宗修士,大,0.204,pending
